!FRM4SOC_CP
!ANGDATA
# angular responsivity characterization results

# comments start with # (ignored by the processor)
# no empty lines between the parameter signatures in [] and the parameter values
# parameters are case insensitive
# parameters can be inserted in any order, except the first two signatures
# columns are tab- or space-delimited

[VERSION]
0.1

[CALDATE]
2026-03-19 10:32:06

[CALLAB]
Tartu Observatory

[USER]
Ilmar Ansko

[DEVICE]
SAM_8727

[AMBIENT_TEMP]
21.0

[DEVICE_TEMP]
23.00

[AZIMUTH_ANGLE]
0

[COLUMN_NAMES]
px	wl\angle	-90.00	-85.00	-80.00	-75.00	-70.00	-65.00	-60.00	-55.00	-50.00	-45.00	-40.00	-35.00	-30.00	-25.00	-20.00	-17.50	-15.00	-12.50	-10.00	-7.50	-5.00	-2.50	0.00	2.50	5.00	7.50	10.00	12.50	15.00	17.50	20.00	25.00	30.00	35.00	40.00	45.00	50.00	55.00	60.00	65.00	70.00	75.00	80.00	85.00	90.00

[COSERROR]
0	302.55	3.00	3.00	3.00	3.00	3.00	3.00	3.00	3.00	3.00	3.00	3.00	3.00	3.00	3.00	3.00	3.00	3.00	3.00	3.00	3.00	3.00	3.00	3.00	3.00	3.00	3.00	3.00	3.00	3.00	3.00	3.00	3.00	3.00	3.00	3.00	3.00	3.00	3.00	3.00	3.00	3.00	3.00	3.00	3.00	3.00
1	305.87	25.62	25.62	5.46	3.70	2.40	1.36	0.67	2.51	1.85	2.61	2.46	1.22	1.72	1.41	1.39	1.55	1.67	1.17	1.73	1.57	0.73	0.90	0.00	0.99	0.94	0.92	1.42	0.75	1.35	0.57	1.02	0.66	0.57	-0.30	-0.18	0.55	0.56	-0.09	0.00	1.66	-0.38	2.21	6.16	24.23	24.23
2	309.19	20.22	20.22	5.08	-0.04	2.51	1.07	0.73	2.02	2.00	1.16	0.78	0.99	1.05	0.84	0.61	0.52	1.00	0.39	0.20	0.32	0.64	-0.31	0.00	-0.09	0.46	0.31	0.67	0.37	0.98	0.53	0.74	0.41	0.15	0.04	0.69	0.07	-0.23	0.41	0.05	-0.24	0.59	0.63	1.27	22.30	22.30
3	312.52	24.22	24.22	2.69	2.53	1.16	1.58	1.26	2.35	2.17	1.14	1.23	0.49	0.94	1.12	0.53	0.72	0.83	0.80	0.48	0.36	0.26	0.33	0.00	0.27	0.28	0.60	1.02	0.64	1.06	0.76	0.98	0.78	0.61	0.31	0.51	-0.25	0.72	0.55	0.81	0.32	0.35	-0.88	3.14	21.52	21.52
4	315.84	27.55	27.55	4.62	1.68	1.61	1.88	2.16	1.85	2.04	1.64	1.52	1.40	1.06	1.30	1.33	1.05	1.06	1.26	1.06	0.79	0.90	0.67	0.00	0.40	0.45	1.10	1.02	1.06	1.31	0.91	0.75	0.62	0.51	0.44	0.38	0.42	0.59	0.46	0.20	0.38	-0.25	-0.06	2.16	17.17	17.17
5	319.17	23.88	23.88	4.42	2.42	1.75	1.60	1.79	1.71	1.91	1.62	1.46	1.26	0.96	1.13	0.90	0.76	0.82	0.54	0.76	0.58	0.43	0.18	0.00	0.23	0.39	0.66	0.76	0.74	1.08	0.95	0.58	0.36	0.47	0.30	0.32	0.23	0.38	0.35	0.45	0.38	0.17	-0.06	2.89	20.39	20.39
6	322.49	24.12	24.12	4.55	2.33	1.62	1.68	1.71	1.89	1.81	1.69	1.39	1.09	0.88	1.09	0.97	0.90	0.94	0.79	0.82	0.70	0.50	0.23	0.00	0.11	0.35	0.79	0.68	0.57	0.85	0.84	0.64	0.55	0.32	0.32	0.42	0.42	0.57	0.46	0.42	0.45	0.29	0.26	1.56	19.27	19.27
7	325.82	24.76	24.76	4.62	2.22	1.94	1.68	2.00	2.13	1.91	1.74	1.51	1.33	0.88	1.16	0.90	0.93	0.89	0.75	0.86	0.63	0.54	0.26	0.00	0.36	0.45	0.77	0.78	0.76	0.94	0.89	0.63	0.55	0.46	0.47	0.42	0.23	0.58	0.55	0.42	0.76	0.40	0.28	2.97	18.81	18.81
8	329.15	23.71	23.71	5.30	2.02	2.05	1.92	1.89	2.03	2.02	1.50	1.32	1.25	1.11	1.15	0.88	0.95	0.89	0.66	0.84	0.65	0.52	0.24	0.00	0.27	0.44	0.81	0.75	0.76	1.11	0.99	0.70	0.43	0.33	0.34	0.27	0.44	0.37	0.49	0.28	0.45	0.18	0.13	3.22	18.63	18.63
9	332.48	26.13	26.13	5.40	2.45	2.35	2.17	2.07	1.90	2.12	1.70	1.44	1.44	1.22	1.25	1.14	1.00	0.98	0.73	0.85	0.77	0.66	0.32	0.00	0.27	0.48	0.77	0.94	0.74	1.02	1.00	0.82	0.53	0.48	0.34	0.41	0.40	0.46	0.62	0.56	0.51	0.36	0.82	3.99	21.43	21.43
10	335.80	25.96	25.96	5.72	2.70	1.96	2.08	2.00	1.97	2.32	1.61	1.39	1.34	1.21	1.14	1.02	1.04	0.95	0.67	0.83	0.75	0.47	0.23	0.00	0.33	0.50	0.88	0.82	0.73	1.06	0.85	0.66	0.48	0.44	0.35	0.54	0.37	0.60	0.75	0.35	0.53	0.64	0.46	2.98	20.60	20.60
11	339.13	26.23	26.23	5.75	2.82	2.29	2.18	1.91	2.21	2.22	1.83	1.47	1.28	1.18	1.20	1.12	1.04	1.00	0.75	0.85	0.72	0.57	0.27	0.00	0.40	0.40	0.85	0.86	0.78	1.00	0.93	0.70	0.46	0.48	0.39	0.50	0.45	0.56	0.53	0.40	0.77	0.60	0.55	3.26	20.28	20.28
12	342.46	26.58	26.58	6.20	2.81	2.61	2.10	2.13	2.12	2.26	1.91	1.45	1.40	1.23	1.21	1.07	1.03	0.98	0.72	0.85	0.74	0.52	0.22	0.00	0.34	0.46	0.79	0.79	0.75	0.99	0.97	0.69	0.50	0.41	0.42	0.44	0.51	0.64	0.69	0.46	0.56	0.58	0.76	3.71	21.27	21.27
13	345.80	26.36	26.36	6.38	2.93	2.58	2.32	2.21	2.19	2.25	1.88	1.62	1.44	1.27	1.22	1.17	1.01	0.99	0.76	0.87	0.72	0.56	0.25	0.00	0.29	0.39	0.79	0.80	0.79	1.04	0.90	0.71	0.50	0.43	0.40	0.49	0.54	0.66	0.80	0.53	0.84	0.91	0.92	4.12	20.73	20.73
14	349.13	26.84	26.84	6.45	2.75	2.26	2.35	2.02	2.22	2.23	1.89	1.49	1.45	1.19	1.25	1.10	1.04	0.99	0.72	0.80	0.69	0.50	0.27	0.00	0.31	0.39	0.81	0.80	0.77	1.00	0.91	0.65	0.50	0.43	0.42	0.54	0.44	0.68	0.73	0.51	0.77	0.53	0.90	3.94	20.99	20.99
15	352.46	26.98	26.98	6.33	3.09	2.47	2.33	2.11	2.08	2.21	1.81	1.51	1.33	1.22	1.21	1.09	0.97	0.92	0.65	0.76	0.67	0.47	0.22	0.00	0.29	0.37	0.81	0.82	0.75	0.99	0.91	0.64	0.43	0.43	0.41	0.54	0.44	0.64	0.78	0.73	0.77	0.76	1.00	4.02	21.48	21.48
16	355.79	26.91	26.91	6.34	3.05	2.48	2.35	2.17	2.08	2.14	1.85	1.45	1.41	1.20	1.19	1.05	0.95	0.97	0.68	0.78	0.64	0.44	0.16	0.00	0.26	0.38	0.76	0.73	0.77	1.02	0.90	0.64	0.46	0.42	0.40	0.55	0.49	0.68	0.71	0.61	0.86	0.74	0.99	4.16	21.32	21.32
17	359.13	27.32	27.32	6.32	3.09	2.46	2.34	2.18	2.17	2.16	1.87	1.47	1.41	1.25	1.27	1.11	1.04	1.04	0.73	0.84	0.68	0.52	0.21	0.00	0.31	0.42	0.82	0.83	0.75	1.00	0.88	0.68	0.46	0.47	0.44	0.52	0.52	0.60	0.73	0.61	0.78	0.71	1.07	3.80	21.45	21.45
18	362.46	27.48	27.48	6.69	3.12	2.48	2.43	2.19	2.16	2.19	1.85	1.52	1.42	1.22	1.26	1.09	1.01	1.03	0.72	0.85	0.70	0.51	0.24	0.00	0.32	0.42	0.82	0.80	0.77	1.02	0.91	0.66	0.48	0.44	0.42	0.55	0.48	0.61	0.68	0.59	0.68	0.68	1.10	4.01	21.46	21.46
19	365.80	27.44	27.44	6.59	3.20	2.50	2.39	2.17	2.17	2.19	1.84	1.47	1.37	1.22	1.23	1.09	1.02	1.01	0.73	0.85	0.67	0.50	0.20	0.00	0.31	0.40	0.79	0.76	0.73	0.97	0.84	0.63	0.41	0.43	0.36	0.47	0.45	0.57	0.69	0.56	0.69	0.62	0.94	3.79	21.49	21.49
20	369.14	27.60	27.60	6.46	3.00	2.49	2.39	2.13	2.12	2.15	1.85	1.45	1.40	1.22	1.21	1.11	0.98	1.00	0.69	0.84	0.69	0.52	0.22	0.00	0.33	0.40	0.77	0.73	0.74	0.94	0.83	0.62	0.41	0.39	0.36	0.46	0.42	0.56	0.62	0.51	0.61	0.51	0.95	3.81	21.46	21.46
21	372.47	27.37	27.37	6.50	3.07	2.49	2.38	2.17	2.13	2.12	1.84	1.47	1.40	1.18	1.21	1.10	0.96	1.02	0.72	0.85	0.69	0.49	0.23	0.00	0.33	0.42	0.79	0.77	0.73	0.96	0.83	0.61	0.38	0.39	0.36	0.41	0.44	0.54	0.62	0.46	0.59	0.40	0.79	3.83	21.08	21.08
22	375.81	27.42	27.42	6.72	3.14	2.47	2.32	2.15	2.10	2.13	1.81	1.48	1.37	1.19	1.17	1.08	0.97	0.97	0.72	0.82	0.69	0.49	0.20	0.00	0.31	0.38	0.78	0.71	0.73	0.90	0.79	0.60	0.34	0.36	0.32	0.43	0.41	0.51	0.55	0.48	0.61	0.42	0.77	3.82	21.21	21.21
23	379.15	27.50	27.50	6.53	3.08	2.43	2.41	2.17	2.15	2.13	1.84	1.48	1.35	1.20	1.19	1.10	0.96	1.01	0.74	0.85	0.71	0.51	0.21	0.00	0.35	0.42	0.79	0.77	0.72	0.95	0.80	0.60	0.38	0.40	0.32	0.43	0.40	0.54	0.56	0.48	0.64	0.43	0.85	3.82	21.11	21.11
24	382.49	27.61	27.61	6.53	3.13	2.49	2.34	2.10	2.09	2.06	1.79	1.40	1.34	1.15	1.15	1.08	0.96	0.95	0.67	0.80	0.68	0.47	0.17	0.00	0.29	0.41	0.73	0.70	0.70	0.90	0.78	0.59	0.36	0.36	0.30	0.39	0.41	0.50	0.55	0.41	0.53	0.43	0.82	3.80	21.16	21.16
25	385.83	27.73	27.73	6.63	3.13	2.52	2.34	2.12	2.10	2.10	1.81	1.42	1.33	1.20	1.17	1.09	0.97	1.00	0.72	0.83	0.68	0.51	0.20	0.00	0.31	0.41	0.78	0.73	0.74	0.93	0.81	0.58	0.38	0.38	0.30	0.43	0.44	0.52	0.55	0.47	0.58	0.43	0.84	3.88	21.31	21.31
26	389.16	27.75	27.75	6.66	3.12	2.45	2.29	2.08	2.07	2.03	1.76	1.41	1.32	1.15	1.16	1.08	0.94	0.96	0.72	0.83	0.64	0.47	0.17	0.00	0.33	0.38	0.75	0.72	0.73	0.92	0.77	0.57	0.36	0.36	0.30	0.43	0.39	0.49	0.58	0.45	0.60	0.45	0.87	3.95	21.07	21.07
27	392.51	27.90	27.90	6.67	3.24	2.42	2.39	2.15	2.09	2.04	1.84	1.46	1.36	1.18	1.15	1.11	0.95	1.00	0.75	0.80	0.66	0.50	0.20	0.00	0.33	0.43	0.78	0.73	0.75	0.91	0.78	0.61	0.37	0.37	0.31	0.44	0.44	0.50	0.58	0.48	0.60	0.47	1.03	3.92	21.59	21.59
28	395.85	28.06	28.06	6.69	3.25	2.47	2.38	2.17	2.07	2.04	1.81	1.45	1.36	1.16	1.15	1.10	0.96	0.99	0.72	0.77	0.65	0.44	0.17	0.00	0.32	0.38	0.75	0.72	0.72	0.89	0.73	0.57	0.36	0.33	0.29	0.40	0.43	0.51	0.55	0.49	0.64	0.51	0.86	3.85	21.15	21.15
29	399.19	28.11	28.11	6.85	3.29	2.47	2.38	2.16	2.10	2.07	1.84	1.46	1.36	1.21	1.17	1.12	0.97	1.00	0.75	0.83	0.68	0.47	0.18	0.00	0.32	0.40	0.77	0.73	0.72	0.93	0.76	0.61	0.40	0.38	0.34	0.41	0.46	0.54	0.58	0.51	0.64	0.49	1.07	4.05	21.51	21.51
30	402.53	28.38	28.38	6.86	3.32	2.53	2.39	2.18	2.13	2.09	1.81	1.48	1.39	1.22	1.19	1.12	1.01	1.01	0.78	0.82	0.69	0.47	0.20	0.00	0.34	0.41	0.78	0.74	0.75	0.94	0.78	0.62	0.42	0.39	0.32	0.43	0.45	0.56	0.63	0.54	0.65	0.53	1.12	4.09	21.90	21.90
31	405.87	28.14	28.14	6.95	3.28	2.55	2.37	2.20	2.13	2.06	1.85	1.48	1.35	1.20	1.18	1.10	0.98	0.99	0.75	0.81	0.66	0.47	0.18	0.00	0.33	0.40	0.76	0.73	0.75	0.91	0.75	0.61	0.39	0.38	0.31	0.41	0.45	0.53	0.60	0.52	0.64	0.54	1.13	4.10	21.81	21.81
32	409.22	28.23	28.23	6.96	3.36	2.49	2.40	2.16	2.10	2.05	1.83	1.45	1.34	1.20	1.16	1.11	0.98	1.00	0.77	0.82	0.68	0.46	0.18	0.00	0.31	0.41	0.76	0.75	0.76	0.93	0.79	0.63	0.42	0.39	0.33	0.41	0.46	0.52	0.58	0.52	0.67	0.55	1.17	4.19	21.95	21.95
33	412.56	28.52	28.52	6.98	3.38	2.53	2.41	2.17	2.09	2.04	1.78	1.44	1.34	1.19	1.15	1.09	0.96	0.97	0.73	0.79	0.65	0.44	0.17	0.00	0.31	0.40	0.74	0.72	0.73	0.90	0.72	0.60	0.40	0.37	0.32	0.41	0.44	0.52	0.58	0.54	0.69	0.54	1.23	4.21	22.05	22.05
34	415.90	28.57	28.57	6.98	3.44	2.52	2.42	2.20	2.13	2.04	1.82	1.47	1.37	1.21	1.15	1.10	0.98	1.00	0.76	0.79	0.65	0.45	0.19	0.00	0.33	0.41	0.76	0.74	0.75	0.90	0.75	0.61	0.43	0.41	0.34	0.44	0.45	0.51	0.62	0.57	0.69	0.57	1.25	4.26	22.22	22.22
35	419.25	28.50	28.50	7.05	3.44	2.56	2.43	2.20	2.10	2.05	1.82	1.47	1.36	1.20	1.16	1.12	0.98	1.00	0.77	0.81	0.66	0.46	0.19	0.00	0.33	0.43	0.77	0.74	0.77	0.92	0.76	0.63	0.44	0.39	0.33	0.42	0.46	0.51	0.61	0.57	0.72	0.56	1.28	4.28	22.06	22.06
36	422.59	28.62	28.62	7.07	3.44	2.51	2.43	2.20	2.10	2.03	1.82	1.46	1.33	1.18	1.15	1.13	0.99	0.99	0.77	0.80	0.66	0.45	0.19	0.00	0.32	0.43	0.76	0.75	0.74	0.92	0.73	0.62	0.42	0.38	0.31	0.44	0.46	0.51	0.61	0.55	0.68	0.55	1.21	4.29	22.13	22.13
37	425.94	28.69	28.69	7.05	3.53	2.48	2.41	2.18	2.09	2.02	1.81	1.46	1.34	1.18	1.15	1.11	0.98	0.98	0.78	0.80	0.67	0.45	0.18	0.00	0.32	0.43	0.75	0.75	0.75	0.91	0.73	0.61	0.42	0.38	0.30	0.40	0.44	0.49	0.59	0.54	0.67	0.54	1.26	4.24	22.15	22.15
38	429.28	28.89	28.89	7.10	3.52	2.51	2.42	2.19	2.10	2.03	1.77	1.46	1.33	1.18	1.14	1.11	0.97	0.99	0.79	0.80	0.66	0.45	0.18	0.00	0.32	0.42	0.75	0.73	0.75	0.90	0.72	0.61	0.41	0.36	0.29	0.41	0.43	0.47	0.59	0.55	0.66	0.51	1.29	4.27	22.25	22.25
39	432.63	28.87	28.87	7.17	3.51	2.49	2.42	2.18	2.07	1.99	1.75	1.44	1.31	1.17	1.13	1.11	0.97	0.98	0.78	0.79	0.65	0.44	0.16	0.00	0.32	0.42	0.75	0.73	0.74	0.90	0.70	0.59	0.39	0.35	0.28	0.41	0.42	0.46	0.57	0.51	0.65	0.47	1.23	4.20	22.06	22.06
40	435.98	28.80	28.80	7.13	3.46	2.47	2.39	2.20	2.07	1.98	1.77	1.41	1.28	1.16	1.12	1.10	0.96	0.97	0.77	0.77	0.65	0.44	0.17	0.00	0.31	0.41	0.73	0.71	0.74	0.86	0.67	0.58	0.38	0.33	0.25	0.38	0.39	0.43	0.54	0.49	0.61	0.43	1.17	4.18	21.98	21.98
41	439.32	28.89	28.89	7.12	3.49	2.48	2.39	2.18	2.05	1.95	1.74	1.41	1.28	1.13	1.09	1.09	0.94	0.95	0.77	0.77	0.65	0.43	0.16	0.00	0.32	0.41	0.72	0.70	0.73	0.86	0.65	0.57	0.35	0.31	0.22	0.36	0.35	0.40	0.51	0.45	0.56	0.40	1.11	4.10	21.88	21.88
42	442.67	29.02	29.02	7.23	3.51	2.50	2.43	2.20	2.06	1.99	1.76	1.43	1.30	1.14	1.09	1.09	0.96	0.97	0.77	0.77	0.66	0.42	0.16	0.00	0.31	0.41	0.73	0.71	0.73	0.85	0.65	0.57	0.36	0.29	0.23	0.36	0.35	0.40	0.53	0.47	0.59	0.41	1.12	4.10	21.95	21.95
43	446.02	28.94	28.94	7.23	3.49	2.48	2.43	2.20	2.06	1.96	1.74	1.41	1.27	1.13	1.10	1.08	0.95	0.96	0.76	0.77	0.65	0.43	0.17	0.00	0.31	0.41	0.71	0.71	0.73	0.85	0.64	0.56	0.36	0.31	0.21	0.34	0.36	0.40	0.53	0.45	0.60	0.37	1.13	4.11	21.96	21.96
44	449.37	28.96	28.96	7.16	3.43	2.46	2.38	2.16	2.02	1.92	1.72	1.39	1.24	1.11	1.06	1.07	0.94	0.94	0.76	0.76	0.64	0.43	0.16	0.00	0.29	0.40	0.70	0.70	0.71	0.84	0.62	0.55	0.34	0.28	0.19	0.29	0.32	0.37	0.47	0.41	0.54	0.32	1.00	3.97	21.72	21.72
45	452.72	28.99	28.99	7.25	3.44	2.45	2.40	2.16	2.02	1.92	1.71	1.37	1.24	1.11	1.06	1.07	0.93	0.95	0.76	0.76	0.64	0.42	0.16	0.00	0.28	0.39	0.68	0.70	0.69	0.82	0.61	0.54	0.31	0.25	0.16	0.26	0.28	0.31	0.44	0.36	0.48	0.27	0.94	3.91	21.55	21.55
46	456.06	29.11	29.11	7.36	3.57	2.47	2.44	2.21	2.04	1.96	1.74	1.41	1.27	1.13	1.08	1.11	0.96	0.96	0.78	0.77	0.65	0.43	0.16	0.00	0.30	0.39	0.70	0.70	0.72	0.84	0.63	0.55	0.34	0.27	0.19	0.27	0.30	0.34	0.46	0.40	0.52	0.30	1.01	3.98	21.76	21.76
47	459.41	29.01	29.01	7.26	3.48	2.44	2.40	2.16	2.03	1.91	1.71	1.38	1.23	1.10	1.06	1.08	0.94	0.93	0.77	0.75	0.63	0.42	0.16	0.00	0.30	0.39	0.70	0.68	0.70	0.83	0.61	0.55	0.33	0.25	0.17	0.26	0.29	0.33	0.45	0.40	0.52	0.28	1.02	4.00	21.81	21.81
48	462.76	29.18	29.18	7.30	3.49	2.48	2.41	2.19	2.03	1.92	1.70	1.38	1.24	1.10	1.05	1.07	0.94	0.93	0.77	0.75	0.62	0.41	0.17	0.00	0.29	0.38	0.69	0.68	0.70	0.82	0.61	0.55	0.33	0.25	0.15	0.25	0.29	0.33	0.47	0.41	0.53	0.32	1.02	4.05	21.83	21.83
49	466.11	29.09	29.09	7.26	3.45	2.45	2.41	2.18	2.00	1.90	1.68	1.36	1.20	1.07	1.03	1.05	0.92	0.90	0.75	0.73	0.62	0.41	0.16	0.00	0.28	0.38	0.67	0.66	0.67	0.78	0.57	0.51	0.28	0.19	0.10	0.20	0.23	0.28	0.39	0.34	0.43	0.20	0.86	3.77	21.46	21.46
50	469.46	29.32	29.32	7.38	3.54	2.49	2.44	2.21	2.04	1.92	1.70	1.39	1.22	1.09	1.03	1.06	0.92	0.91	0.76	0.73	0.62	0.41	0.15	0.00	0.27	0.37	0.66	0.65	0.67	0.76	0.55	0.50	0.28	0.18	0.10	0.18	0.22	0.26	0.38	0.33	0.41	0.16	0.81	3.72	21.22	21.22
51	472.81	29.56	29.56	7.49	3.61	2.57	2.51	2.26	2.08	1.96	1.73	1.41	1.23	1.12	1.06	1.10	0.94	0.93	0.78	0.75	0.63	0.41	0.15	0.00	0.28	0.38	0.67	0.67	0.67	0.78	0.56	0.52	0.30	0.21	0.14	0.21	0.27	0.29	0.42	0.38	0.48	0.23	0.92	3.82	21.46	21.46
52	476.16	29.62	29.62	7.55	3.68	2.59	2.52	2.29	2.10	1.98	1.75	1.45	1.27	1.14	1.07	1.11	0.97	0.94	0.80	0.76	0.64	0.42	0.15	0.00	0.28	0.40	0.69	0.70	0.71	0.82	0.60	0.56	0.33	0.25	0.17	0.25	0.30	0.35	0.49	0.45	0.56	0.33	1.04	4.00	21.81	21.81
53	479.51	29.45	29.45	7.50	3.63	2.55	2.52	2.27	2.08	1.94	1.73	1.42	1.25	1.12	1.06	1.11	0.95	0.94	0.80	0.75	0.63	0.42	0.16	0.00	0.29	0.40	0.68	0.69	0.71	0.82	0.60	0.56	0.33	0.24	0.16	0.23	0.28	0.33	0.47	0.44	0.55	0.32	1.06	4.01	21.84	21.84
54	482.87	29.51	29.51	7.46	3.62	2.53	2.49	2.24	2.06	1.92	1.71	1.40	1.22	1.09	1.05	1.09	0.95	0.92	0.79	0.75	0.63	0.42	0.16	0.00	0.29	0.38	0.67	0.68	0.70	0.80	0.59	0.55	0.31	0.19	0.13	0.19	0.24	0.27	0.41	0.38	0.49	0.24	0.93	3.86	21.61	21.61
55	486.22	29.70	29.70	7.57	3.68	2.54	2.54	2.26	2.08	1.95	1.72	1.42	1.24	1.12	1.06	1.11	0.96	0.95	0.81	0.75	0.64	0.42	0.17	0.00	0.29	0.39	0.68	0.70	0.72	0.82	0.60	0.56	0.33	0.22	0.15	0.23	0.29	0.32	0.47	0.45	0.56	0.31	1.04	3.99	21.87	21.87
56	489.57	29.75	29.75	7.61	3.71	2.55	2.54	2.27	2.09	1.95	1.73	1.43	1.24	1.12	1.06	1.11	0.96	0.95	0.81	0.75	0.65	0.41	0.17	0.00	0.29	0.41	0.69	0.70	0.72	0.83	0.61	0.56	0.34	0.24	0.16	0.24	0.29	0.32	0.48	0.47	0.56	0.33	1.06	4.05	21.96	21.96
57	492.92	29.63	29.63	7.56	3.68	2.55	2.51	2.28	2.06	1.93	1.72	1.42	1.24	1.12	1.05	1.10	0.95	0.94	0.80	0.75	0.64	0.41	0.16	0.00	0.29	0.41	0.69	0.69	0.71	0.81	0.58	0.54	0.32	0.21	0.15	0.22	0.27	0.30	0.46	0.42	0.53	0.26	0.97	3.89	21.68	21.68
58	496.27	29.73	29.73	7.59	3.72	2.56	2.53	2.28	2.08	1.94	1.73	1.42	1.23	1.12	1.05	1.10	0.96	0.94	0.79	0.74	0.63	0.40	0.17	0.00	0.27	0.40	0.68	0.69	0.70	0.79	0.58	0.54	0.32	0.21	0.14	0.20	0.26	0.28	0.45	0.43	0.54	0.26	1.00	3.92	21.76	21.76
59	499.62	29.82	29.82	7.61	3.77	2.59	2.58	2.33	2.09	1.96	1.74	1.43	1.25	1.12	1.05	1.11	0.96	0.94	0.80	0.74	0.63	0.41	0.17	0.00	0.27	0.39	0.68	0.70	0.71	0.79	0.58	0.56	0.33	0.22	0.14	0.23	0.29	0.31	0.48	0.45	0.57	0.32	1.10	3.98	21.87	21.87
60	502.98	29.72	29.72	7.57	3.72	2.57	2.56	2.30	2.08	1.94	1.73	1.42	1.22	1.12	1.04	1.10	0.95	0.91	0.80	0.74	0.62	0.39	0.17	0.00	0.28	0.40	0.67	0.70	0.70	0.79	0.57	0.55	0.32	0.20	0.14	0.22	0.26	0.29	0.46	0.44	0.55	0.31	1.07	4.00	21.83	21.83
61	506.33	29.81	29.81	7.60	3.76	2.58	2.57	2.30	2.07	1.95	1.73	1.41	1.22	1.11	1.03	1.09	0.95	0.93	0.79	0.72	0.61	0.39	0.16	0.00	0.27	0.38	0.67	0.69	0.71	0.78	0.57	0.54	0.30	0.19	0.11	0.20	0.26	0.29	0.47	0.44	0.54	0.32	1.07	3.97	21.81	21.81
62	509.68	29.84	29.84	7.57	3.74	2.60	2.54	2.29	2.06	1.93	1.71	1.41	1.20	1.11	1.01	1.10	0.94	0.91	0.79	0.72	0.61	0.40	0.17	0.00	0.26	0.39	0.68	0.69	0.71	0.78	0.58	0.55	0.30	0.20	0.13	0.22	0.26	0.30	0.46	0.45	0.57	0.34	1.09	3.99	21.91	21.91
63	513.04	29.85	29.85	7.62	3.78	2.58	2.57	2.32	2.07	1.94	1.72	1.41	1.21	1.10	1.01	1.11	0.94	0.92	0.80	0.72	0.61	0.40	0.16	0.00	0.27	0.38	0.68	0.70	0.70	0.79	0.59	0.56	0.30	0.20	0.13	0.22	0.26	0.30	0.48	0.47	0.59	0.34	1.12	4.02	21.98	21.98
64	516.39	29.93	29.93	7.61	3.81	2.61	2.59	2.33	2.07	1.93	1.72	1.41	1.21	1.11	1.04	1.10	0.95	0.93	0.81	0.73	0.63	0.39	0.16	0.00	0.27	0.40	0.68	0.69	0.71	0.80	0.59	0.56	0.32	0.20	0.14	0.24	0.26	0.30	0.49	0.49	0.60	0.35	1.15	4.02	22.07	22.07
65	519.74	29.84	29.84	7.65	3.81	2.64	2.59	2.33	2.08	1.95	1.72	1.41	1.23	1.11	1.04	1.10	0.94	0.93	0.82	0.73	0.64	0.39	0.17	0.00	0.28	0.41	0.68	0.70	0.73	0.80	0.59	0.57	0.32	0.21	0.15	0.24	0.26	0.31	0.48	0.49	0.61	0.37	1.15	4.08	22.02	22.02
66	523.09	29.83	29.83	7.64	3.87	2.65	2.60	2.34	2.09	1.93	1.75	1.42	1.23	1.11	1.04	1.11	0.94	0.92	0.82	0.73	0.62	0.40	0.17	0.00	0.27	0.41	0.69	0.70	0.72	0.81	0.61	0.58	0.34	0.21	0.16	0.24	0.29	0.31	0.51	0.53	0.65	0.39	1.19	4.06	22.06	22.06
67	526.45	29.95	29.95	7.71	3.95	2.69	2.65	2.40	2.12	1.98	1.75	1.45	1.24	1.14	1.04	1.12	0.96	0.92	0.81	0.74	0.63	0.40	0.17	0.00	0.27	0.42	0.69	0.71	0.72	0.80	0.60	0.56	0.33	0.22	0.16	0.26	0.29	0.31	0.53	0.52	0.63	0.40	1.20	4.03	21.98	21.98
68	529.80	30.13	30.13	7.72	3.96	2.72	2.66	2.41	2.14	1.97	1.77	1.46	1.23	1.14	1.04	1.11	0.96	0.92	0.82	0.73	0.62	0.40	0.17	0.00	0.26	0.42	0.69	0.71	0.72	0.80	0.60	0.57	0.34	0.21	0.17	0.26	0.29	0.34	0.54	0.57	0.67	0.45	1.26	4.11	22.16	22.16
69	533.15	30.18	30.18	7.83	4.01	2.78	2.72	2.46	2.17	2.00	1.79	1.48	1.26	1.15	1.05	1.12	0.96	0.92	0.82	0.73	0.63	0.40	0.18	0.00	0.27	0.42	0.70	0.71	0.72	0.80	0.61	0.57	0.34	0.22	0.18	0.28	0.31	0.35	0.55	0.58	0.70	0.47	1.28	4.13	22.08	22.08
70	536.51	30.11	30.11	7.82	4.06	2.80	2.71	2.45	2.17	2.00	1.78	1.47	1.25	1.13	1.04	1.11	0.95	0.91	0.81	0.72	0.62	0.40	0.17	0.00	0.27	0.41	0.71	0.70	0.72	0.79	0.60	0.56	0.33	0.21	0.16	0.27	0.32	0.35	0.55	0.58	0.70	0.48	1.30	4.13	22.13	22.13
71	539.86	30.17	30.17	7.82	4.07	2.82	2.74	2.48	2.17	2.00	1.79	1.48	1.25	1.14	1.04	1.11	0.94	0.91	0.81	0.71	0.62	0.41	0.18	0.00	0.27	0.42	0.71	0.71	0.71	0.79	0.60	0.57	0.32	0.21	0.16	0.28	0.31	0.35	0.56	0.59	0.71	0.50	1.28	4.11	21.98	21.98
72	543.22	30.07	30.07	7.83	4.07	2.81	2.74	2.47	2.18	2.00	1.77	1.47	1.24	1.14	1.04	1.10	0.95	0.91	0.81	0.72	0.62	0.41	0.18	0.00	0.27	0.42	0.71	0.71	0.72	0.78	0.60	0.56	0.32	0.20	0.16	0.26	0.30	0.34	0.54	0.59	0.70	0.48	1.29	4.07	21.90	21.90
73	546.57	30.14	30.14	7.83	4.08	2.83	2.73	2.48	2.17	2.00	1.77	1.46	1.23	1.13	1.03	1.10	0.95	0.90	0.81	0.71	0.62	0.40	0.17	0.00	0.28	0.42	0.71	0.70	0.72	0.77	0.58	0.55	0.31	0.19	0.15	0.25	0.28	0.33	0.54	0.57	0.68	0.48	1.27	4.04	21.91	21.91
74	549.92	30.17	30.17	7.83	4.10	2.82	2.74	2.47	2.17	1.99	1.77	1.46	1.23	1.13	1.03	1.10	0.95	0.92	0.81	0.72	0.62	0.40	0.18	0.00	0.28	0.42	0.70	0.70	0.72	0.78	0.59	0.56	0.31	0.18	0.15	0.25	0.29	0.33	0.52	0.57	0.66	0.44	1.25	3.99	21.77	21.77
75	553.28	30.26	30.26	7.87	4.13	2.85	2.74	2.48	2.17	2.00	1.77	1.46	1.24	1.13	1.04	1.11	0.95	0.92	0.82	0.72	0.62	0.40	0.19	0.00	0.27	0.41	0.69	0.70	0.72	0.78	0.59	0.54	0.30	0.19	0.14	0.24	0.26	0.31	0.51	0.55	0.66	0.44	1.23	3.97	21.71	21.71
76	556.63	30.24	30.24	7.84	4.13	2.86	2.74	2.48	2.15	1.98	1.77	1.45	1.24	1.14	1.03	1.10	0.95	0.91	0.82	0.71	0.60	0.39	0.18	0.00	0.27	0.41	0.68	0.70	0.72	0.77	0.59	0.54	0.30	0.18	0.14	0.23	0.27	0.30	0.51	0.55	0.65	0.45	1.26	3.96	21.69	21.69
77	559.98	30.34	30.34	7.93	4.18	2.88	2.75	2.51	2.18	1.99	1.78	1.46	1.23	1.14	1.03	1.11	0.95	0.91	0.83	0.71	0.61	0.39	0.18	0.00	0.25	0.40	0.69	0.69	0.71	0.76	0.58	0.54	0.29	0.17	0.14	0.24	0.25	0.29	0.50	0.55	0.64	0.44	1.23	3.96	21.67	21.67
78	563.34	30.31	30.31	7.92	4.19	2.88	2.75	2.51	2.17	2.00	1.77	1.46	1.23	1.13	1.03	1.11	0.94	0.91	0.82	0.71	0.61	0.39	0.19	0.00	0.26	0.41	0.68	0.70	0.72	0.76	0.58	0.54	0.30	0.18	0.14	0.24	0.26	0.29	0.50	0.56	0.65	0.45	1.25	3.98	21.68	21.68
79	566.69	30.31	30.31	7.90	4.21	2.90	2.76	2.51	2.18	2.01	1.77	1.47	1.23	1.14	1.02	1.10	0.93	0.90	0.82	0.71	0.61	0.40	0.19	0.00	0.25	0.41	0.68	0.69	0.72	0.76	0.57	0.52	0.29	0.17	0.14	0.22	0.25	0.29	0.48	0.55	0.64	0.42	1.24	3.91	21.57	21.57
80	570.04	30.18	30.18	7.84	4.18	2.88	2.73	2.50	2.15	1.98	1.75	1.45	1.22	1.13	1.02	1.09	0.93	0.89	0.81	0.69	0.61	0.39	0.18	0.00	0.25	0.41	0.68	0.68	0.70	0.74	0.56	0.50	0.28	0.16	0.12	0.21	0.23	0.27	0.46	0.53	0.60	0.40	1.16	3.81	21.41	21.41
81	573.40	30.22	30.22	7.84	4.17	2.87	2.71	2.48	2.14	1.96	1.75	1.44	1.21	1.12	1.00	1.06	0.91	0.87	0.80	0.68	0.59	0.39	0.18	0.00	0.24	0.39	0.67	0.66	0.69	0.72	0.54	0.48	0.26	0.14	0.09	0.19	0.21	0.24	0.42	0.49	0.55	0.36	1.11	3.73	21.24	21.24
82	576.75	29.96	29.96	7.76	4.12	2.84	2.68	2.46	2.11	1.93	1.72	1.41	1.18	1.10	0.98	1.05	0.89	0.85	0.78	0.68	0.59	0.39	0.19	0.00	0.24	0.40	0.67	0.67	0.68	0.71	0.54	0.48	0.23	0.12	0.08	0.17	0.18	0.22	0.40	0.47	0.53	0.32	1.05	3.62	21.08	21.08
83	580.10	29.97	29.97	7.74	4.10	2.85	2.68	2.44	2.10	1.92	1.70	1.41	1.18	1.10	0.99	1.04	0.89	0.85	0.78	0.66	0.59	0.39	0.18	0.00	0.24	0.40	0.66	0.66	0.67	0.70	0.52	0.47	0.23	0.10	0.06	0.13	0.16	0.19	0.37	0.43	0.47	0.27	0.98	3.52	20.91	20.91
84	583.46	29.94	29.94	7.69	4.07	2.84	2.65	2.43	2.09	1.91	1.70	1.38	1.17	1.08	0.96	1.04	0.87	0.84	0.76	0.66	0.59	0.39	0.18	0.00	0.25	0.39	0.66	0.64	0.66	0.69	0.52	0.45	0.21	0.08	0.04	0.12	0.14	0.17	0.35	0.40	0.45	0.25	0.94	3.46	20.81	20.81
85	586.81	29.89	29.89	7.67	4.08	2.83	2.61	2.40	2.07	1.88	1.68	1.37	1.15	1.07	0.97	1.03	0.87	0.84	0.77	0.66	0.57	0.38	0.18	0.00	0.24	0.39	0.65	0.64	0.64	0.67	0.50	0.43	0.20	0.06	0.01	0.09	0.11	0.13	0.32	0.37	0.41	0.20	0.88	3.39	20.61	20.61
86	590.16	29.86	29.86	7.65	4.06	2.80	2.61	2.37	2.04	1.85	1.64	1.34	1.12	1.04	0.95	1.01	0.86	0.83	0.76	0.66	0.57	0.38	0.18	0.00	0.25	0.39	0.65	0.63	0.64	0.67	0.49	0.41	0.19	0.04	-0.01	0.06	0.07	0.09	0.26	0.33	0.35	0.17	0.81	3.35	20.45	20.45
87	593.52	29.85	29.85	7.65	4.02	2.75	2.57	2.33	1.99	1.82	1.61	1.31	1.10	1.02	0.94	1.01	0.85	0.81	0.75	0.65	0.57	0.38	0.19	0.00	0.25	0.40	0.64	0.63	0.63	0.65	0.48	0.41	0.17	0.02	-0.03	0.04	0.04	0.06	0.22	0.26	0.33	0.08	0.72	3.18	20.18	20.18
88	596.87	29.68	29.68	7.56	3.98	2.71	2.53	2.31	1.97	1.81	1.59	1.30	1.08	1.02	0.92	1.01	0.85	0.80	0.75	0.66	0.56	0.38	0.17	0.00	0.24	0.39	0.65	0.62	0.63	0.63	0.47	0.40	0.16	-0.00	-0.05	0.02	-0.00	0.02	0.18	0.23	0.27	0.04	0.64	3.10	19.99	19.99
89	600.22	29.35	29.35	7.43	3.86	2.65	2.47	2.25	1.92	1.77	1.57	1.27	1.08	1.01	0.91	1.00	0.84	0.81	0.76	0.66	0.58	0.38	0.18	0.00	0.25	0.42	0.66	0.64	0.64	0.66	0.48	0.41	0.17	0.03	-0.04	0.02	0.01	0.02	0.18	0.22	0.26	0.03	0.64	3.07	20.05	20.05
90	603.57	29.36	29.36	7.37	3.86	2.64	2.47	2.26	1.92	1.78	1.58	1.30	1.09	1.03	0.94	1.01	0.85	0.80	0.77	0.66	0.57	0.38	0.19	0.00	0.25	0.41	0.66	0.64	0.65	0.67	0.50	0.42	0.20	0.04	-0.00	0.05	0.05	0.07	0.23	0.28	0.33	0.11	0.76	3.23	20.37	20.37
91	606.92	29.40	29.40	7.43	3.95	2.72	2.55	2.32	1.97	1.82	1.63	1.33	1.14	1.08	0.97	1.02	0.86	0.82	0.78	0.66	0.57	0.36	0.18	0.00	0.24	0.41	0.67	0.66	0.67	0.71	0.54	0.48	0.25	0.12	0.09	0.14	0.15	0.17	0.34	0.41	0.49	0.32	1.03	3.66	20.86	20.86
92	610.28	29.72	29.72	7.70	4.10	2.82	2.64	2.40	2.06	1.90	1.68	1.38	1.19	1.11	1.01	1.07	0.89	0.84	0.78	0.66	0.57	0.37	0.17	0.00	0.24	0.40	0.67	0.67	0.69	0.72	0.56	0.51	0.29	0.15	0.10	0.18	0.18	0.23	0.38	0.47	0.56	0.40	1.13	3.78	21.20	21.20
93	613.63	30.19	30.19	7.94	4.29	2.97	2.74	2.49	2.13	1.96	1.75	1.45	1.24	1.16	1.05	1.09	0.92	0.87	0.81	0.68	0.59	0.37	0.19	0.00	0.25	0.42	0.69	0.68	0.71	0.74	0.58	0.51	0.30	0.16	0.14	0.19	0.22	0.25	0.42	0.52	0.59	0.45	1.20	3.86	21.29	21.29
94	616.98	30.49	30.49	8.13	4.45	3.09	2.81	2.56	2.18	2.01	1.79	1.47	1.25	1.18	1.06	1.11	0.93	0.87	0.80	0.69	0.58	0.37	0.18	0.00	0.24	0.41	0.67	0.68	0.70	0.73	0.58	0.52	0.28	0.17	0.13	0.20	0.21	0.25	0.41	0.53	0.60	0.46	1.24	3.91	21.31	21.31
95	620.33	30.75	30.75	8.27	4.52	3.14	2.87	2.60	2.22	2.03	1.80	1.48	1.26	1.18	1.07	1.11	0.94	0.87	0.81	0.69	0.59	0.38	0.19	0.00	0.25	0.43	0.68	0.68	0.69	0.73	0.57	0.50	0.29	0.17	0.12	0.18	0.20	0.25	0.42	0.51	0.59	0.48	1.19	3.84	21.16	21.16
96	623.68	30.71	30.71	8.21	4.49	3.14	2.86	2.60	2.19	2.01	1.79	1.47	1.24	1.17	1.05	1.10	0.92	0.86	0.79	0.68	0.58	0.39	0.20	0.00	0.25	0.42	0.66	0.66	0.68	0.70	0.55	0.49	0.27	0.13	0.09	0.15	0.17	0.20	0.38	0.47	0.55	0.39	1.12	3.71	20.91	20.91
97	627.03	30.42	30.42	8.14	4.41	3.06	2.80	2.54	2.14	1.97	1.75	1.42	1.21	1.14	1.02	1.07	0.90	0.84	0.78	0.67	0.58	0.39	0.20	0.00	0.26	0.43	0.67	0.65	0.66	0.68	0.53	0.47	0.23	0.11	0.07	0.13	0.15	0.17	0.33	0.43	0.49	0.35	1.05	3.61	20.71	20.71
98	630.38	30.14	30.14	7.96	4.34	2.98	2.72	2.48	2.09	1.91	1.69	1.37	1.18	1.10	0.99	1.03	0.88	0.81	0.76	0.65	0.56	0.38	0.19	0.00	0.25	0.41	0.65	0.64	0.64	0.65	0.50	0.43	0.20	0.07	0.02	0.07	0.10	0.11	0.28	0.37	0.41	0.25	0.93	3.44	20.33	20.33
99	633.73	29.74	29.74	7.80	4.26	2.91	2.65	2.41	2.03	1.86	1.64	1.32	1.14	1.07	0.97	1.01	0.84	0.79	0.74	0.63	0.56	0.37	0.20	0.00	0.25	0.42	0.64	0.62	0.62	0.63	0.46	0.39	0.17	0.02	-0.03	0.01	0.05	0.05	0.20	0.28	0.31	0.15	0.79	3.19	19.98	19.98
100	637.08	29.52	29.52	7.61	4.07	2.81	2.56	2.33	1.96	1.80	1.58	1.28	1.08	1.02	0.92	0.97	0.81	0.77	0.72	0.62	0.55	0.36	0.19	0.00	0.25	0.41	0.62	0.60	0.60	0.60	0.44	0.35	0.12	0.00	-0.08	-0.03	-0.03	-0.02	0.13	0.20	0.23	0.03	0.64	2.96	19.53	19.53
101	640.43	29.14	29.14	7.43	3.95	2.70	2.45	2.24	1.88	1.73	1.51	1.23	1.04	0.97	0.90	0.94	0.78	0.73	0.69	0.60	0.54	0.35	0.19	0.00	0.25	0.39	0.61	0.59	0.57	0.55	0.41	0.33	0.09	-0.06	-0.10	-0.09	-0.08	-0.06	0.05	0.16	0.14	-0.08	0.53	2.78	19.16	19.16
102	643.78	28.91	28.91	7.37	3.88	2.66	2.40	2.21	1.84	1.69	1.47	1.19	1.01	0.96	0.88	0.94	0.77	0.74	0.70	0.62	0.54	0.37	0.21	0.00	0.27	0.41	0.63	0.59	0.57	0.56	0.39	0.31	0.07	-0.07	-0.14	-0.11	-0.12	-0.12	-0.00	0.07	0.05	-0.17	0.38	2.61	18.84	18.84
103	647.13	28.64	28.64	7.24	3.82	2.55	2.32	2.12	1.78	1.63	1.42	1.15	0.96	0.91	0.84	0.90	0.75	0.71	0.67	0.59	0.52	0.35	0.20	0.00	0.25	0.39	0.60	0.57	0.54	0.53	0.37	0.29	0.04	-0.12	-0.18	-0.18	-0.19	-0.19	-0.09	-0.01	-0.05	-0.26	0.25	2.41	18.41	18.41
104	650.48	28.71	28.71	7.28	3.83	2.58	2.33	2.13	1.77	1.62	1.42	1.13	0.97	0.91	0.85	0.92	0.74	0.70	0.68	0.59	0.52	0.36	0.20	0.00	0.25	0.39	0.60	0.57	0.54	0.52	0.35	0.26	0.04	-0.13	-0.21	-0.20	-0.21	-0.24	-0.10	-0.07	-0.11	-0.32	0.18	2.36	18.19	18.19
105	653.82	29.01	29.01	7.41	3.94	2.64	2.36	2.17	1.79	1.66	1.45	1.18	0.99	0.96	0.87	0.93	0.77	0.74	0.69	0.60	0.52	0.36	0.19	0.00	0.26	0.40	0.62	0.58	0.57	0.56	0.40	0.32	0.06	-0.10	-0.16	-0.17	-0.18	-0.18	-0.07	-0.00	-0.03	-0.23	0.30	2.58	18.58	18.58
106	657.17	29.32	29.32	7.68	4.06	2.73	2.46	2.27	1.88	1.73	1.52	1.22	1.05	1.00	0.92	0.98	0.80	0.75	0.71	0.62	0.53	0.35	0.19	0.00	0.26	0.41	0.63	0.62	0.62	0.60	0.43	0.35	0.13	-0.02	-0.08	-0.08	-0.08	-0.08	0.05	0.13	0.11	-0.04	0.58	2.95	19.18	19.18
107	660.52	29.67	29.67	7.82	4.20	2.86	2.54	2.36	1.97	1.80	1.56	1.29	1.10	1.06	0.96	1.00	0.82	0.78	0.73	0.63	0.53	0.36	0.20	0.00	0.27	0.43	0.64	0.64	0.63	0.62	0.48	0.39	0.19	0.03	-0.01	-0.01	-0.02	0.02	0.14	0.24	0.25	0.13	0.79	3.25	19.85	19.85
108	663.87	29.59	29.59	7.86	4.23	2.88	2.58	2.36	1.99	1.81	1.60	1.30	1.11	1.08	0.98	1.02	0.83	0.78	0.72	0.63	0.54	0.35	0.19	0.00	0.25	0.41	0.63	0.62	0.64	0.63	0.48	0.41	0.20	0.06	-0.01	0.01	-0.01	0.05	0.19	0.27	0.30	0.20	0.85	3.38	19.97	19.97
109	667.21	29.37	29.37	7.77	4.18	2.83	2.56	2.32	1.96	1.80	1.58	1.29	1.10	1.06	0.97	0.99	0.83	0.76	0.72	0.62	0.52	0.36	0.18	0.00	0.25	0.40	0.63	0.62	0.62	0.61	0.47	0.42	0.20	0.04	-0.01	0.01	0.00	0.03	0.16	0.27	0.28	0.14	0.81	3.35	19.77	19.77
110	670.56	29.25	29.25	7.73	4.09	2.79	2.49	2.29	1.92	1.76	1.55	1.27	1.08	1.05	0.94	0.99	0.81	0.75	0.70	0.60	0.52	0.35	0.18	0.00	0.24	0.39	0.62	0.60	0.59	0.59	0.45	0.39	0.17	0.02	-0.03	-0.04	-0.05	-0.01	0.13	0.22	0.21	0.06	0.75	3.21	19.50	19.50
111	673.90	29.23	29.23	7.71	4.08	2.79	2.49	2.29	1.92	1.75	1.55	1.24	1.06	1.03	0.93	0.97	0.80	0.75	0.69	0.59	0.52	0.34	0.19	0.00	0.24	0.40	0.61	0.60	0.60	0.57	0.43	0.36	0.15	0.00	-0.06	-0.05	-0.07	-0.04	0.10	0.20	0.17	0.03	0.66	3.11	19.39	19.39
112	677.25	29.18	29.18	7.75	4.10	2.77	2.49	2.29	1.93	1.76	1.53	1.24	1.07	1.02	0.94	0.97	0.79	0.73	0.67	0.59	0.51	0.34	0.19	0.00	0.24	0.40	0.61	0.60	0.60	0.56	0.44	0.36	0.14	0.01	-0.06	-0.05	-0.06	-0.03	0.10	0.21	0.19	0.05	0.69	3.15	19.34	19.34
113	680.59	29.17	29.17	7.76	4.10	2.78	2.49	2.28	1.93	1.76	1.52	1.24	1.05	1.02	0.92	0.97	0.79	0.73	0.67	0.57	0.50	0.35	0.17	0.00	0.23	0.40	0.61	0.59	0.58	0.56	0.43	0.35	0.13	-0.01	-0.08	-0.07	-0.08	-0.04	0.08	0.18	0.18	0.01	0.66	3.17	19.36	19.36
114	683.94	29.07	29.07	7.74	4.04	2.73	2.48	2.27	1.90	1.72	1.49	1.20	1.02	0.99	0.89	0.94	0.77	0.70	0.66	0.56	0.48	0.34	0.17	0.00	0.23	0.39	0.60	0.58	0.54	0.54	0.40	0.31	0.11	-0.04	-0.12	-0.12	-0.12	-0.07	0.05	0.12	0.09	-0.06	0.54	3.04	19.04	19.04
115	687.28	28.98	28.98	7.72	4.03	2.73	2.45	2.23	1.87	1.70	1.46	1.19	1.01	0.96	0.88	0.92	0.75	0.70	0.65	0.55	0.48	0.34	0.17	0.00	0.24	0.38	0.60	0.56	0.53	0.51	0.39	0.30	0.08	-0.07	-0.15	-0.15	-0.16	-0.12	0.01	0.09	0.06	-0.12	0.43	2.92	18.82	18.82
116	690.63	29.21	29.21	7.75	4.08	2.77	2.45	2.25	1.90	1.71	1.46	1.18	1.01	0.98	0.88	0.92	0.74	0.69	0.65	0.55	0.49	0.33	0.15	0.00	0.22	0.37	0.58	0.56	0.54	0.52	0.38	0.30	0.09	-0.06	-0.15	-0.16	-0.15	-0.14	-0.02	0.06	0.03	-0.14	0.44	2.84	18.77	18.77
117	693.97	29.34	29.34	7.83	4.12	2.82	2.48	2.28	1.91	1.72	1.49	1.20	1.03	1.00	0.92	0.95	0.76	0.71	0.67	0.57	0.51	0.34	0.18	0.00	0.24	0.39	0.58	0.58	0.55	0.53	0.41	0.31	0.09	-0.06	-0.14	-0.14	-0.14	-0.11	0.01	0.09	0.09	-0.11	0.48	2.97	18.93	18.93
118	697.31	29.15	29.15	7.83	4.06	2.77	2.44	2.24	1.87	1.69	1.49	1.20	1.01	0.99	0.91	0.95	0.77	0.72	0.66	0.56	0.51	0.34	0.18	0.00	0.24	0.40	0.60	0.59	0.57	0.54	0.42	0.32	0.10	-0.05	-0.12	-0.15	-0.15	-0.12	0.00	0.10	0.08	-0.11	0.51	3.05	18.93	18.93
119	700.65	29.13	29.13	7.77	4.07	2.75	2.45	2.22	1.86	1.69	1.45	1.17	1.00	0.99	0.91	0.95	0.77	0.72	0.66	0.56	0.51	0.33	0.19	0.00	0.24	0.40	0.60	0.59	0.57	0.55	0.43	0.33	0.12	-0.04	-0.12	-0.15	-0.15	-0.12	0.02	0.08	0.10	-0.10	0.50	3.09	19.02	19.02
120	703.99	29.07	29.07	7.73	4.05	2.76	2.43	2.21	1.85	1.67	1.45	1.15	0.99	0.97	0.90	0.94	0.77	0.69	0.63	0.54	0.49	0.31	0.17	0.00	0.23	0.37	0.60	0.57	0.55	0.52	0.41	0.31	0.11	-0.05	-0.14	-0.17	-0.15	-0.13	-0.00	0.10	0.08	-0.05	0.55	3.19	19.19	19.19
121	707.33	29.03	29.03	7.76	4.00	2.73	2.37	2.20	1.83	1.65	1.43	1.14	0.97	0.96	0.90	0.95	0.75	0.70	0.63	0.56	0.50	0.34	0.18	0.00	0.24	0.39	0.60	0.58	0.57	0.52	0.42	0.32	0.11	-0.05	-0.14	-0.17	-0.18	-0.16	-0.02	0.08	0.04	-0.10	0.48	3.02	18.88	18.88
122	710.67	28.91	28.91	7.72	3.98	2.70	2.36	2.16	1.83	1.62	1.39	1.11	0.96	0.94	0.88	0.93	0.75	0.69	0.64	0.54	0.48	0.33	0.18	0.00	0.22	0.39	0.58	0.55	0.55	0.49	0.39	0.29	0.08	-0.09	-0.20	-0.22	-0.25	-0.20	-0.07	-0.01	-0.04	-0.21	0.33	2.85	18.44	18.44
123	714.01	29.00	29.00	7.81	4.01	2.72	2.36	2.18	1.82	1.63	1.40	1.12	0.97	0.95	0.88	0.93	0.75	0.69	0.64	0.53	0.48	0.32	0.18	0.00	0.23	0.38	0.57	0.54	0.52	0.48	0.37	0.26	0.07	-0.10	-0.22	-0.24	-0.27	-0.25	-0.12	-0.05	-0.10	-0.29	0.21	2.66	18.09	18.09
124	717.35	29.21	29.21	7.87	4.04	2.76	2.41	2.22	1.87	1.65	1.42	1.14	0.99	0.98	0.90	0.95	0.76	0.70	0.66	0.55	0.48	0.32	0.17	0.00	0.24	0.37	0.58	0.55	0.54	0.50	0.38	0.30	0.11	-0.07	-0.18	-0.21	-0.22	-0.19	-0.06	-0.01	-0.07	-0.18	0.31	2.87	18.42	18.42
125	720.69	29.30	29.30	7.98	4.11	2.80	2.42	2.26	1.89	1.69	1.46	1.16	1.00	1.01	0.94	0.98	0.78	0.70	0.67	0.55	0.48	0.32	0.16	0.00	0.25	0.37	0.60	0.59	0.55	0.51	0.40	0.32	0.13	-0.03	-0.14	-0.16	-0.17	-0.13	-0.03	0.09	0.05	-0.08	0.46	3.07	18.92	18.92
126	724.03	29.20	29.20	7.91	4.10	2.82	2.44	2.24	1.90	1.71	1.47	1.17	1.02	1.00	0.94	0.99	0.77	0.70	0.65	0.53	0.47	0.32	0.15	0.00	0.22	0.36	0.60	0.57	0.56	0.53	0.41	0.35	0.14	-0.03	-0.12	-0.14	-0.15	-0.11	0.02	0.10	0.07	-0.02	0.55	3.24	18.96	18.96
127	727.37	29.07	29.07	7.87	4.04	2.79	2.42	2.21	1.86	1.66	1.43	1.15	0.99	0.97	0.92	0.97	0.77	0.71	0.64	0.53	0.47	0.33	0.16	0.00	0.22	0.38	0.58	0.56	0.55	0.51	0.39	0.33	0.13	-0.06	-0.14	-0.19	-0.19	-0.14	-0.01	0.08	0.03	-0.11	0.45	3.07	18.65	18.65
128	730.70	28.85	28.85	7.75	3.98	2.72	2.37	2.19	1.85	1.64	1.42	1.14	0.96	0.96	0.90	0.94	0.75	0.69	0.62	0.51	0.45	0.31	0.16	0.00	0.21	0.36	0.55	0.53	0.51	0.47	0.37	0.28	0.08	-0.10	-0.19	-0.24	-0.25	-0.21	-0.10	-0.04	-0.08	-0.22	0.23	2.75	18.08	18.08
129	734.04	28.92	28.92	7.87	4.08	2.80	2.40	2.22	1.87	1.65	1.41	1.13	0.97	0.97	0.91	0.95	0.76	0.70	0.63	0.51	0.46	0.31	0.15	0.00	0.22	0.37	0.55	0.52	0.50	0.47	0.35	0.28	0.08	-0.10	-0.21	-0.25	-0.26	-0.22	-0.09	-0.07	-0.11	-0.26	0.20	2.67	18.00	18.00
130	737.37	29.04	29.04	7.92	4.10	2.84	2.45	2.25	1.90	1.69	1.44	1.15	1.01	0.98	0.92	0.96	0.77	0.71	0.64	0.53	0.46	0.32	0.16	0.00	0.22	0.37	0.57	0.53	0.51	0.49	0.37	0.29	0.10	-0.07	-0.18	-0.24	-0.25	-0.19	-0.07	-0.02	-0.08	-0.22	0.24	2.76	17.99	17.99
131	740.71	28.98	28.98	7.87	4.09	2.80	2.41	2.23	1.87	1.66	1.42	1.14	0.97	0.97	0.91	0.95	0.76	0.70	0.62	0.51	0.43	0.32	0.15	0.00	0.21	0.36	0.54	0.52	0.50	0.47	0.36	0.27	0.09	-0.09	-0.19	-0.24	-0.24	-0.21	-0.09	0.00	-0.06	-0.22	0.24	2.75	18.10	18.10
132	744.04	29.12	29.12	7.95	4.11	2.84	2.42	2.27	1.90	1.67	1.44	1.14	0.98	0.98	0.93	0.96	0.76	0.70	0.64	0.52	0.44	0.33	0.15	0.00	0.22	0.36	0.55	0.53	0.51	0.48	0.37	0.28	0.10	-0.08	-0.21	-0.24	-0.22	-0.21	-0.07	-0.02	-0.07	-0.23	0.25	2.75	18.03	18.03
133	747.37	29.01	29.01	7.92	4.09	2.86	2.42	2.24	1.89	1.65	1.43	1.14	0.98	0.96	0.93	0.94	0.76	0.70	0.63	0.52	0.43	0.31	0.15	0.00	0.21	0.35	0.55	0.51	0.51	0.49	0.37	0.29	0.09	-0.10	-0.21	-0.23	-0.25	-0.21	-0.07	-0.02	-0.10	-0.21	0.29	2.75	18.07	18.07
134	750.71	28.89	28.89	7.86	4.05	2.81	2.38	2.22	1.87	1.65	1.40	1.11	0.97	0.95	0.90	0.95	0.76	0.69	0.61	0.52	0.42	0.31	0.14	0.00	0.22	0.36	0.56	0.52	0.49	0.47	0.38	0.29	0.08	-0.10	-0.21	-0.26	-0.27	-0.24	-0.10	-0.05	-0.10	-0.26	0.21	2.67	17.88	17.88
135	754.04	28.97	28.97	7.88	4.07	2.81	2.40	2.25	1.88	1.65	1.42	1.13	0.99	0.96	0.91	0.97	0.77	0.71	0.65	0.53	0.45	0.32	0.16	0.00	0.22	0.34	0.55	0.52	0.51	0.49	0.38	0.30	0.11	-0.10	-0.21	-0.25	-0.26	-0.21	-0.09	-0.02	-0.08	-0.23	0.22	2.66	17.98	17.98
136	757.37	29.04	29.04	8.01	4.15	2.89	2.43	2.28	1.90	1.68	1.45	1.13	0.98	0.96	0.91	0.97	0.77	0.69	0.63	0.50	0.42	0.30	0.15	0.00	0.20	0.34	0.55	0.51	0.52	0.50	0.40	0.33	0.12	-0.06	-0.17	-0.19	-0.20	-0.16	-0.01	0.07	0.02	-0.06	0.49	3.08	18.54	18.54
137	760.70	28.53	28.53	7.72	3.98	2.72	2.32	2.17	1.83	1.59	1.35	1.05	0.91	0.90	0.86	0.92	0.74	0.67	0.60	0.50	0.42	0.28	0.17	0.00	0.20	0.34	0.53	0.49	0.48	0.45	0.36	0.27	0.05	-0.12	-0.26	-0.29	-0.31	-0.27	-0.12	-0.06	-0.14	-0.23	0.19	2.66	17.73	17.73
138	764.03	28.31	28.31	7.54	3.91	2.65	2.23	2.10	1.74	1.51	1.26	0.98	0.84	0.83	0.79	0.85	0.70	0.63	0.56	0.46	0.38	0.27	0.15	0.00	0.18	0.30	0.49	0.43	0.40	0.36	0.25	0.17	-0.05	-0.25	-0.40	-0.44	-0.47	-0.45	-0.32	-0.30	-0.42	-0.62	-0.27	1.89	16.51	16.51
139	767.36	28.87	28.87	7.85	4.09	2.77	2.34	2.16	1.81	1.54	1.31	1.02	0.88	0.87	0.83	0.88	0.72	0.66	0.60	0.47	0.41	0.28	0.16	0.00	0.18	0.31	0.50	0.42	0.41	0.37	0.26	0.17	-0.07	-0.26	-0.40	-0.47	-0.49	-0.48	-0.36	-0.34	-0.50	-0.70	-0.41	1.75	16.17	16.17
140	770.69	29.53	29.53	8.17	4.29	2.92	2.46	2.31	1.92	1.65	1.42	1.13	0.99	1.00	0.92	0.97	0.81	0.74	0.65	0.54	0.45	0.30	0.16	0.00	0.19	0.34	0.56	0.51	0.50	0.45	0.37	0.27	0.07	-0.13	-0.25	-0.31	-0.31	-0.29	-0.15	-0.11	-0.20	-0.33	0.13	2.54	17.52	17.52
141	774.01	29.46	29.46	8.17	4.36	2.95	2.48	2.30	1.95	1.69	1.46	1.17	1.02	1.02	0.95	1.01	0.82	0.75	0.68	0.56	0.48	0.30	0.16	0.00	0.21	0.36	0.59	0.53	0.52	0.49	0.40	0.33	0.11	-0.09	-0.23	-0.27	-0.25	-0.26	-0.09	-0.02	-0.15	-0.26	0.28	2.72	17.89	17.89
142	777.34	29.21	29.21	7.90	4.14	2.83	2.38	2.24	1.83	1.61	1.41	1.10	0.95	0.99	0.94	1.00	0.80	0.73	0.67	0.55	0.48	0.32	0.21	0.00	0.22	0.38	0.61	0.53	0.54	0.49	0.41	0.31	0.09	-0.12	-0.24	-0.30	-0.32	-0.30	-0.15	-0.10	-0.18	-0.34	0.16	2.58	17.81	17.81
143	780.67	28.98	28.98	7.84	4.07	2.74	2.30	2.17	1.83	1.57	1.34	1.05	0.93	0.95	0.92	0.98	0.81	0.73	0.68	0.56	0.48	0.32	0.21	0.00	0.23	0.38	0.60	0.54	0.54	0.50	0.41	0.30	0.08	-0.12	-0.27	-0.30	-0.35	-0.33	-0.18	-0.15	-0.27	-0.37	0.06	2.51	17.37	17.37
144	783.99	28.65	28.65	7.82	4.05	2.72	2.25	2.14	1.78	1.56	1.32	1.03	0.88	0.94	0.91	0.98	0.78	0.73	0.67	0.54	0.46	0.30	0.19	0.00	0.21	0.37	0.61	0.54	0.51	0.48	0.40	0.27	0.06	-0.13	-0.29	-0.35	-0.40	-0.38	-0.23	-0.17	-0.33	-0.44	0.03	2.26	17.46	17.46
145	787.31	28.49	28.49	7.54	3.95	2.63	2.15	2.06	1.72	1.47	1.27	0.99	0.86	0.88	0.86	0.94	0.76	0.69	0.63	0.52	0.45	0.29	0.17	0.00	0.20	0.36	0.57	0.51	0.50	0.45	0.37	0.23	0.03	-0.18	-0.36	-0.41	-0.48	-0.43	-0.31	-0.26	-0.43	-0.56	-0.18	2.15	16.82	16.82
146	790.64	28.57	28.57	7.65	4.01	2.72	2.19	2.07	1.74	1.49	1.26	0.99	0.87	0.89	0.86	0.95	0.77	0.71	0.63	0.51	0.44	0.28	0.15	0.00	0.17	0.35	0.55	0.48	0.48	0.43	0.33	0.24	0.01	-0.20	-0.38	-0.44	-0.50	-0.47	-0.34	-0.31	-0.47	-0.63	-0.20	2.04	16.64	16.64
147	793.96	28.71	28.71	7.68	4.06	2.73	2.25	2.09	1.76	1.52	1.29	1.01	0.89	0.92	0.89	0.96	0.78	0.73	0.66	0.54	0.45	0.30	0.17	0.00	0.19	0.37	0.56	0.50	0.50	0.46	0.35	0.26	0.04	-0.19	-0.33	-0.44	-0.45	-0.44	-0.30	-0.27	-0.44	-0.51	-0.20	2.03	16.76	16.76
148	797.28	28.72	28.72	7.73	4.10	2.76	2.25	2.14	1.75	1.53	1.29	1.02	0.88	0.91	0.89	0.96	0.80	0.72	0.65	0.51	0.45	0.30	0.16	0.00	0.20	0.36	0.54	0.48	0.50	0.46	0.37	0.28	0.05	-0.18	-0.33	-0.39	-0.44	-0.43	-0.30	-0.24	-0.40	-0.49	-0.21	2.04	16.73	16.73
149	800.60	28.65	28.65	7.67	4.04	2.76	2.27	2.10	1.80	1.53	1.32	1.03	0.93	0.92	0.90	0.99	0.81	0.74	0.70	0.54	0.47	0.33	0.17	0.00	0.21	0.36	0.56	0.52	0.52	0.48	0.40	0.30	0.09	-0.16	-0.30	-0.36	-0.42	-0.40	-0.29	-0.25	-0.38	-0.52	-0.13	2.07	16.70	16.70
150	803.92	28.94	28.94	7.89	4.18	2.88	2.35	2.20	1.84	1.58	1.37	1.07	0.95	0.95	0.96	1.05	0.82	0.77	0.70	0.57	0.47	0.33	0.17	0.00	0.20	0.36	0.57	0.53	0.53	0.50	0.41	0.36	0.11	-0.11	-0.29	-0.35	-0.40	-0.34	-0.22	-0.21	-0.34	-0.48	-0.05	2.15	17.01	17.01
151	807.24	28.91	28.91	7.77	4.16	2.89	2.30	2.18	1.86	1.59	1.39	1.08	0.97	0.97	0.97	1.03	0.84	0.79	0.71	0.59	0.49	0.33	0.19	0.00	0.23	0.41	0.59	0.52	0.55	0.53	0.44	0.35	0.14	-0.12	-0.27	-0.32	-0.37	-0.37	-0.19	-0.18	-0.36	-0.41	-0.02	2.11	16.88	16.88
152	810.56	28.79	28.79	7.85	4.12	2.82	2.34	2.18	1.89	1.62	1.42	1.10	0.97	0.97	0.96	1.06	0.87	0.81	0.74	0.59	0.49	0.32	0.19	0.00	0.21	0.38	0.62	0.55	0.58	0.56	0.46	0.38	0.15	-0.07	-0.25	-0.28	-0.31	-0.30	-0.16	-0.13	-0.24	-0.37	0.09	2.29	17.09	17.09
153	813.87	28.98	28.98	8.00	4.37	2.99	2.47	2.35	2.01	1.75	1.51	1.21	1.07	1.09	1.08	1.13	0.95	0.85	0.78	0.65	0.51	0.33	0.21	0.00	0.24	0.43	0.66	0.61	0.66	0.65	0.57	0.49	0.30	0.07	-0.04	-0.08	-0.08	-0.03	0.14	0.21	0.13	0.14	0.72	3.26	18.64	18.64
154	817.19	29.00	29.00	8.02	4.36	3.12	2.52	2.41	2.08	1.78	1.55	1.25	1.11	1.08	1.07	1.13	0.96	0.87	0.79	0.64	0.53	0.33	0.18	0.00	0.24	0.44	0.67	0.67	0.71	0.70	0.65	0.57	0.39	0.18	0.06	0.02	0.04	0.12	0.33	0.46	0.38	0.52	1.23	3.90	19.96	19.96
155	820.50	28.33	28.33	7.77	4.22	3.02	2.44	2.35	2.01	1.70	1.44	1.14	0.99	0.98	0.95	1.03	0.88	0.80	0.71	0.59	0.50	0.32	0.17	0.00	0.22	0.39	0.58	0.57	0.59	0.59	0.52	0.43	0.21	-0.01	-0.16	-0.19	-0.17	-0.10	0.07	0.14	0.01	0.04	0.50	2.77	17.65	17.65
156	823.82	28.55	28.55	7.96	4.43	3.18	2.58	2.44	2.06	1.73	1.45	1.15	0.98	0.95	0.93	0.98	0.86	0.78	0.69	0.57	0.47	0.30	0.15	0.00	0.18	0.34	0.49	0.49	0.50	0.48	0.39	0.30	0.08	-0.13	-0.29	-0.34	-0.31	-0.25	-0.11	-0.05	-0.26	-0.32	-0.07	1.84	15.77	15.77
157	827.13	29.15	29.15	8.29	4.64	3.34	2.69	2.53	2.15	1.80	1.51	1.20	1.03	1.01	0.97	1.03	0.89	0.81	0.73	0.60	0.50	0.32	0.16	0.00	0.19	0.33	0.50	0.48	0.51	0.49	0.40	0.31	0.08	-0.14	-0.29	-0.34	-0.31	-0.27	-0.13	-0.10	-0.30	-0.40	-0.15	1.68	15.52	15.52
158	830.44	29.81	29.81	8.55	4.78	3.44	2.79	2.61	2.22	1.89	1.61	1.29	1.11	1.09	1.06	1.12	0.95	0.89	0.79	0.65	0.53	0.35	0.17	0.00	0.19	0.35	0.54	0.53	0.56	0.55	0.48	0.38	0.16	-0.06	-0.22	-0.25	-0.23	-0.19	-0.03	-0.01	-0.19	-0.24	0.10	2.11	16.44	16.44
159	833.76	29.63	29.63	8.47	4.71	3.36	2.72	2.55	2.20	1.87	1.60	1.30	1.13	1.09	1.08	1.14	0.98	0.90	0.81	0.66	0.54	0.34	0.17	0.00	0.20	0.35	0.57	0.56	0.60	0.59	0.52	0.43	0.21	-0.02	-0.15	-0.19	-0.18	-0.13	0.02	0.08	-0.09	-0.10	0.28	2.49	17.15	17.15
160	837.07	29.61	29.61	8.35	4.55	3.24	2.60	2.44	2.08	1.79	1.54	1.23	1.07	1.06	1.06	1.13	0.96	0.89	0.81	0.66	0.55	0.35	0.18	0.00	0.20	0.35	0.57	0.54	0.57	0.55	0.47	0.37	0.13	-0.10	-0.25	-0.30	-0.32	-0.29	-0.15	-0.13	-0.34	-0.41	-0.13	1.91	16.11	16.11
161	840.37	29.80	29.80	8.44	4.67	3.26	2.63	2.49	2.12	1.81	1.60	1.25	1.12	1.11	1.08	1.17	1.00	0.92	0.85	0.69	0.59	0.39	0.19	0.00	0.22	0.38	0.61	0.56	0.60	0.58	0.51	0.39	0.16	-0.07	-0.22	-0.28	-0.33	-0.32	-0.17	-0.17	-0.36	-0.44	-0.14	1.93	16.25	16.25
162	843.68	30.09	30.09	8.38	4.62	3.24	2.59	2.47	2.10	1.82	1.62	1.27	1.13	1.13	1.12	1.20	1.03	0.96	0.89	0.71	0.61	0.42	0.21	0.00	0.26	0.42	0.63	0.59	0.67	0.62	0.53	0.43	0.18	-0.08	-0.22	-0.29	-0.32	-0.31	-0.15	-0.20	-0.37	-0.44	-0.16	1.89	16.19	16.19
163	846.99	30.05	30.05	8.36	4.58	3.24	2.59	2.42	2.12	1.77	1.63	1.27	1.15	1.20	1.11	1.22	1.04	0.96	0.87	0.72	0.60	0.42	0.22	0.00	0.23	0.42	0.67	0.62	0.64	0.67	0.59	0.45	0.22	-0.00	-0.15	-0.20	-0.23	-0.24	-0.07	-0.02	-0.24	-0.23	0.10	2.34	17.01	17.01
164	850.29	29.11	29.11	8.22	4.29	3.02	2.43	2.30	1.94	1.77	1.56	1.20	1.08	1.09	1.07	1.18	1.01	0.95	0.86	0.72	0.59	0.44	0.22	0.00	0.23	0.43	0.69	0.63	0.70	0.66	0.57	0.46	0.24	0.01	-0.17	-0.24	-0.24	-0.22	-0.12	-0.05	-0.15	-0.23	0.11	2.35	17.34	17.34
165	853.60	28.93	28.93	7.63	4.13	2.79	2.26	2.17	1.86	1.57	1.42	1.07	0.97	1.01	1.00	1.15	0.89	0.86	0.81	0.66	0.58	0.40	0.25	0.00	0.28	0.45	0.64	0.61	0.65	0.63	0.55	0.43	0.13	-0.06	-0.26	-0.36	-0.39	-0.35	-0.27	-0.26	-0.40	-0.35	-0.27	2.19	16.39	16.39
166	856.90	28.64	28.64	7.51	3.88	2.58	2.08	1.97	1.78	1.42	1.29	1.01	0.85	0.92	0.93	1.07	0.91	0.80	0.78	0.67	0.54	0.37	0.19	0.00	0.22	0.41	0.62	0.59	0.61	0.57	0.49	0.36	0.05	-0.19	-0.38	-0.39	-0.50	-0.53	-0.29	-0.45	-0.52	-0.82	-0.48	1.71	15.82	15.82
167	860.21	27.82	27.82	7.42	3.65	2.55	2.01	1.90	1.62	1.41	1.26	0.96	0.82	0.88	0.91	1.07	0.87	0.84	0.77	0.67	0.49	0.36	0.20	0.00	0.24	0.38	0.64	0.58	0.61	0.56	0.46	0.38	0.10	-0.18	-0.39	-0.48	-0.54	-0.51	-0.33	-0.43	-0.63	-0.73	-0.56	1.58	16.24	16.24
168	863.51	27.91	27.91	7.47	3.79	2.52	2.12	1.93	1.67	1.40	1.20	0.96	0.82	0.85	0.87	1.04	0.85	0.82	0.79	0.64	0.56	0.39	0.25	0.00	0.23	0.38	0.60	0.64	0.61	0.58	0.45	0.35	0.08	-0.20	-0.35	-0.45	-0.53	-0.50	-0.34	-0.44	-0.61	-0.71	-0.52	1.53	15.91	15.91
169	866.81	28.10	28.10	7.45	3.80	2.59	2.02	1.91	1.69	1.43	1.19	0.88	0.79	0.85	0.89	1.02	0.86	0.81	0.78	0.64	0.52	0.35	0.20	0.00	0.21	0.37	0.58	0.60	0.61	0.55	0.48	0.33	0.04	-0.22	-0.38	-0.46	-0.51	-0.54	-0.41	-0.48	-0.60	-0.73	-0.42	1.70	15.99	15.99
170	870.11	28.00	28.00	7.27	3.73	2.61	2.04	1.94	1.65	1.44	1.22	0.96	0.84	0.86	0.89	1.02	0.88	0.85	0.79	0.66	0.52	0.36	0.20	0.00	0.23	0.37	0.59	0.58	0.60	0.58	0.49	0.36	0.08	-0.19	-0.33	-0.49	-0.49	-0.49	-0.32	-0.37	-0.56	-0.67	-0.44	1.68	16.07	16.07
171	873.41	28.29	28.29	7.54	3.91	2.64	2.15	2.08	1.77	1.50	1.30	1.03	0.89	0.92	0.95	1.05	0.95	0.88	0.80	0.67	0.55	0.39	0.20	0.00	0.25	0.40	0.65	0.67	0.66	0.66	0.57	0.45	0.18	-0.07	-0.22	-0.30	-0.32	-0.34	-0.17	-0.16	-0.33	-0.30	0.09	2.47	17.14	17.14
172	876.70	28.07	28.07	7.53	3.86	2.62	2.13	2.02	1.73	1.45	1.26	0.95	0.87	0.88	0.93	1.03	0.91	0.87	0.79	0.66	0.54	0.35	0.20	0.00	0.22	0.37	0.59	0.64	0.65	0.64	0.54	0.45	0.18	-0.08	-0.25	-0.35	-0.36	-0.33	-0.15	-0.18	-0.32	-0.37	0.07	2.41	16.99	16.99
173	880.00	27.76	27.76	7.30	3.72	2.57	2.07	1.97	1.69	1.38	1.17	0.90	0.80	0.80	0.86	0.98	0.88	0.81	0.76	0.62	0.50	0.32	0.13	0.00	0.17	0.33	0.51	0.55	0.56	0.54	0.45	0.34	0.04	-0.23	-0.42	-0.50	-0.52	-0.53	-0.41	-0.43	-0.69	-0.82	-0.51	1.44	15.38	15.38
174	883.29	28.07	28.07	7.47	3.84	2.66	2.13	2.02	1.73	1.42	1.20	0.93	0.81	0.82	0.88	0.99	0.90	0.84	0.79	0.65	0.51	0.35	0.17	0.00	0.18	0.33	0.50	0.54	0.55	0.50	0.41	0.28	-0.01	-0.30	-0.50	-0.59	-0.63	-0.62	-0.54	-0.60	-0.87	-1.09	-0.96	0.77	14.14	14.14
175	886.59	28.63	28.63	7.85	4.13	2.83	2.26	2.13	1.84	1.51	1.32	1.03	0.90	0.92	0.93	1.04	0.95	0.88	0.82	0.67	0.54	0.36	0.19	0.00	0.16	0.34	0.51	0.56	0.58	0.54	0.47	0.34	0.06	-0.22	-0.41	-0.50	-0.53	-0.55	-0.43	-0.49	-0.71	-0.97	-0.71	1.15	14.88	14.88
176	889.88	28.89	28.89	8.01	4.23	2.93	2.37	2.24	1.95	1.62	1.39	1.10	0.99	0.99	1.00	1.12	0.98	0.90	0.84	0.70	0.57	0.38	0.18	0.00	0.17	0.37	0.57	0.62	0.65	0.62	0.56	0.43	0.18	-0.09	-0.26	-0.34	-0.35	-0.32	-0.17	-0.20	-0.38	-0.45	-0.11	2.12	16.67	16.67
177	893.17	28.35	28.35	7.81	4.01	2.81	2.26	2.14	1.88	1.54	1.35	1.06	0.95	0.95	0.98	1.09	0.98	0.92	0.84	0.69	0.55	0.37	0.16	0.00	0.18	0.36	0.54	0.61	0.64	0.63	0.54	0.41	0.16	-0.13	-0.29	-0.37	-0.41	-0.40	-0.27	-0.28	-0.49	-0.61	-0.35	1.81	15.83	15.83
178	896.46	28.54	28.54	7.80	4.03	2.73	2.26	2.12	1.82	1.52	1.31	1.03	0.92	0.94	0.96	1.09	0.98	0.91	0.85	0.69	0.54	0.37	0.17	0.00	0.18	0.38	0.53	0.58	0.60	0.58	0.50	0.37	0.09	-0.21	-0.39	-0.46	-0.52	-0.53	-0.41	-0.49	-0.75	-0.95	-0.76	1.14	14.91	14.91
179	899.75	28.56	28.56	7.79	4.01	2.77	2.25	2.12	1.83	1.53	1.32	1.04	0.93	0.92	0.95	1.09	0.97	0.91	0.84	0.68	0.54	0.37	0.18	0.00	0.17	0.37	0.52	0.57	0.61	0.60	0.51	0.38	0.11	-0.18	-0.36	-0.47	-0.50	-0.51	-0.35	-0.41	-0.65	-0.78	-0.57	1.43	15.36	15.36
180	903.03	28.33	28.33	7.58	3.91	2.68	2.22	2.07	1.80	1.50	1.28	1.01	0.92	0.95	0.96	1.07	0.94	0.92	0.84	0.67	0.56	0.40	0.16	0.00	0.16	0.39	0.53	0.58	0.63	0.60	0.50	0.38	0.10	-0.20	-0.38	-0.45	-0.50	-0.51	-0.39	-0.45	-0.68	-0.90	-0.66	1.32	15.15	15.15
181	906.32	28.44	28.44	7.65	3.96	2.67	2.18	2.05	1.78	1.51	1.31	1.05	0.91	0.93	0.96	1.07	0.96	0.93	0.86	0.70	0.56	0.39	0.19	0.00	0.19	0.40	0.56	0.56	0.61	0.57	0.50	0.37	0.08	-0.22	-0.40	-0.49	-0.53	-0.55	-0.47	-0.51	-0.75	-0.95	-0.85	1.10	14.63	14.63
182	909.61	28.57	28.57	7.75	4.06	2.81	2.28	2.15	1.88	1.57	1.37	1.10	0.95	0.96	0.99	1.11	0.97	0.93	0.87	0.69	0.56	0.36	0.13	0.00	0.17	0.36	0.56	0.61	0.67	0.65	0.56	0.41	0.17	-0.10	-0.30	-0.35	-0.42	-0.41	-0.26	-0.32	-0.48	-0.57	-0.39	1.79	16.08	16.08
183	912.89	27.87	27.87	7.49	3.85	2.65	2.11	2.05	1.76	1.47	1.26	1.00	0.88	0.89	0.95	1.03	0.95	0.90	0.83	0.67	0.54	0.37	0.14	0.00	0.16	0.35	0.54	0.60	0.63	0.64	0.54	0.43	0.16	-0.13	-0.32	-0.40	-0.44	-0.43	-0.31	-0.36	-0.58	-0.72	-0.42	1.73	15.93	15.93
184	916.17	27.47	27.47	7.19	3.68	2.51	1.97	1.94	1.66	1.38	1.15	0.91	0.81	0.84	0.86	0.98	0.89	0.88	0.76	0.65	0.51	0.34	0.10	0.00	0.13	0.29	0.50	0.49	0.55	0.53	0.44	0.28	0.00	-0.29	-0.51	-0.61	-0.63	-0.68	-0.59	-0.67	-1.01	-1.24	-1.17	0.76	13.87	13.87
185	919.45	27.73	27.73	7.36	3.78	2.51	2.01	1.91	1.70	1.38	1.17	0.88	0.80	0.79	0.87	0.99	0.89	0.88	0.78	0.63	0.51	0.33	0.11	0.00	0.13	0.28	0.47	0.50	0.54	0.50	0.40	0.26	-0.04	-0.35	-0.57	-0.66	-0.72	-0.80	-0.65	-0.77	-1.11	-1.35	-1.42	0.39	13.41	13.41
186	922.73	28.49	28.49	7.83	4.04	2.81	2.25	2.12	1.82	1.50	1.32	1.05	0.93	0.90	0.97	1.08	0.96	0.93	0.81	0.66	0.55	0.34	0.11	0.00	0.14	0.29	0.49	0.50	0.60	0.57	0.43	0.34	0.06	-0.24	-0.45	-0.52	-0.55	-0.60	-0.46	-0.55	-0.85	-1.05	-0.92	1.04	14.89	14.89
187	926.01	29.18	29.18	7.95	4.24	2.83	2.33	2.15	1.92	1.64	1.41	1.08	1.05	1.00	1.02	1.11	0.96	0.94	0.86	0.68	0.56	0.35	0.16	0.00	0.18	0.34	0.58	0.59	0.65	0.62	0.54	0.41	0.17	-0.15	-0.35	-0.40	-0.37	-0.44	-0.32	-0.30	-0.50	-0.66	-0.51	2.04	16.04	16.04
188	929.29	28.56	28.56	7.65	4.07	2.70	2.21	2.05	1.82	1.53	1.40	1.02	0.91	0.93	0.95	1.14	0.96	0.94	0.85	0.68	0.55	0.36	0.11	0.00	0.12	0.30	0.59	0.59	0.69	0.67	0.54	0.42	0.11	-0.09	-0.29	-0.39	-0.34	-0.39	-0.27	-0.27	-0.41	-0.71	-0.35	1.73	15.93	15.93
189	932.56	28.07	28.07	7.36	3.86	2.57	2.11	1.98	1.80	1.43	1.29	0.96	0.90	0.90	0.99	1.05	0.96	0.93	0.79	0.64	0.52	0.34	0.13	0.00	0.15	0.39	0.62	0.60	0.65	0.62	0.49	0.40	0.11	-0.17	-0.36	-0.41	-0.48	-0.45	-0.27	-0.41	-0.52	-0.70	-0.34	1.82	16.07	16.07
190	935.84	27.56	27.56	7.26	3.68	2.54	1.97	1.80	1.68	1.35	1.17	0.87	0.78	0.82	0.90	0.97	0.92	0.87	0.79	0.62	0.48	0.39	0.12	0.00	0.15	0.33	0.60	0.53	0.60	0.57	0.41	0.30	0.02	-0.27	-0.48	-0.57	-0.56	-0.61	-0.53	-0.63	-0.84	-1.00	-0.94	1.15	14.50	14.50
191	939.11	27.42	27.42	7.24	3.56	2.39	1.96	1.75	1.61	1.28	1.14	0.84	0.75	0.76	0.88	1.01	0.90	0.84	0.77	0.66	0.51	0.39	0.13	0.00	0.20	0.33	0.51	0.55	0.60	0.58	0.45	0.30	-0.01	-0.36	-0.57	-0.64	-0.71	-0.68	-0.65	-0.72	-1.05	-1.28	-1.26	0.69	13.90	13.90
192	942.38	27.60	27.60	7.24	3.77	2.50	2.00	1.80	1.59	1.34	1.15	0.87	0.76	0.78	0.85	1.01	0.90	0.86	0.84	0.66	0.47	0.37	0.13	0.00	0.16	0.36	0.53	0.57	0.56	0.53	0.42	0.29	-0.04	-0.32	-0.54	-0.67	-0.73	-0.72	-0.62	-0.76	-1.04	-1.23	-1.20	0.66	13.80	13.80
193	945.65	27.66	27.66	7.33	3.63	2.44	1.94	1.89	1.65	1.28	1.13	0.87	0.77	0.76	0.80	0.99	0.88	0.86	0.81	0.61	0.51	0.36	0.14	0.00	0.19	0.38	0.51	0.60	0.58	0.54	0.41	0.26	-0.07	-0.32	-0.50	-0.60	-0.67	-0.68	-0.56	-0.66	-0.94	-1.05	-0.92	0.81	14.72	14.72
194	948.92	27.40	27.40	7.33	3.73	2.46	1.87	1.77	1.59	1.30	1.10	0.83	0.77	0.76	0.86	0.94	0.90	0.87	0.82	0.65	0.48	0.34	0.12	0.00	0.15	0.32	0.51	0.52	0.56	0.53	0.40	0.26	-0.06	-0.39	-0.58	-0.67	-0.73	-0.72	-0.65	-0.73	-1.08	-1.28	-1.05	0.76	13.96	13.96
195	952.19	28.06	28.06	7.43	3.87	2.49	1.94	1.84	1.64	1.29	1.14	0.84	0.72	0.74	0.81	0.96	0.91	0.93	0.86	0.65	0.52	0.40	0.19	0.00	0.17	0.33	0.49	0.55	0.55	0.57	0.45	0.27	-0.01	-0.36	-0.62	-0.70	-0.76	-0.78	-0.64	-0.79	-1.12	-1.31	-1.03	0.58	13.76	13.76
196	955.45	27.78	27.78	7.84	3.97	2.68	1.98	1.79	1.65	1.41	1.15	0.85	0.74	0.76	0.86	0.98	0.91	0.82	0.80	0.66	0.55	0.42	0.11	0.00	0.12	0.29	0.46	0.54	0.53	0.52	0.40	0.21	-0.07	-0.40	-0.64	-0.67	-0.66	-0.78	-0.61	-0.80	-1.03	-1.20	-1.16	0.54	14.21	14.21
197	958.72	28.28	28.28	7.54	4.04	2.83	2.21	1.90	1.80	1.47	1.28	0.95	0.90	0.87	1.02	1.07	1.00	0.98	0.87	0.72	0.62	0.44	0.28	0.00	0.23	0.41	0.60	0.59	0.60	0.63	0.42	0.33	0.05	-0.26	-0.39	-0.49	-0.50	-0.64	-0.59	-0.43	-0.86	-0.96	-0.60	1.46	15.28	15.28
198	961.98	27.31	27.31	7.72	3.86	2.80	2.12	2.01	1.64	1.66	1.26	0.99	0.83	0.77	0.92	1.02	0.87	0.94	0.90	0.65	0.60	0.41	0.18	0.00	0.21	0.40	0.60	0.55	0.63	0.63	0.44	0.42	-0.04	-0.32	-0.43	-0.40	-0.59	-0.50	-0.25	-0.35	-0.54	-0.72	-0.41	2.02	15.53	15.53
199	965.24	27.77	27.77	7.20	3.58	2.35	1.91	1.60	1.38	1.22	1.01	0.75	0.57	0.56	0.71	0.93	0.75	0.73	0.67	0.38	0.36	0.29	0.01	0.00	0.01	0.21	0.40	0.46	0.44	0.49	0.36	0.14	-0.13	-0.36	-0.62	-0.71	-0.89	-0.71	-0.70	-0.83	-0.98	-1.12	-0.99	0.85	14.59	14.59
200	968.50	27.24	27.24	7.21	3.74	2.35	1.89	1.71	1.43	1.13	1.01	0.68	0.62	0.62	0.74	0.92	0.86	0.80	0.71	0.66	0.52	0.31	0.13	0.00	0.19	0.38	0.59	0.53	0.53	0.55	0.39	0.17	-0.04	-0.44	-0.61	-0.66	-0.76	-0.76	-0.76	-0.80	-1.11	-1.22	-0.99	0.40	14.03	14.03
201	971.76	27.65	27.65	7.00	3.41	2.36	1.82	1.60	1.40	1.21	0.98	0.80	0.71	0.74	0.76	0.89	0.75	0.83	0.77	0.67	0.53	0.41	0.23	0.00	0.19	0.42	0.56	0.59	0.61	0.58	0.49	0.25	-0.15	-0.33	-0.63	-0.67	-0.73	-0.79	-0.73	-0.85	-0.97	-1.33	-1.00	0.74	13.98	13.98
202	975.02	26.78	26.78	7.01	3.40	2.16	1.77	1.57	1.44	1.13	0.93	0.64	0.56	0.64	0.69	0.78	0.73	0.78	0.69	0.62	0.43	0.26	0.12	0.00	0.10	0.25	0.49	0.45	0.51	0.47	0.30	0.18	-0.13	-0.42	-0.70	-0.81	-0.84	-0.85	-0.70	-0.96	-0.99	-1.20	-1.27	0.59	13.82	13.82
203	978.27	26.69	26.69	6.57	3.52	2.09	1.60	1.53	1.38	1.07	0.90	0.66	0.50	0.55	0.67	0.81	0.74	0.74	0.71	0.62	0.46	0.31	0.08	0.00	0.04	0.23	0.46	0.48	0.50	0.43	0.27	0.19	-0.18	-0.55	-0.75	-0.87	-0.96	-0.96	-0.93	-1.08	-1.39	-1.62	-1.47	-0.07	13.25	13.25
204	981.52	26.84	26.84	7.24	3.59	2.33	1.72	1.57	1.37	1.15	0.93	0.71	0.63	0.63	0.74	0.92	0.81	0.88	0.80	0.68	0.57	0.38	0.16	0.00	0.18	0.30	0.51	0.50	0.53	0.49	0.32	0.20	-0.18	-0.48	-0.75	-0.88	-0.91	-0.99	-0.92	-1.04	-1.38	-1.68	-1.71	0.04	12.86	12.86
205	984.78	27.16	27.16	7.28	3.77	2.38	1.67	1.77	1.53	1.29	0.93	0.78	0.64	0.70	0.67	0.83	0.76	0.81	0.76	0.61	0.51	0.32	0.15	0.00	0.11	0.32	0.36	0.48	0.57	0.47	0.33	0.19	-0.26	-0.40	-0.72	-0.75	-0.80	-0.88	-0.79	-0.83	-1.20	-1.33	-1.50	0.74	14.13	14.13
206	988.03	27.56	27.56	7.30	3.80	2.37	1.80	1.71	1.57	1.25	0.98	0.77	0.66	0.66	0.77	0.91	0.87	0.87	0.83	0.66	0.64	0.47	0.22	0.00	0.18	0.39	0.58	0.60	0.58	0.58	0.45	0.25	-0.05	-0.41	-0.57	-0.67	-0.78	-0.72	-0.59	-0.77	-0.95	-1.32	-1.09	1.21	13.89	13.89
207	991.28	27.23	27.23	6.92	3.34	2.10	1.61	1.52	1.39	1.09	0.85	0.68	0.54	0.64	0.63	0.89	0.82	0.79	0.79	0.65	0.57	0.39	0.13	0.00	0.18	0.43	0.47	0.53	0.60	0.46	0.29	0.19	-0.14	-0.55	-0.74	-0.85	-0.86	-0.91	-0.79	-1.16	-1.35	-1.69	-1.65	-0.09	12.96	12.96
208	994.52	27.00	27.00	7.11	3.50	1.99	1.81	1.44	1.45	1.10	0.93	0.65	0.49	0.56	0.69	0.86	0.74	0.80	0.77	0.55	0.54	0.38	0.22	0.00	0.08	0.29	0.40	0.46	0.47	0.39	0.25	0.03	-0.24	-0.54	-0.85	-1.00	-0.97	-1.04	-1.02	-1.29	-1.39	-1.69	-1.81	-0.32	11.97	11.97
209	997.77	28.16	28.16	7.15	3.76	2.23	1.77	1.56	1.49	1.12	1.05	0.73	0.57	0.64	0.76	0.80	0.73	0.84	0.82	0.56	0.46	0.36	0.16	0.00	0.19	0.39	0.42	0.55	0.47	0.41	0.34	0.20	-0.13	-0.48	-0.69	-0.78	-0.94	-0.99	-0.70	-1.01	-1.09	-1.59	-1.57	0.01	13.36	13.36
210	1001.01	26.58	26.58	7.26	4.02	2.25	2.03	1.57	1.49	1.41	1.14	0.87	0.85	0.66	0.74	0.93	0.83	0.92	0.82	0.51	0.61	0.26	0.18	0.00	0.16	0.33	0.58	0.41	0.45	0.60	0.27	0.18	-0.12	-0.39	-0.56	-0.58	-0.61	-0.77	-0.51	-0.93	-1.08	-1.36	-1.22	1.06	12.96	12.96
211	1004.26	27.00	27.00	7.19	4.21	2.31	2.06	1.50	1.77	1.42	1.15	0.91	0.73	0.69	0.79	0.99	0.84	1.05	0.78	0.81	0.56	0.54	0.45	0.00	0.40	0.68	0.63	0.71	0.54	0.57	0.70	0.29	-0.01	-0.29	-0.57	-0.55	-0.64	-0.33	-0.39	-0.73	-0.72	-1.03	-0.64	0.37	13.41	13.41
212	1007.50	27.96	27.96	6.71	3.75	2.51	1.90	1.49	1.27	1.10	1.06	0.56	0.59	0.48	0.58	0.86	0.85	0.75	0.76	0.63	0.58	0.53	0.24	0.00	0.26	0.43	0.32	0.60	0.59	0.57	0.37	0.14	-0.30	-0.35	-0.65	-0.90	-0.88	-0.75	-0.71	-1.17	-0.84	-1.12	-0.71	0.50	12.58	12.58
213	1010.74	25.02	25.02	7.03	3.08	1.77	1.61	1.42	1.60	1.09	0.86	0.73	0.58	0.56	0.67	0.80	0.79	0.77	0.71	0.60	0.53	0.55	0.43	0.00	0.27	0.48	0.41	0.65	0.61	0.48	0.21	0.33	-0.07	-0.52	-0.65	-0.82	-0.90	-0.82	-0.77	-1.14	-1.29	-1.85	-2.35	-0.13	11.95	11.95
214	1013.98	25.30	25.30	6.35	2.90	1.91	1.32	1.25	1.39	0.61	0.95	0.77	0.46	0.28	0.70	0.75	0.81	0.98	0.70	0.65	0.65	0.48	0.31	0.00	0.37	0.65	0.75	0.73	0.44	0.58	0.48	0.04	-0.10	-0.32	-0.72	-0.96	-0.99	-0.91	-1.12	-1.52	-1.47	-2.05	-2.17	-1.31	12.60	12.60
215	1017.21	25.63	25.63	6.60	2.15	1.78	0.84	1.29	0.95	0.78	0.95	0.61	0.55	0.54	0.56	0.87	0.76	0.55	0.57	0.45	0.29	0.33	0.20	0.00	0.02	0.31	0.30	0.23	0.54	0.39	0.12	0.02	-0.34	-0.48	-0.63	-1.17	-0.83	-0.92	-1.09	-0.60	-0.91	-2.14	-2.60	-0.99	10.75	10.75
216	1020.45	23.75	23.75	7.80	2.80	1.79	1.60	0.85	1.32	1.52	0.57	0.45	0.37	0.17	0.60	0.61	0.66	0.63	0.69	0.46	0.62	0.34	0.23	0.00	0.47	0.27	0.77	0.23	0.55	0.43	0.06	0.02	0.19	-0.47	-1.06	-1.12	-0.94	-0.83	-1.18	-0.99	-1.10	-2.55	-2.77	-2.86	13.06	13.06
217	1023.68	24.49	24.49	2.67	0.51	1.51	1.14	0.37	1.08	0.18	0.82	0.26	-0.24	0.31	0.56	0.25	0.37	0.79	0.35	-0.09	0.36	0.09	-0.28	0.00	-0.12	0.56	-0.06	0.24	0.07	0.16	0.82	0.27	0.17	-0.74	-1.03	-0.50	-1.10	-0.73	-0.92	-1.16	-0.82	-2.65	-1.70	0.83	14.26	14.26
218	1026.91	29.27	29.27	3.61	2.15	0.50	0.89	0.58	0.20	1.67	0.56	0.21	0.30	-0.02	0.76	1.39	0.70	0.87	1.03	0.28	0.53	0.47	0.08	0.00	0.81	0.44	0.95	0.83	1.42	0.75	0.70	0.53	-0.17	-0.46	-0.48	-0.92	-1.24	-0.14	-0.52	-1.16	-0.49	-1.62	-2.49	0.00	14.74	14.74
219	1030.14	24.51	24.51	10.55	3.00	1.01	0.91	0.44	1.26	0.98	0.76	0.91	1.05	0.53	0.42	0.67	0.90	1.25	0.65	0.15	0.54	0.55	0.22	0.00	0.40	0.19	0.66	0.45	0.66	0.51	0.72	0.02	-0.21	0.67	-0.13	-1.63	-1.22	-1.53	-0.40	-1.45	0.20	-1.97	-4.15	1.83	11.36	11.36
220	1033.37	38.05	38.05	8.88	2.71	0.27	1.80	0.84	1.37	1.84	1.00	1.22	0.74	1.36	1.20	1.26	1.05	1.57	0.82	0.10	0.96	1.37	0.55	0.00	0.84	0.55	0.28	1.37	0.69	0.76	1.18	0.47	0.40	0.19	-0.26	-0.86	-1.21	-0.91	-1.76	-2.45	0.16	-1.16	-1.44	0.38	18.50	18.50
221	1036.59	26.90	26.90	6.53	1.16	-0.18	-0.31	0.53	-0.66	0.92	0.45	0.42	0.97	0.02	0.38	0.11	0.34	0.40	1.39	-0.03	0.93	0.22	1.23	0.00	0.38	0.73	0.38	-0.45	1.54	-0.80	1.24	0.50	-0.32	-0.21	-0.11	-1.72	-1.54	0.10	0.10	-1.81	2.86	0.53	0.22	0.16	16.44	16.44
222	1039.82	26.16	26.16	8.88	0.95	1.09	1.55	-1.40	-0.17	1.16	1.44	-0.18	0.32	-0.83	0.55	-0.13	0.31	1.11	-0.16	0.15	-0.45	1.22	-0.46	0.00	-0.31	-0.00	-0.95	-0.88	-0.15	0.96	0.96	-0.33	-0.02	-0.97	-2.01	-1.67	-0.54	0.75	-0.39	-1.56	-1.68	-1.31	0.28	5.47	13.03	13.03
223	1043.04	30.79	30.79	12.59	5.08	2.17	6.27	2.90	1.64	2.31	-0.14	2.24	0.95	0.07	1.92	0.46	1.36	-0.25	1.30	-0.62	0.70	-0.00	-1.25	0.00	0.23	0.27	-1.09	0.57	-0.93	-0.35	0.32	0.95	-0.13	-0.91	-0.64	-1.74	-0.02	0.04	-1.27	-0.24	1.80	0.90	-0.90	-1.19	22.97	22.97
224	1046.26	27.31	27.31	6.71	8.29	1.13	5.23	-1.18	0.45	2.59	1.50	-1.85	-2.14	1.05	2.11	2.48	0.99	1.62	-0.40	-0.48	-1.04	-0.32	0.13	0.00	-0.71	0.56	-0.39	-0.69	-1.32	0.15	0.04	0.24	-1.15	0.15	-0.12	-2.95	-1.43	0.83	-1.55	0.14	1.53	-4.62	-5.28	-9.99	19.48	19.48
225	1049.48	24.89	24.89	-8.04	-1.33	5.99	-0.74	1.03	2.96	1.54	-1.90	0.07	-0.66	-0.77	-0.94	1.39	-1.21	1.41	-0.34	0.26	2.30	0.58	1.95	0.00	0.48	2.12	1.26	0.15	0.83	0.56	1.15	-0.50	1.86	3.64	-2.62	0.80	-0.39	0.09	1.20	1.48	1.77	7.10	4.08	7.04	9.82	9.82
226	1052.70	17.54	17.54	2.93	1.47	-5.02	3.93	-2.58	1.13	4.91	0.80	0.81	0.54	0.89	1.13	0.54	-0.19	1.07	1.17	-0.54	1.51	-0.29	0.61	0.00	0.56	-1.03	1.90	0.72	1.34	-0.77	3.81	1.48	0.29	1.73	0.01	0.31	4.51	-1.97	0.97	0.05	3.22	3.63	-5.24	6.84	25.72	25.72
227	1055.91	25.54	25.54	-0.05	-1.34	-3.37	-4.02	4.01	8.88	3.84	5.29	8.11	5.54	-1.24	1.37	2.69	2.33	3.09	1.91	1.85	2.25	1.55	-0.03	0.00	1.97	2.83	3.32	1.23	4.02	0.72	-1.46	0.61	0.29	-0.17	-0.78	3.93	-0.19	-0.43	0.43	-1.33	-0.45	-3.58	0.62	-17.03	23.71	23.71
228	1059.13	36.55	36.55	11.64	-4.09	0.59	-3.98	1.65	3.90	-0.69	0.43	2.78	-0.67	-0.09	5.55	-1.78	2.69	0.51	1.75	1.15	2.62	0.65	4.14	0.00	3.85	1.50	0.72	-1.13	4.69	6.35	0.58	1.36	-1.84	4.85	-0.34	1.55	-1.02	2.93	-1.16	3.00	11.24	5.69	-2.87	-13.66	74.13	74.13
229	1062.34	88.22	88.22	0.96	1.00	-9.76	-0.72	-3.09	1.84	9.52	0.88	-5.82	-1.51	-6.18	-1.65	0.72	-6.59	-0.50	-0.30	-2.43	-5.45	0.16	-0.60	0.00	-5.10	-3.87	-3.92	-2.82	-7.51	-4.05	-2.57	3.07	2.41	-1.26	-0.75	-1.80	4.74	4.78	6.13	-10.63	8.00	3.85	18.16	12.28	39.13	39.13
230	1065.55	-3.22	-3.22	1.61	7.31	-5.33	2.76	-3.79	4.44	7.36	2.62	6.09	-5.18	0.48	5.87	3.07	1.51	4.44	-2.56	-1.12	5.65	4.72	-3.68	0.00	-0.62	2.54	-3.44	-1.93	3.86	2.57	1.74	-1.99	4.71	-7.32	-5.96	-7.64	-1.89	-0.33	-12.98	-4.48	14.83	8.75	9.05	-4.46	-0.93	-0.93
231	1068.75	-4.13	-4.13	2.36	0.91	-7.21	-4.82	-14.16	-4.11	5.24	1.87	-4.80	4.27	-0.16	6.02	-1.25	-2.04	2.96	-7.54	-3.57	-7.46	-2.45	0.97	0.00	4.20	1.24	-6.07	3.17	-0.71	2.02	-2.26	-5.40	-2.98	-3.47	-10.25	-12.73	-10.85	-4.66	-1.40	-14.99	-10.40	5.61	13.79	-4.92	105.39	105.39
232	1071.96	82.36	82.36	-12.30	33.97	13.48	7.63	-7.22	-5.94	-7.89	10.91	-2.61	-5.86	1.28	3.86	3.10	-0.12	7.44	5.98	-5.71	4.63	10.39	9.66	0.00	2.87	5.74	6.57	-8.46	14.44	-0.24	2.03	4.12	-0.58	9.76	4.28	11.87	-0.40	22.56	14.24	10.36	-8.12	11.72	8.01	-3.18	20.64	20.64
233	1075.17	78.90	78.90	-11.15	56.91	16.74	6.45	-5.98	-3.97	-3.48	-6.44	10.66	0.99	5.39	9.71	-0.62	3.03	-2.49	-1.37	18.90	27.03	22.56	20.33	0.00	19.23	13.64	22.42	8.96	11.93	24.04	22.47	18.75	-0.45	10.48	4.97	6.05	-10.13	1.12	9.81	28.40	-16.95	15.73	-7.43	5.57	21.90	21.90
234	1078.37	19.18	19.18	-133.78	30.97	-10.45	21.39	-10.65	8.99	18.74	14.95	6.99	-11.23	1.30	-4.94	-7.96	-10.89	-5.72	-3.57	17.44	-6.73	-10.34	0.52	0.00	14.80	-9.46	-18.54	-8.18	-5.05	-9.31	3.49	-9.73	0.90	-7.16	-8.17	-14.60	-11.42	-10.83	22.38	-19.84	22.64	24.26	-7.82	39.00	102.03	102.03
235	1081.57	-86.98	-86.98	-61.78	-0.48	-23.65	25.44	-2.99	-13.70	26.25	-2.68	59.05	13.96	-24.87	3.71	29.46	-7.21	34.97	30.59	-7.78	2.13	12.03	34.76	0.00	42.65	37.03	8.15	13.76	36.09	77.01	80.83	35.32	49.33	81.78	-8.19	40.92	4.68	60.45	35.22	42.33	6.56	36.07	-45.79	-81.67	137.41	137.41
236	1084.77	434.61	434.61	-8.53	16.60	-28.55	-24.32	-87.90	1.63	16.17	-19.65	20.41	5.13	-28.07	-15.52	-15.87	-21.81	-28.02	-20.36	-36.43	-34.24	-11.61	-23.24	0.00	-14.58	-22.63	-15.65	-11.88	-2.82	-3.06	11.90	-7.49	-12.93	12.29	-20.49	-10.69	16.12	15.18	14.95	-7.39	127.76	-55.62	29.23	26.68	321.15	321.15
237	1087.96	-321.63	-321.63	104.47	155.22	130.94	129.50	122.21	81.20	66.35	111.35	109.16	-0.24	135.18	83.00	135.66	140.12	181.08	137.07	216.88	135.86	56.52	263.14	0.00	148.23	57.27	116.68	72.53	45.43	71.58	-8.78	17.82	54.37	26.50	16.65	56.66	20.65	-5.81	34.34	45.87	-24.61	64.98	35.86	-262.50	213.72	213.72
238	1091.16	1461.35	1461.35	64.16	-195.96	2.43	136.87	-30.96	90.18	112.50	12.42	94.55	70.30	34.71	-21.89	84.49	9.92	35.82	48.85	27.09	9.18	70.61	61.05	0.00	92.69	-29.88	60.76	41.73	74.23	88.72	-39.54	121.57	-10.70	-24.83	-35.27	-67.69	23.39	-39.88	-51.28	0.47	-20.93	217.59	338.47	-342.19	162.36	162.36
239	1094.35	698.25	698.25	164.76	25.88	186.31	38.92	155.81	3.59	-74.69	11.24	42.73	-27.92	7.87	53.29	12.87	28.21	63.89	24.03	40.03	66.69	33.92	-1.85	0.00	45.97	62.92	96.45	-21.93	10.28	10.49	14.40	65.40	61.95	65.19	56.94	21.35	44.61	4.54	108.13	90.43	252.87	53.61	-55.80	428.04	-324.80	-324.80
240	1097.54	-247.87	-247.87	105.75	-367.44	-15.92	198.76	-639.64	654.85	241.66	-242.71	-5.43	-64.49	40.07	-26.14	-26.19	-53.15	-49.08	32.32	-39.27	-46.23	-15.16	-12.40	0.00	-16.37	-22.04	-82.79	-97.65	-35.17	-68.18	169.63	237.86	472.26	-173.74	-113.87	34.78	-37.81	-92.60	-108.82	24.19	171.36	24.79	117.35	1048.65	-394.72	-394.72
241	1100.73	3326.09	3326.09	4437.55	737.47	14730.00	389.87	96.22	-653.30	-156.73	164.75	-218.20	-121.50	-42.22	-52.92	-131.10	-53.02	-99.26	28.78	-47.09	-73.69	-170.75	-55.34	0.00	-67.26	-47.43	-7.70	-116.61	-88.40	1.22	-62.59	-40.00	-54.98	-85.06	-142.52	-151.36	-126.91	-116.84	-24.97	1281.04	-2192.22	-337.27	-300.75	208.19	918.72	918.72
242	1103.92	3285.48	3285.48	37.45	168.89	-499.03	220.13	139.88	-20.06	33.64	116.84	-21.59	-126.25	-314.77	-51.44	-71.83	-147.35	-132.41	-34.50	-179.12	-95.20	-118.75	-38.93	0.00	18.37	63.30	-69.87	48.02	-27.73	139.30	84.96	33.81	-21.38	35.24	177.46	-17.43	630.63	942.47	-642.07	-831.28	-4815499.84	-405.80	-3547.62	-9125.27	6030.06	6030.06
243	1107.10	1044.57	1044.57	34.24	-90.89	167.90	88.05	-138.71	68.44	-53.54	-65.53	-53.18	143.74	-37.13	-27.39	-31.70	24.36	89.51	-103.21	260.76	-47.38	123.69	-73.47	0.00	-0.75	-135.61	-37.96	-10.93	-59.26	-69.47	1.16	-88.85	-52.76	-79.09	-73.37	-14.78	-39.70	84.55	-58.99	-63.52	136.41	51.16	-167.35	-401.58	-322.25	-322.25
244	1110.28	-127.84	-127.84	-211.20	-299.45	-630.25	153.43	241.22	-37.79	779.42	345.64	841.53	12.29	-6148.82	255.05	-103.64	640.01	436.32	-391.08	20.26	-77.02	86.46	-228.37	0.00	-238.52	-324.71	-82.21	135.41	-215.39	2859.97	51.68	-267.81	63.63	175.75	23.30	857.02	732.06	2342.84	182.39	-922.83	-242.42	-405.18	-632.50	-868.59	-876.36	-876.36
245	1113.46	-3036.84	-3036.84	-1040.73	29451.01	4006.93	122.02	-539.52	-95.25	-536.35	-136.51	311.21	-751.45	-983.68	-2021.11	746.14	67.09	-231.17	116.23	0.93	13.51	-50.92	202.52	0.00	33.75	-10.33	-132.78	-32.52	-160.05	-67.97	-183.12	124.36	-138.66	-320.33	254.01	-168.71	-43.11	-81.69	-84.78	-40.71	-82.03	35.43	-113.43	73.89	223.09	223.09
246	1116.64	-184.72	-184.72	-324.30	180.82	-11.91	-192.29	205.83	150.30	64.57	-669.99	121.06	-265.71	422.20	-162.04	-274.92	102.08	174.88	-260.01	-1230.37	819.60	864.78	-1188.36	0.00	154.78	51403.63	385.49	-117.61	-1643.88	62.70	591.49	-236460.52	-703.16	-16.48	-64.38	-156.76	507.57	-992.99	-510.59	47.22	1074.51	-546.41	530.45	-226.05	-1194.99	-1194.99
247	1119.82	214.08	214.08	-234.09	-143.80	216.54	-310.96	-195.09	-80.88	108.04	-68.41	-36.61	-36.15	-76.06	-38.95	-117.80	-31.64	478.48	-723.24	-521.57	-65.76	-50.24	111.17	0.00	-99.88	-91.37	307.14	439.61	-335.66	339.84	317.07	359.41	2428.51	-1802.67	-415.22	-313.99	-1564.25	-1261.44	173.07	-44.63	-875.17	-1117.19	-1332.26	337.36	-2099.31	-2099.31
248	1122.99	-961.60	-961.60	-353.24	-62.67	-200.46	-1518.01	-836.51	-625.94	210.03	-626.42	3450.50	955.39	-65.77	78.79	159.00	37.22	6.98	130.03	138.13	34.30	145.13	76.10	0.00	-56.88	71.90	-29.35	441.84	280.61	432.39	197.52	718.74	205.48	394.79	157.33	-191.53	555.16	70.40	398.84	-275.37	-252.81	1003.10	-1427.50	1008.73	2764.61	2764.61
249	1126.17	63.94	63.94	184.07	-360.92	-175.79	136.85	3.98	-278.69	53.40	-372.91	-65.08	-254.38	-16.79	-320.78	-107.31	-339.41	136.61	177.98	-548.59	-214.31	156.95	-1389.85	0.00	-973.90	-107.54	-185.64	43.72	-359.81	-79.13	-356.53	-173.54	-210.03	250.55	-189.99	869.81	-5420.16	-650.64	-927.68	-637.42	-351.20	-91.16	273.39	-412.39	-660.28	-660.28
250	1129.34	506.78	506.78	19.09	-286.39	42.82	-47.14	-72.72	-123.99	-97.48	-48.26	-445.72	-510.51	-1941.13	424.03	-122.53	17.35	23.08	-68.65	20.29	28.06	95.90	211.32	0.00	789.49	536.63	268.95	-239.18	770.39	-100.45	2388.27	5428.07	-39400.12	-2993.12	-1466.00	-1745.86	-899.26	-40.77	1235.74	-858.94	-69.97	324.28	-385.04	-2801.83	-6351.60	-6351.60
251	1132.51	974.11	974.11	1114.54	1212.89	1610.58	-4733.93	-2486.65	-1458.20	-257.25	-405.93	133.74	53.00	-213.81	-54.88	-95.79	-59.07	18.14	201.82	7.18	135.37	193.90	-511.40	0.00	-208.85	-360.36	-1387.06	305.01	32.31	-250.84	-1029.18	1225.32	-43.04	69.07	425.39	69.89	-28.78	168.04	21.31	165.07	37.54	-42.41	103.70	-500.64	-2.21	-2.21
252	1135.67	1834.19	1834.19	1070.91	211.74	6788.99	-100.92	-1113.95	-38.92	152.45	-161.98	24.36	-8.14	-123.55	56.77	-40.03	-26.81	86.22	-25.94	-101.26	-73.83	-108.57	-23.17	0.00	43.41	-61.39	13.58	-31.01	-100.99	49.60	-85.65	-50.07	101.94	-259.48	-199.80	142.56	-33.03	270.54	77.28	-359.00	-212.40	237.61	-38.60	1236.25	-2740.92	-2740.92
253	1138.84	9838.77	9838.77	-821.67	-152.32	-890.17	769.09	1180.66	1102.04	509.32	783.16	-303.90	511.33	-40.04	360.16	-125.51	10.64	352.79	407.78	129.31	160.78	259.65	178.52	0.00	97.02	16.10	27.21	22.56	27.28	-80.39	-12.31	-89.79	39.43	12.75	-74.45	-34.28	18.69	-44.92	-15.08	-34.25	-37.32	32.92	-38.99	-54.98	153.72	153.72
254	1142.00	-2448.40	-2448.40	-4586.12	548.57	520.04	295.15	-68.12	-104.35	-31.75	138.41	-25.65	25.33	41.61	67.90	1.92	70.02	69.61	37.93	61.65	81.50	109.84	132.14	0.00	93.91	78.08	125.05	139.66	125.73	39.61	13.77	71.14	77.41	95.72	4.40	-63.97	-128.73	81.73	-70.84	65.49	20.53	182.34	123.16	-276.87	228.98	228.98
255	1145.16	716.89	716.89	326.26	162.45	191.94	92.98	71.65	50.04	2.42	35.78	37.02	9.20	36.29	27.92	0.03	12.22	4.73	8.92	14.28	17.29	24.70	2.92	0.00	-18.63	-17.99	-15.97	9.62	-12.60	8.37	-10.15	-6.22	-24.64	-14.49	24.23	7.89	51.04	49.38	32.85	45.81	85.83	30.31	166.70	206.43	624.67	624.67
[END_OF_COSERROR]

[COLUMN_NAMES]
px	wl\angle	-90.00	-85.00	-80.00	-75.00	-70.00	-65.00	-60.00	-55.00	-50.00	-45.00	-40.00	-35.00	-30.00	-25.00	-20.00	-17.50	-15.00	-12.50	-10.00	-7.50	-5.00	-2.50	0.00	2.50	5.00	7.50	10.00	12.50	15.00	17.50	20.00	25.00	30.00	35.00	40.00	45.00	50.00	55.00	60.00	65.00	70.00	75.00	80.00	85.00	90.00

[UNCERTAINTY]
0	302.55	0.00	0.00	0.00	0.00	0.00	0.00	0.00	0.00	0.00	0.00	0.00	0.00	0.00	0.00	0.00	0.00	0.00	0.00	0.00	0.00	0.00	0.00	0.00	0.00	0.00	0.00	0.00	0.00	0.00	0.00	0.00	0.00	0.00	0.00	0.00	0.00	0.00	0.00	0.00	0.00	0.00	0.00	0.00	0.00	0.00
1	305.87	42.68	42.68	23.66	16.60	10.14	7.24	7.55	5.73	6.06	6.05	4.06	5.44	4.66	4.67	4.99	5.54	4.22	4.03	4.49	4.06	4.77	3.93	0.02	4.06	3.99	3.73	3.65	3.69	3.83	4.66	3.87	4.04	5.48	5.00	5.36	7.03	5.80	6.75	7.68	10.96	10.40	12.65	25.90	31.84	31.84
2	309.19	23.97	23.97	10.09	8.66	5.39	6.57	4.42	4.02	4.28	3.37	3.27	3.30	3.01	2.92	3.81	2.98	3.51	3.08	3.41	3.59	3.12	3.21	0.02	4.08	2.89	2.69	2.73	3.35	3.13	2.52	2.91	3.00	3.23	2.91	3.70	3.37	3.56	3.50	4.86	5.09	5.91	9.04	10.72	23.84	23.84
3	312.52	16.44	16.44	9.98	6.29	4.14	4.63	4.31	2.46	3.19	2.87	2.16	3.09	2.95	2.20	2.42	2.55	2.86	2.33	2.15	2.70	2.12	2.05	0.01	2.11	2.74	2.72	2.09	2.44	2.38	2.67	2.85	2.81	2.05	2.60	2.51	3.07	2.89	2.82	4.23	3.81	5.40	5.44	6.28	21.83	21.83
4	315.84	14.31	14.31	5.82	3.39	3.24	2.96	1.94	2.29	1.67	1.72	1.90	1.78	1.61	1.67	1.30	1.75	1.60	2.14	1.54	1.34	1.46	1.76	0.01	1.42	1.55	1.51	2.19	1.62	1.75	1.93	1.72	1.85	1.51	2.10	1.79	1.72	1.99	1.89	2.60	3.22	3.84	2.95	7.71	13.48	13.48
5	319.17	8.34	8.34	5.18	3.17	2.05	2.39	1.35	1.55	1.48	1.29	1.83	1.16	1.28	1.34	1.41	0.99	1.19	1.31	1.42	1.40	1.53	1.46	0.01	0.97	1.66	1.64	1.47	1.47	1.19	1.33	1.66	1.28	1.36	1.29	1.44	1.62	1.62	1.66	2.00	2.57	2.28	3.03	4.88	7.37	7.37
6	322.49	8.06	8.06	3.72	2.72	2.09	1.77	1.87	1.52	1.43	1.39	1.41	1.31	1.39	1.07	1.22	1.29	1.03	1.25	1.11	1.01	1.34	1.02	0.01	1.15	1.40	1.31	1.21	1.07	1.34	1.32	1.29	1.11	1.08	1.16	1.44	1.33	1.35	1.40	1.97	2.39	2.19	2.70	3.89	9.24	9.24
7	325.82	8.42	8.42	3.59	2.33	2.33	1.95	1.41	1.33	1.44	1.15	1.50	1.24	1.23	1.04	1.07	1.12	1.12	1.16	0.97	0.96	1.05	1.02	0.01	1.05	1.08	1.13	1.17	0.97	1.29	0.99	1.40	1.00	1.13	1.13	1.17	1.30	1.35	1.48	1.44	1.82	2.37	2.57	3.57	8.42	8.42
8	329.15	7.77	7.77	2.72	2.22	1.81	1.70	1.24	1.48	1.17	1.14	1.33	0.84	0.98	1.10	1.02	1.04	1.25	1.09	0.76	0.77	0.76	0.89	0.00	1.16	1.08	1.01	1.14	0.86	0.98	1.14	1.09	0.99	0.98	1.17	1.05	1.00	1.13	1.29	1.79	1.69	1.79	1.62	2.62	5.39	5.39
9	332.48	5.41	5.41	3.64	2.11	1.10	1.34	1.33	0.98	1.11	1.15	1.19	0.89	1.13	0.90	0.82	0.83	0.90	0.77	0.96	0.82	0.93	0.97	0.00	1.10	1.17	1.13	0.96	0.97	1.18	1.01	1.32	0.92	1.06	1.10	1.25	1.15	1.04	1.19	1.10	1.54	2.25	2.19	2.82	6.85	6.85
10	335.80	4.50	4.50	2.43	2.07	1.54	1.57	1.33	1.20	0.95	1.18	1.17	0.99	1.03	0.91	1.03	0.98	1.00	1.03	0.86	1.07	0.90	1.19	0.01	1.13	1.30	1.30	1.10	0.93	1.06	1.52	1.28	0.86	1.11	0.99	1.17	1.29	1.10	0.93	1.59	1.70	1.53	2.54	2.62	4.30	4.30
11	339.13	4.67	4.67	2.13	1.69	1.13	1.46	0.86	1.01	1.26	0.95	0.98	0.92	1.12	0.91	0.92	0.89	1.01	0.83	0.77	0.91	0.93	1.21	0.01	0.86	1.08	0.93	1.16	0.89	1.12	1.06	1.09	1.02	0.96	1.01	0.97	1.08	0.93	1.18	1.37	1.26	1.31	2.05	3.23	4.03	4.03
12	342.46	4.15	4.15	2.68	1.36	0.82	1.01	1.00	0.86	1.08	0.95	0.99	0.78	0.81	0.71	0.79	0.84	0.78	0.90	0.79	0.79	0.73	0.97	0.00	1.05	0.96	0.93	1.11	0.75	0.90	0.87	0.97	0.86	0.75	0.75	0.81	1.01	0.95	0.85	1.35	1.13	1.38	2.00	1.81	4.83	4.83
13	345.80	3.44	3.44	2.14	1.40	0.96	1.12	0.90	1.05	0.88	0.86	1.02	0.87	0.92	0.73	0.70	0.93	0.80	0.81	0.66	0.82	0.76	0.88	0.00	0.90	0.97	1.02	1.02	0.80	0.90	1.04	1.11	0.90	0.87	0.80	0.97	0.86	0.77	0.84	0.99	1.37	1.29	2.12	1.99	4.71	4.71
14	349.13	2.81	2.81	2.14	1.51	0.87	1.17	0.88	0.98	0.98	0.86	0.99	0.76	0.83	0.53	0.63	0.79	0.73	0.69	0.58	0.77	0.68	0.83	0.00	0.70	0.85	0.81	0.85	0.58	0.85	0.91	1.04	0.78	0.85	0.82	0.80	0.95	0.76	0.76	1.01	0.92	1.26	1.50	2.28	3.65	3.65
15	352.46	3.27	3.27	1.47	1.04	0.66	0.99	0.85	0.77	0.87	0.82	1.01	0.82	0.82	0.69	0.77	0.77	0.81	0.80	0.78	0.68	0.68	0.84	0.00	0.82	1.04	0.96	0.94	0.80	0.82	0.91	0.86	0.72	0.92	0.77	0.82	0.90	0.88	0.75	0.98	0.95	1.36	1.55	1.69	4.20	4.20
16	355.79	2.48	2.48	1.54	1.41	0.63	0.98	0.86	0.80	0.79	0.83	0.94	0.69	0.79	0.56	0.70	0.72	0.75	0.75	0.66	0.76	0.62	0.84	0.00	0.85	1.02	0.98	0.95	0.84	0.89	0.91	0.88	0.67	0.81	0.83	0.91	0.89	0.79	0.68	0.94	1.10	1.11	1.42	1.84	4.45	4.45
17	359.13	2.74	2.74	1.49	1.02	0.70	0.93	0.68	0.72	0.81	0.80	1.07	0.70	0.91	0.58	0.66	0.73	0.75	0.80	0.69	0.79	0.69	0.78	0.00	0.85	0.95	1.02	1.03	0.85	0.79	0.90	0.95	0.73	0.79	0.80	1.02	0.97	0.71	0.85	1.01	1.15	1.29	1.56	1.56	2.80	2.80
18	362.46	2.37	2.37	1.64	0.92	0.79	0.82	0.71	0.71	0.83	0.82	0.97	0.71	0.76	0.53	0.68	0.69	0.68	0.76	0.58	0.65	0.61	0.72	0.00	0.74	0.85	0.93	0.94	0.78	0.73	0.85	0.88	0.65	0.73	0.72	0.84	0.94	0.62	0.76	0.87	0.92	1.04	1.41	1.62	2.42	2.42
19	365.80	2.55	2.55	1.28	0.96	0.70	0.98	0.74	0.77	0.78	0.85	0.96	0.65	0.85	0.57	0.68	0.75	0.70	0.70	0.64	0.66	0.60	0.80	0.00	0.80	0.90	1.01	0.97	0.78	0.86	0.90	0.82	0.65	0.88	0.73	0.85	0.88	0.71	0.79	0.95	1.09	1.23	1.23	1.63	2.97	2.97
20	369.14	2.65	2.65	1.58	1.04	0.73	0.93	0.65	0.91	0.74	0.85	1.01	0.68	0.72	0.54	0.64	0.72	0.71	0.74	0.59	0.63	0.53	0.72	0.00	0.80	0.90	1.05	0.92	0.83	0.71	0.91	0.84	0.68	0.79	0.74	0.87	0.89	0.76	0.75	0.87	1.06	1.08	1.46	1.63	3.38	3.38
21	372.47	1.86	1.86	1.35	0.79	0.61	0.93	0.65	0.84	0.72	0.84	1.00	0.64	0.77	0.51	0.64	0.74	0.70	0.73	0.59	0.63	0.62	0.75	0.00	0.79	0.90	1.00	0.96	0.72	0.78	0.92	0.88	0.69	0.83	0.74	0.86	0.88	0.68	0.70	0.88	0.97	1.04	1.40	1.80	3.22	3.22
22	375.81	1.59	1.59	1.35	0.84	0.74	0.83	0.66	0.72	0.69	0.84	0.92	0.64	0.74	0.53	0.54	0.75	0.70	0.64	0.57	0.56	0.53	0.75	0.00	0.75	0.81	0.91	0.89	0.72	0.74	0.78	0.85	0.68	0.76	0.67	0.81	0.84	0.60	0.70	0.88	0.85	0.91	1.27	1.58	2.77	2.77
23	379.15	1.61	1.61	1.36	0.75	0.65	0.88	0.71	0.84	0.75	0.78	0.94	0.74	0.77	0.51	0.63	0.79	0.71	0.65	0.59	0.64	0.62	0.81	0.00	0.79	0.89	0.96	0.93	0.72	0.76	0.84	0.80	0.73	0.78	0.73	0.79	0.83	0.64	0.62	0.97	0.87	1.11	1.41	1.41	2.37	2.37
24	382.49	2.34	2.34	1.56	0.89	0.57	0.80	0.67	0.77	0.72	0.88	0.98	0.69	0.75	0.55	0.59	0.71	0.66	0.61	0.54	0.59	0.55	0.72	0.00	0.71	0.81	0.91	0.89	0.73	0.78	0.82	0.77	0.66	0.70	0.63	0.79	0.86	0.71	0.70	0.92	0.92	1.00	1.50	1.40	3.26	3.26
25	385.83	2.29	2.29	1.20	0.82	0.64	0.79	0.67	0.70	0.63	0.88	0.95	0.68	0.71	0.51	0.66	0.71	0.67	0.61	0.55	0.57	0.55	0.71	0.00	0.65	0.80	0.94	0.89	0.78	0.74	0.79	0.73	0.71	0.76	0.65	0.75	0.90	0.64	0.75	0.92	0.89	1.05	1.40	1.65	3.23	3.23
26	389.16	2.04	2.04	1.22	0.67	0.76	0.72	0.68	0.78	0.74	0.80	0.91	0.65	0.70	0.50	0.63	0.73	0.63	0.63	0.56	0.58	0.61	0.71	0.00	0.69	0.77	0.93	0.93	0.73	0.77	0.80	0.76	0.70	0.70	0.65	0.76	0.81	0.71	0.72	0.85	0.78	1.04	1.26	1.53	2.96	2.96
27	392.51	2.01	2.01	1.35	0.76	0.60	0.83	0.64	0.78	0.67	0.84	0.93	0.70	0.64	0.52	0.54	0.72	0.67	0.61	0.53	0.55	0.55	0.68	0.00	0.68	0.75	0.89	0.82	0.73	0.72	0.72	0.73	0.65	0.71	0.58	0.71	0.77	0.59	0.67	0.85	0.87	1.00	1.35	1.52	2.87	2.87
28	395.85	2.02	2.02	1.24	0.70	0.72	0.72	0.67	0.77	0.68	0.85	0.94	0.70	0.72	0.49	0.58	0.70	0.65	0.59	0.50	0.53	0.51	0.69	0.00	0.71	0.73	0.90	0.84	0.66	0.65	0.78	0.70	0.63	0.70	0.66	0.71	0.70	0.59	0.66	0.82	0.82	1.01	1.30	1.54	2.87	2.87
29	399.19	2.04	2.04	1.10	0.70	0.57	0.72	0.75	0.83	0.65	0.89	0.97	0.67	0.71	0.55	0.57	0.66	0.64	0.66	0.56	0.57	0.57	0.72	0.00	0.73	0.80	0.92	0.89	0.67	0.72	0.76	0.74	0.71	0.70	0.64	0.74	0.79	0.65	0.66	0.86	0.79	1.00	1.29	1.53	2.64	2.64
30	402.53	2.27	2.27	1.18	0.76	0.57	0.80	0.65	0.71	0.62	0.86	0.92	0.67	0.73	0.57	0.62	0.69	0.65	0.61	0.56	0.59	0.64	0.72	0.00	0.76	0.80	0.99	0.88	0.74	0.81	0.82	0.75	0.69	0.73	0.61	0.76	0.75	0.60	0.70	0.77	0.84	1.05	1.36	1.28	2.64	2.64
31	405.87	2.17	2.17	1.11	0.75	0.54	0.88	0.74	0.75	0.71	0.87	0.94	0.65	0.75	0.54	0.57	0.71	0.65	0.61	0.52	0.52	0.61	0.72	0.00	0.64	0.74	0.97	0.82	0.64	0.72	0.74	0.69	0.68	0.69	0.57	0.75	0.75	0.60	0.72	0.87	0.77	0.96	1.25	1.41	2.43	2.43
32	409.22	1.71	1.71	1.11	0.74	0.61	0.81	0.70	0.74	0.69	0.86	0.99	0.69	0.71	0.59	0.62	0.71	0.68	0.60	0.55	0.60	0.58	0.70	0.00	0.70	0.79	1.00	0.90	0.73	0.75	0.75	0.75	0.69	0.76	0.61	0.73	0.76	0.66	0.70	0.77	0.77	0.92	1.27	1.35	2.77	2.77
33	412.56	1.75	1.75	1.25	0.72	0.61	0.83	0.73	0.72	0.69	0.89	0.94	0.65	0.75	0.57	0.60	0.68	0.69	0.63	0.55	0.59	0.59	0.72	0.00	0.68	0.72	0.94	0.82	0.72	0.76	0.69	0.71	0.68	0.69	0.58	0.75	0.75	0.64	0.70	0.79	0.82	1.01	1.30	1.30	2.78	2.78
34	415.90	1.79	1.79	1.13	0.73	0.64	0.79	0.73	0.73	0.66	0.87	0.96	0.65	0.70	0.54	0.60	0.64	0.65	0.62	0.54	0.59	0.57	0.67	0.00	0.65	0.72	0.94	0.87	0.67	0.74	0.71	0.72	0.70	0.72	0.59	0.75	0.78	0.65	0.63	0.73	0.71	1.00	1.25	1.26	2.58	2.58
35	419.25	1.84	1.84	1.17	0.65	0.57	0.78	0.69	0.72	0.65	0.87	0.91	0.66	0.75	0.55	0.59	0.63	0.66	0.58	0.51	0.55	0.58	0.67	0.00	0.64	0.74	0.98	0.81	0.66	0.71	0.69	0.66	0.68	0.69	0.56	0.69	0.70	0.61	0.64	0.74	0.81	0.97	1.17	1.51	2.59	2.59
36	422.59	1.76	1.76	1.08	0.64	0.58	0.74	0.71	0.71	0.61	0.85	0.95	0.61	0.72	0.54	0.58	0.63	0.65	0.59	0.52	0.51	0.57	0.65	0.00	0.67	0.72	0.99	0.84	0.67	0.69	0.66	0.67	0.67	0.70	0.53	0.70	0.70	0.63	0.62	0.82	0.81	0.90	1.27	1.36	2.71	2.71
37	425.94	1.85	1.85	1.19	0.60	0.56	0.75	0.68	0.70	0.64	0.87	0.97	0.62	0.73	0.56	0.57	0.61	0.61	0.59	0.51	0.54	0.60	0.65	0.00	0.67	0.73	0.99	0.84	0.66	0.69	0.70	0.65	0.70	0.68	0.52	0.72	0.69	0.61	0.64	0.73	0.74	0.90	1.21	1.30	2.64	2.64
38	429.28	2.01	2.01	1.21	0.65	0.62	0.76	0.73	0.70	0.65	0.85	0.95	0.63	0.70	0.56	0.58	0.59	0.63	0.57	0.53	0.53	0.59	0.65	0.00	0.68	0.73	1.01	0.87	0.69	0.72	0.66	0.69	0.67	0.71	0.54	0.68	0.70	0.62	0.60	0.75	0.79	0.93	1.19	1.36	2.65	2.65
39	432.63	1.79	1.79	1.06	0.66	0.57	0.71	0.69	0.71	0.61	0.81	0.97	0.60	0.71	0.54	0.59	0.58	0.63	0.55	0.51	0.52	0.60	0.64	0.00	0.67	0.72	0.97	0.85	0.67	0.70	0.67	0.65	0.68	0.70	0.50	0.67	0.69	0.64	0.62	0.73	0.74	0.91	1.20	1.35	2.67	2.67
40	435.98	1.75	1.75	1.22	0.69	0.63	0.77	0.73	0.68	0.63	0.83	0.99	0.62	0.73	0.57	0.58	0.61	0.65	0.57	0.55	0.53	0.61	0.63	0.00	0.68	0.72	1.00	0.86	0.66	0.70	0.67	0.68	0.67	0.71	0.53	0.68	0.63	0.65	0.62	0.72	0.71	0.92	1.21	1.34	2.67	2.67
41	439.32	1.93	1.93	1.17	0.71	0.56	0.75	0.69	0.68	0.63	0.84	0.98	0.62	0.69	0.55	0.57	0.58	0.66	0.59	0.52	0.57	0.59	0.64	0.00	0.67	0.73	0.99	0.84	0.68	0.72	0.64	0.66	0.69	0.72	0.53	0.67	0.66	0.63	0.60	0.65	0.72	0.96	1.20	1.29	2.56	2.56
42	442.67	1.80	1.80	1.20	0.66	0.55	0.77	0.73	0.67	0.62	0.83	0.98	0.62	0.72	0.55	0.58	0.57	0.65	0.59	0.53	0.54	0.59	0.65	0.00	0.67	0.71	0.99	0.82	0.68	0.70	0.65	0.65	0.67	0.69	0.49	0.68	0.62	0.64	0.62	0.67	0.76	0.95	1.23	1.26	2.47	2.47
43	446.02	1.81	1.81	1.18	0.71	0.55	0.72	0.68	0.65	0.58	0.82	0.93	0.61	0.69	0.53	0.53	0.51	0.65	0.55	0.50	0.53	0.56	0.60	0.00	0.66	0.71	0.98	0.81	0.64	0.70	0.61	0.61	0.68	0.69	0.47	0.63	0.61	0.63	0.55	0.69	0.73	0.87	1.16	1.32	2.48	2.48
44	449.37	1.76	1.76	1.23	0.73	0.60	0.75	0.70	0.65	0.61	0.80	0.90	0.62	0.73	0.54	0.54	0.54	0.64	0.56	0.50	0.53	0.58	0.60	0.00	0.65	0.70	0.94	0.81	0.66	0.67	0.61	0.63	0.66	0.69	0.48	0.60	0.62	0.61	0.55	0.65	0.72	0.91	1.12	1.38	2.46	2.46
45	452.72	1.86	1.86	1.12	0.66	0.57	0.74	0.69	0.64	0.60	0.80	0.90	0.61	0.72	0.53	0.53	0.56	0.63	0.56	0.49	0.53	0.57	0.61	0.00	0.60	0.66	0.95	0.80	0.61	0.67	0.62	0.65	0.69	0.68	0.47	0.60	0.62	0.60	0.58	0.65	0.69	0.90	1.11	1.26	2.52	2.52
46	456.06	1.83	1.83	1.13	0.69	0.59	0.70	0.69	0.67	0.59	0.79	0.85	0.59	0.70	0.53	0.52	0.52	0.64	0.53	0.50	0.50	0.57	0.58	0.00	0.62	0.67	0.92	0.78	0.62	0.67	0.57	0.61	0.67	0.67	0.46	0.58	0.59	0.59	0.56	0.66	0.68	0.91	1.11	1.38	2.39	2.39
47	459.41	1.80	1.80	1.21	0.73	0.57	0.72	0.70	0.65	0.61	0.81	0.84	0.60	0.69	0.54	0.51	0.52	0.63	0.53	0.48	0.52	0.57	0.57	0.00	0.60	0.66	0.90	0.77	0.63	0.67	0.58	0.61	0.65	0.65	0.45	0.57	0.59	0.59	0.55	0.62	0.67	0.87	1.11	1.35	2.44	2.44
48	462.76	1.76	1.76	1.11	0.69	0.56	0.70	0.68	0.64	0.58	0.75	0.79	0.56	0.66	0.50	0.48	0.52	0.58	0.50	0.46	0.50	0.54	0.54	0.00	0.57	0.61	0.84	0.71	0.60	0.63	0.55	0.60	0.63	0.63	0.44	0.59	0.58	0.57	0.51	0.63	0.65	0.89	1.06	1.32	2.39	2.39
49	466.11	1.76	1.76	1.18	0.72	0.56	0.68	0.70	0.61	0.58	0.76	0.76	0.56	0.66	0.51	0.46	0.50	0.59	0.49	0.45	0.48	0.52	0.53	0.00	0.52	0.59	0.81	0.69	0.55	0.60	0.52	0.59	0.61	0.62	0.44	0.55	0.53	0.56	0.52	0.58	0.62	0.86	1.08	1.26	2.40	2.40
50	469.46	1.73	1.73	1.15	0.72	0.57	0.68	0.67	0.66	0.58	0.76	0.80	0.58	0.65	0.51	0.49	0.51	0.59	0.51	0.46	0.49	0.52	0.54	0.00	0.56	0.61	0.85	0.70	0.56	0.62	0.54	0.57	0.63	0.61	0.43	0.57	0.55	0.56	0.52	0.58	0.62	0.84	1.03	1.28	2.35	2.35
51	472.81	1.68	1.68	1.24	0.71	0.60	0.69	0.70	0.66	0.55	0.79	0.79	0.58	0.68	0.51	0.50	0.50	0.61	0.52	0.47	0.52	0.56	0.54	0.00	0.58	0.64	0.89	0.74	0.60	0.65	0.53	0.60	0.63	0.63	0.44	0.57	0.57	0.57	0.52	0.58	0.62	0.88	1.08	1.31	2.45	2.45
52	476.16	1.67	1.67	1.20	0.71	0.62	0.70	0.72	0.65	0.59	0.78	0.79	0.59	0.70	0.52	0.50	0.50	0.63	0.55	0.49	0.50	0.57	0.55	0.00	0.59	0.66	0.91	0.78	0.62	0.67	0.55	0.60	0.63	0.65	0.45	0.57	0.54	0.57	0.54	0.58	0.65	0.96	1.12	1.39	2.48	2.48
53	479.51	1.69	1.69	1.18	0.70	0.58	0.71	0.69	0.63	0.59	0.77	0.78	0.59	0.66	0.54	0.50	0.49	0.62	0.53	0.48	0.52	0.55	0.55	0.00	0.58	0.66	0.92	0.75	0.61	0.63	0.54	0.61	0.66	0.65	0.44	0.55	0.51	0.55	0.50	0.53	0.63	0.89	1.08	1.32	2.39	2.39
54	482.87	1.92	1.92	1.26	0.74	0.61	0.78	0.71	0.64	0.57	0.75	0.76	0.59	0.69	0.52	0.50	0.50	0.63	0.55	0.49	0.51	0.56	0.53	0.00	0.59	0.66	0.90	0.75	0.60	0.65	0.55	0.59	0.61	0.64	0.45	0.53	0.54	0.56	0.48	0.52	0.64	0.89	1.04	1.28	2.41	2.41
55	486.22	1.85	1.85	1.29	0.74	0.63	0.70	0.72	0.65	0.56	0.75	0.78	0.59	0.66	0.52	0.50	0.51	0.63	0.54	0.47	0.50	0.55	0.55	0.00	0.58	0.64	0.93	0.72	0.62	0.64	0.55	0.60	0.66	0.62	0.45	0.55	0.54	0.54	0.51	0.52	0.64	0.95	1.02	1.37	2.39	2.39
56	489.57	1.82	1.82	1.25	0.76	0.64	0.70	0.73	0.66	0.59	0.76	0.78	0.59	0.68	0.53	0.50	0.50	0.62	0.55	0.47	0.51	0.55	0.54	0.00	0.56	0.66	0.91	0.73	0.60	0.65	0.55	0.61	0.66	0.63	0.46	0.54	0.51	0.54	0.49	0.55	0.65	0.91	1.05	1.34	2.48	2.48
57	492.92	1.81	1.81	1.23	0.75	0.61	0.68	0.66	0.64	0.59	0.73	0.76	0.59	0.69	0.51	0.49	0.49	0.62	0.55	0.47	0.53	0.57	0.52	0.00	0.57	0.69	0.91	0.75	0.60	0.65	0.53	0.59	0.62	0.64	0.45	0.54	0.53	0.57	0.51	0.51	0.59	0.91	1.08	1.36	2.57	2.57
58	496.27	1.94	1.94	1.18	0.74	0.65	0.72	0.74	0.66	0.58	0.75	0.77	0.60	0.69	0.54	0.49	0.50	0.64	0.56	0.47	0.53	0.54	0.53	0.00	0.57	0.64	0.90	0.71	0.63	0.66	0.52	0.57	0.63	0.63	0.47	0.53	0.53	0.55	0.48	0.54	0.67	0.93	1.08	1.27	2.39	2.39
59	499.62	1.77	1.77	1.27	0.77	0.63	0.72	0.73	0.67	0.60	0.78	0.77	0.59	0.69	0.54	0.50	0.51	0.63	0.56	0.48	0.52	0.55	0.53	0.00	0.59	0.68	0.93	0.75	0.63	0.68	0.55	0.59	0.66	0.65	0.45	0.51	0.52	0.57	0.49	0.52	0.62	0.95	1.11	1.28	2.38	2.38
60	502.98	1.82	1.82	1.25	0.77	0.67	0.72	0.76	0.68	0.60	0.77	0.76	0.60	0.68	0.53	0.50	0.51	0.65	0.57	0.49	0.52	0.55	0.55	0.00	0.58	0.69	0.93	0.73	0.63	0.67	0.55	0.58	0.65	0.63	0.46	0.54	0.54	0.56	0.52	0.53	0.65	0.91	1.12	1.36	2.52	2.52
61	506.33	1.69	1.69	1.24	0.78	0.66	0.70	0.71	0.67	0.60	0.78	0.74	0.59	0.70	0.51	0.49	0.50	0.61	0.55	0.49	0.53	0.57	0.53	0.00	0.57	0.68	0.92	0.75	0.62	0.68	0.54	0.58	0.64	0.62	0.44	0.51	0.54	0.55	0.50	0.53	0.65	0.90	1.04	1.25	2.51	2.51
62	509.68	1.82	1.82	1.18	0.78	0.64	0.70	0.73	0.63	0.59	0.74	0.76	0.62	0.69	0.52	0.49	0.50	0.61	0.58	0.46	0.52	0.56	0.52	0.00	0.57	0.67	0.91	0.73	0.63	0.69	0.55	0.58	0.63	0.63	0.47	0.51	0.52	0.56	0.49	0.49	0.62	0.95	1.01	1.34	2.47	2.47
63	513.04	1.86	1.86	1.25	0.75	0.62	0.72	0.71	0.67	0.58	0.72	0.74	0.60	0.66	0.54	0.49	0.51	0.64	0.57	0.51	0.52	0.54	0.54	0.00	0.56	0.71	0.92	0.73	0.64	0.70	0.54	0.60	0.62	0.61	0.47	0.53	0.51	0.55	0.49	0.53	0.66	0.95	1.08	1.39	2.47	2.47
64	516.39	1.88	1.88	1.27	0.79	0.62	0.68	0.72	0.66	0.59	0.72	0.76	0.60	0.70	0.54	0.50	0.51	0.64	0.54	0.47	0.52	0.56	0.53	0.00	0.59	0.69	0.92	0.73	0.63	0.66	0.55	0.59	0.63	0.61	0.46	0.51	0.51	0.53	0.47	0.47	0.60	0.96	1.03	1.30	2.57	2.57
65	519.74	1.87	1.87	1.23	0.77	0.66	0.71	0.71	0.64	0.59	0.73	0.77	0.62	0.69	0.54	0.50	0.50	0.63	0.56	0.48	0.52	0.56	0.53	0.00	0.56	0.69	0.93	0.73	0.59	0.66	0.54	0.57	0.64	0.62	0.45	0.53	0.51	0.54	0.47	0.47	0.63	0.92	1.03	1.40	2.51	2.51
66	523.09	1.76	1.76	1.17	0.79	0.63	0.73	0.72	0.68	0.57	0.72	0.75	0.59	0.65	0.54	0.46	0.49	0.63	0.57	0.49	0.51	0.53	0.52	0.00	0.57	0.68	0.91	0.72	0.60	0.65	0.52	0.57	0.61	0.59	0.43	0.49	0.49	0.54	0.47	0.45	0.61	0.93	1.00	1.35	2.39	2.39
67	526.45	1.87	1.87	1.23	0.80	0.67	0.73	0.73	0.71	0.61	0.75	0.77	0.61	0.69	0.54	0.50	0.53	0.63	0.58	0.52	0.53	0.55	0.53	0.00	0.56	0.68	0.91	0.71	0.62	0.67	0.55	0.58	0.62	0.61	0.48	0.52	0.51	0.55	0.50	0.48	0.61	0.95	1.05	1.33	2.36	2.36
68	529.80	1.91	1.91	1.17	0.78	0.70	0.73	0.71	0.69	0.58	0.74	0.75	0.60	0.67	0.56	0.48	0.52	0.63	0.58	0.49	0.53	0.55	0.53	0.00	0.56	0.71	0.92	0.72	0.65	0.69	0.56	0.59	0.63	0.62	0.46	0.51	0.51	0.53	0.49	0.46	0.62	0.92	1.05	1.30	2.55	2.55
69	533.15	1.73	1.73	1.24	0.83	0.66	0.73	0.72	0.68	0.62	0.73	0.76	0.62	0.70	0.55	0.49	0.52	0.65	0.60	0.50	0.53	0.56	0.53	0.00	0.56	0.70	0.92	0.72	0.60	0.67	0.55	0.59	0.62	0.61	0.46	0.50	0.52	0.55	0.50	0.49	0.62	0.95	0.98	1.37	2.51	2.51
70	536.51	1.80	1.80	1.22	0.83	0.63	0.72	0.73	0.69	0.61	0.72	0.75	0.59	0.68	0.54	0.49	0.52	0.62	0.58	0.49	0.53	0.56	0.51	0.00	0.58	0.69	0.92	0.70	0.63	0.67	0.53	0.59	0.61	0.60	0.48	0.51	0.52	0.54	0.48	0.48	0.62	0.91	1.04	1.34	2.47	2.47
71	539.86	1.84	1.84	1.23	0.81	0.66	0.73	0.75	0.69	0.61	0.74	0.77	0.61	0.69	0.54	0.50	0.53	0.64	0.59	0.49	0.53	0.57	0.53	0.00	0.58	0.68	0.89	0.71	0.61	0.69	0.54	0.59	0.62	0.63	0.45	0.52	0.52	0.53	0.49	0.48	0.61	0.89	1.02	1.30	2.45	2.45
72	543.22	1.74	1.74	1.22	0.83	0.67	0.72	0.73	0.67	0.60	0.72	0.71	0.60	0.66	0.54	0.48	0.50	0.63	0.56	0.47	0.51	0.54	0.51	0.00	0.56	0.69	0.89	0.68	0.61	0.67	0.54	0.58	0.61	0.59	0.45	0.51	0.49	0.52	0.46	0.49	0.65	0.95	1.05	1.38	2.42	2.42
73	546.57	1.79	1.79	1.24	0.81	0.66	0.76	0.75	0.68	0.61	0.70	0.73	0.61	0.67	0.55	0.49	0.52	0.62	0.56	0.48	0.52	0.53	0.52	0.00	0.56	0.69	0.89	0.71	0.61	0.67	0.53	0.59	0.60	0.58	0.45	0.50	0.52	0.55	0.46	0.47	0.61	0.90	1.02	1.34	2.51	2.51
74	549.92	1.83	1.83	1.24	0.83	0.69	0.76	0.75	0.70	0.63	0.75	0.75	0.63	0.69	0.55	0.49	0.53	0.64	0.60	0.51	0.55	0.57	0.53	0.00	0.58	0.70	0.91	0.70	0.63	0.66	0.55	0.60	0.60	0.60	0.48	0.50	0.51	0.53	0.48	0.46	0.64	0.91	1.02	1.34	2.42	2.42
75	553.28	1.86	1.86	1.24	0.82	0.70	0.73	0.74	0.70	0.59	0.74	0.74	0.60	0.69	0.54	0.50	0.51	0.66	0.60	0.52	0.54	0.56	0.52	0.00	0.60	0.71	0.91	0.71	0.62	0.67	0.57	0.60	0.61	0.60	0.48	0.50	0.52	0.54	0.48	0.48	0.62	0.90	1.00	1.32	2.30	2.30
76	556.63	1.82	1.82	1.26	0.81	0.67	0.71	0.76	0.68	0.59	0.70	0.72	0.62	0.67	0.56	0.49	0.52	0.65	0.57	0.49	0.54	0.55	0.53	0.00	0.58	0.72	0.92	0.71	0.62	0.67	0.54	0.58	0.59	0.60	0.48	0.49	0.51	0.52	0.50	0.47	0.65	0.93	1.04	1.33	2.46	2.46
77	559.98	1.88	1.88	1.17	0.83	0.67	0.73	0.72	0.70	0.61	0.70	0.75	0.61	0.67	0.55	0.49	0.53	0.62	0.59	0.49	0.53	0.55	0.52	0.00	0.59	0.71	0.89	0.71	0.63	0.67	0.57	0.59	0.59	0.59	0.46	0.49	0.50	0.53	0.48	0.46	0.65	0.93	1.04	1.34	2.54	2.54
78	563.34	1.77	1.77	1.28	0.87	0.71	0.75	0.77	0.70	0.63	0.73	0.74	0.63	0.68	0.56	0.52	0.54	0.65	0.60	0.50	0.54	0.54	0.52	0.00	0.57	0.70	0.89	0.70	0.62	0.68	0.57	0.60	0.61	0.61	0.47	0.50	0.53	0.54	0.49	0.46	0.62	0.93	1.00	1.38	2.45	2.45
79	566.69	1.77	1.77	1.20	0.91	0.69	0.74	0.73	0.68	0.60	0.72	0.73	0.62	0.67	0.54	0.51	0.52	0.64	0.59	0.50	0.53	0.55	0.53	0.00	0.57	0.72	0.92	0.71	0.61	0.66	0.57	0.60	0.59	0.59	0.48	0.51	0.51	0.52	0.49	0.45	0.62	0.89	0.99	1.29	2.38	2.38
80	570.04	1.74	1.74	1.20	0.86	0.71	0.73	0.73	0.69	0.62	0.70	0.74	0.61	0.66	0.55	0.50	0.52	0.63	0.59	0.50	0.54	0.55	0.53	0.00	0.59	0.71	0.89	0.69	0.60	0.65	0.55	0.59	0.59	0.57	0.48	0.49	0.52	0.53	0.49	0.47	0.65	0.95	1.03	1.40	2.46	2.46
81	573.40	1.70	1.70	1.26	0.83	0.70	0.77	0.72	0.71	0.62	0.70	0.76	0.62	0.68	0.55	0.51	0.54	0.63	0.60	0.52	0.55	0.57	0.53	0.00	0.60	0.71	0.92	0.70	0.63	0.68	0.57	0.61	0.60	0.59	0.49	0.51	0.53	0.54	0.50	0.47	0.63	0.94	1.04	1.39	2.45	2.45
82	576.75	1.78	1.78	1.21	0.87	0.67	0.74	0.71	0.70	0.60	0.70	0.76	0.59	0.67	0.55	0.51	0.52	0.64	0.58	0.50	0.53	0.55	0.51	0.00	0.59	0.71	0.90	0.70	0.64	0.67	0.55	0.59	0.60	0.59	0.47	0.49	0.50	0.54	0.48	0.45	0.61	0.88	1.02	1.34	2.46	2.46
83	580.10	1.91	1.91	1.26	0.88	0.70	0.75	0.70	0.69	0.59	0.69	0.74	0.62	0.66	0.57	0.51	0.51	0.63	0.60	0.49	0.52	0.55	0.52	0.00	0.62	0.72	0.90	0.71	0.62	0.67	0.55	0.60	0.61	0.57	0.47	0.49	0.50	0.54	0.50	0.45	0.65	0.90	1.02	1.40	2.42	2.42
84	583.46	1.83	1.83	1.23	0.84	0.69	0.75	0.74	0.71	0.62	0.70	0.72	0.61	0.67	0.57	0.51	0.51	0.64	0.58	0.50	0.55	0.55	0.52	0.00	0.59	0.73	0.91	0.70	0.63	0.67	0.56	0.61	0.60	0.58	0.48	0.49	0.51	0.51	0.49	0.46	0.64	0.91	1.03	1.27	2.46	2.46
85	586.81	1.71	1.71	1.21	0.86	0.72	0.73	0.71	0.68	0.60	0.69	0.71	0.60	0.66	0.55	0.51	0.51	0.62	0.59	0.51	0.53	0.55	0.51	0.00	0.58	0.71	0.90	0.69	0.62	0.65	0.55	0.59	0.57	0.56	0.47	0.49	0.51	0.52	0.48	0.45	0.66	0.91	1.03	1.33	2.54	2.54
86	590.16	1.81	1.81	1.24	0.85	0.74	0.75	0.73	0.70	0.63	0.69	0.73	0.61	0.68	0.56	0.53	0.53	0.64	0.60	0.53	0.54	0.57	0.53	0.00	0.61	0.75	0.93	0.72	0.65	0.68	0.55	0.61	0.59	0.58	0.49	0.52	0.52	0.54	0.52	0.47	0.66	0.91	1.04	1.31	2.49	2.49
87	593.52	1.84	1.84	1.19	0.85	0.72	0.74	0.74	0.69	0.63	0.67	0.71	0.62	0.67	0.56	0.51	0.53	0.65	0.60	0.53	0.56	0.56	0.53	0.00	0.62	0.74	0.90	0.69	0.64	0.66	0.56	0.63	0.59	0.56	0.48	0.50	0.52	0.52	0.50	0.47	0.63	0.91	1.02	1.32	2.39	2.39
88	596.87	1.75	1.75	1.16	0.87	0.72	0.73	0.74	0.68	0.60	0.67	0.72	0.60	0.64	0.55	0.51	0.53	0.63	0.55	0.50	0.54	0.54	0.52	0.00	0.61	0.73	0.91	0.70	0.63	0.65	0.56	0.61	0.58	0.57	0.48	0.51	0.51	0.53	0.49	0.46	0.62	0.90	1.06	1.26	2.42	2.42
89	600.22	1.85	1.85	1.20	0.86	0.73	0.75	0.72	0.68	0.58	0.71	0.72	0.61	0.65	0.57	0.53	0.53	0.67	0.59	0.56	0.58	0.56	0.53	0.00	0.63	0.77	0.93	0.74	0.66	0.69	0.62	0.62	0.60	0.60	0.49	0.50	0.52	0.54	0.49	0.47	0.66	0.93	1.04	1.30	2.37	2.37
90	603.57	1.79	1.79	1.20	0.91	0.74	0.78	0.71	0.70	0.62	0.70	0.72	0.61	0.70	0.57	0.55	0.54	0.65	0.60	0.52	0.58	0.57	0.54	0.00	0.66	0.78	0.96	0.74	0.65	0.70	0.60	0.61	0.60	0.60	0.50	0.52	0.54	0.54	0.50	0.49	0.66	0.90	1.08	1.33	2.46	2.46
91	606.92	1.68	1.68	1.15	0.90	0.73	0.77	0.71	0.68	0.60	0.70	0.70	0.62	0.67	0.56	0.52	0.55	0.64	0.59	0.52	0.56	0.56	0.53	0.00	0.65	0.74	0.95	0.71	0.65	0.68	0.58	0.62	0.60	0.58	0.48	0.50	0.53	0.53	0.51	0.46	0.66	0.93	1.07	1.27	2.45	2.45
92	610.28	1.86	1.86	1.20	0.88	0.77	0.74	0.70	0.70	0.61	0.71	0.71	0.60	0.66	0.57	0.52	0.54	0.63	0.59	0.52	0.56	0.56	0.54	0.00	0.64	0.74	0.91	0.69	0.64	0.68	0.58	0.61	0.59	0.56	0.48	0.49	0.53	0.52	0.52	0.49	0.68	0.92	1.09	1.31	2.39	2.39
93	613.63	1.71	1.71	1.16	0.81	0.75	0.76	0.70	0.67	0.60	0.67	0.70	0.63	0.68	0.56	0.53	0.52	0.65	0.57	0.50	0.55	0.55	0.52	0.00	0.64	0.73	0.90	0.70	0.63	0.66	0.60	0.62	0.59	0.57	0.48	0.49	0.51	0.51	0.50	0.48	0.66	0.89	0.99	1.27	2.30	2.30
94	616.98	1.79	1.79	1.19	0.87	0.69	0.72	0.69	0.68	0.58	0.65	0.66	0.59	0.64	0.54	0.48	0.49	0.62	0.56	0.47	0.51	0.51	0.48	0.00	0.61	0.70	0.89	0.66	0.62	0.61	0.54	0.58	0.54	0.53	0.44	0.46	0.47	0.49	0.44	0.43	0.64	0.86	1.01	1.32	2.53	2.53
95	620.33	1.77	1.77	1.11	0.85	0.71	0.75	0.74	0.68	0.59	0.67	0.69	0.60	0.66	0.56	0.55	0.53	0.65	0.60	0.51	0.55	0.57	0.52	0.00	0.63	0.72	0.90	0.70	0.64	0.67	0.58	0.64	0.58	0.56	0.49	0.48	0.50	0.50	0.50	0.47	0.63	0.91	1.02	1.34	2.36	2.36
96	623.68	1.78	1.78	1.14	0.83	0.73	0.71	0.71	0.70	0.61	0.66	0.68	0.62	0.65	0.56	0.51	0.52	0.61	0.56	0.52	0.52	0.53	0.51	0.00	0.63	0.71	0.88	0.67	0.64	0.63	0.57	0.59	0.56	0.54	0.46	0.48	0.50	0.50	0.49	0.45	0.61	0.86	1.01	1.28	2.37	2.37
97	627.03	1.80	1.80	1.20	0.84	0.73	0.77	0.70	0.70	0.58	0.66	0.68	0.63	0.67	0.58	0.53	0.54	0.66	0.58	0.52	0.53	0.55	0.51	0.00	0.66	0.74	0.93	0.70	0.66	0.68	0.61	0.62	0.59	0.54	0.49	0.50	0.53	0.52	0.49	0.46	0.65	0.95	1.06	1.32	2.32	2.32
98	630.38	1.76	1.76	1.13	0.86	0.72	0.76	0.69	0.69	0.58	0.64	0.66	0.60	0.65	0.56	0.52	0.52	0.62	0.56	0.52	0.55	0.56	0.50	0.00	0.64	0.74	0.91	0.70	0.63	0.64	0.57	0.60	0.57	0.57	0.45	0.51	0.52	0.52	0.50	0.46	0.64	0.89	1.02	1.30	2.41	2.41
99	633.73	1.85	1.85	1.16	0.86	0.74	0.75	0.74	0.70	0.58	0.66	0.67	0.61	0.65	0.57	0.53	0.51	0.64	0.59	0.52	0.55	0.55	0.51	0.00	0.64	0.77	0.89	0.70	0.64	0.65	0.59	0.62	0.57	0.56	0.49	0.50	0.54	0.52	0.51	0.45	0.65	0.93	1.01	1.25	2.34	2.34
100	637.08	1.78	1.78	1.16	0.87	0.72	0.76	0.69	0.67	0.61	0.63	0.64	0.59	0.65	0.55	0.52	0.52	0.64	0.59	0.51	0.53	0.55	0.50	0.00	0.65	0.76	0.94	0.72	0.64	0.68	0.62	0.63	0.56	0.55	0.48	0.49	0.51	0.51	0.49	0.45	0.66	0.92	1.01	1.27	2.41	2.41
101	640.43	1.68	1.68	1.14	0.84	0.74	0.79	0.72	0.69	0.61	0.65	0.67	0.61	0.68	0.58	0.55	0.53	0.64	0.59	0.53	0.57	0.56	0.53	0.00	0.68	0.78	0.94	0.73	0.68	0.69	0.60	0.64	0.57	0.58	0.49	0.51	0.53	0.53	0.50	0.48	0.65	0.94	1.02	1.28	2.33	2.33
102	643.78	1.75	1.75	1.11	0.86	0.76	0.78	0.75	0.71	0.63	0.68	0.68	0.63	0.66	0.57	0.53	0.53	0.63	0.59	0.53	0.57	0.57	0.55	0.00	0.67	0.75	0.94	0.74	0.66	0.68	0.61	0.64	0.57	0.58	0.49	0.50	0.52	0.53	0.52	0.46	0.67	0.92	1.01	1.35	2.32	2.32
103	647.13	1.79	1.79	1.11	0.90	0.79	0.71	0.70	0.66	0.64	0.66	0.66	0.60	0.66	0.58	0.56	0.55	0.62	0.59	0.52	0.55	0.55	0.52	0.00	0.66	0.76	0.91	0.72	0.67	0.68	0.57	0.63	0.57	0.57	0.50	0.49	0.53	0.51	0.50	0.47	0.67	0.89	1.01	1.22	2.31	2.31
104	650.48	1.67	1.67	1.15	0.87	0.74	0.75	0.69	0.67	0.61	0.64	0.66	0.60	0.65	0.56	0.52	0.49	0.63	0.54	0.51	0.53	0.55	0.50	0.00	0.66	0.75	0.94	0.71	0.66	0.64	0.58	0.60	0.55	0.53	0.46	0.48	0.50	0.49	0.49	0.44	0.64	0.91	0.96	1.18	2.44	2.44
105	653.82	1.70	1.70	1.14	0.89	0.77	0.77	0.68	0.68	0.61	0.63	0.65	0.61	0.64	0.55	0.52	0.51	0.61	0.59	0.52	0.55	0.54	0.51	0.00	0.66	0.75	0.91	0.71	0.65	0.65	0.58	0.61	0.55	0.54	0.47	0.48	0.53	0.53	0.47	0.46	0.69	0.95	1.07	1.25	2.41	2.41
106	657.17	1.75	1.75	1.06	0.91	0.81	0.77	0.72	0.67	0.60	0.65	0.66	0.59	0.67	0.58	0.54	0.53	0.63	0.59	0.55	0.55	0.55	0.52	0.00	0.67	0.78	0.95	0.74	0.68	0.67	0.61	0.64	0.57	0.56	0.51	0.50	0.54	0.52	0.49	0.49	0.69	0.92	1.03	1.30	2.42	2.42
107	660.52	1.80	1.80	1.04	0.91	0.78	0.77	0.70	0.70	0.61	0.66	0.67	0.61	0.67	0.58	0.54	0.53	0.64	0.58	0.52	0.55	0.55	0.52	0.00	0.66	0.78	0.95	0.74	0.68	0.68	0.62	0.64	0.58	0.56	0.48	0.49	0.53	0.54	0.50	0.45	0.64	0.93	1.02	1.14	2.36	2.36
108	663.87	1.69	1.69	1.13	0.89	0.77	0.79	0.69	0.69	0.61	0.63	0.67	0.61	0.65	0.56	0.54	0.52	0.63	0.58	0.54	0.54	0.57	0.52	0.00	0.70	0.81	0.94	0.76	0.66	0.69	0.62	0.63	0.57	0.54	0.49	0.49	0.53	0.53	0.50	0.48	0.69	0.87	1.02	1.32	2.34	2.34
109	667.21	1.72	1.72	1.06	0.91	0.76	0.77	0.70	0.72	0.63	0.64	0.64	0.63	0.65	0.58	0.53	0.55	0.64	0.59	0.53	0.54	0.57	0.51	0.00	0.67	0.77	0.95	0.74	0.66	0.68	0.62	0.65	0.57	0.56	0.48	0.50	0.52	0.54	0.52	0.44	0.67	0.95	1.09	1.26	2.22	2.22
110	670.56	1.68	1.68	1.19	0.93	0.74	0.78	0.70	0.69	0.59	0.66	0.64	0.58	0.64	0.54	0.55	0.51	0.62	0.56	0.52	0.56	0.55	0.50	0.00	0.66	0.76	0.93	0.72	0.66	0.65	0.61	0.63	0.56	0.52	0.46	0.50	0.49	0.48	0.48	0.45	0.65	0.90	1.02	1.37	2.33	2.33
111	673.90	1.72	1.72	1.11	0.92	0.78	0.77	0.70	0.67	0.60	0.62	0.63	0.60	0.62	0.55	0.52	0.52	0.63	0.55	0.52	0.55	0.54	0.50	0.00	0.66	0.77	0.93	0.73	0.66	0.67	0.60	0.64	0.54	0.54	0.46	0.48	0.54	0.49	0.50	0.45	0.64	0.96	1.04	1.22	2.39	2.39
112	677.25	1.63	1.63	1.17	0.91	0.74	0.76	0.74	0.67	0.60	0.64	0.65	0.61	0.66	0.56	0.53	0.52	0.64	0.58	0.54	0.57	0.54	0.51	0.00	0.67	0.77	0.94	0.76	0.67	0.65	0.62	0.64	0.58	0.55	0.49	0.48	0.52	0.52	0.48	0.45	0.67	0.90	1.03	1.31	2.32	2.32
113	680.59	1.57	1.57	1.08	0.97	0.76	0.78	0.70	0.68	0.61	0.60	0.60	0.60	0.60	0.54	0.55	0.51	0.62	0.54	0.52	0.55	0.54	0.49	0.00	0.66	0.76	0.93	0.71	0.64	0.63	0.61	0.65	0.54	0.55	0.45	0.47	0.51	0.50	0.49	0.44	0.64	0.93	1.00	1.28	2.19	2.19
114	683.94	1.82	1.82	1.10	0.95	0.71	0.73	0.67	0.62	0.59	0.61	0.62	0.54	0.58	0.51	0.49	0.46	0.56	0.51	0.47	0.50	0.51	0.46	0.00	0.62	0.73	0.86	0.67	0.59	0.60	0.55	0.59	0.50	0.51	0.43	0.42	0.49	0.48	0.46	0.45	0.65	0.86	1.03	1.27	2.29	2.29
115	687.28	1.59	1.59	1.14	0.87	0.74	0.71	0.65	0.64	0.54	0.56	0.59	0.55	0.58	0.51	0.47	0.46	0.56	0.50	0.45	0.50	0.50	0.45	0.00	0.61	0.69	0.81	0.64	0.58	0.58	0.52	0.56	0.50	0.49	0.43	0.44	0.47	0.44	0.46	0.41	0.62	0.89	1.03	1.22	2.27	2.27
116	690.63	1.56	1.56	1.08	0.91	0.72	0.74	0.65	0.63	0.56	0.58	0.60	0.56	0.59	0.51	0.53	0.49	0.58	0.52	0.49	0.49	0.53	0.44	0.00	0.66	0.74	0.89	0.69	0.63	0.62	0.58	0.62	0.50	0.50	0.43	0.46	0.49	0.47	0.47	0.42	0.64	0.87	1.02	1.24	2.22	2.22
117	693.97	1.63	1.63	1.07	0.89	0.76	0.77	0.66	0.63	0.56	0.59	0.61	0.57	0.60	0.51	0.47	0.46	0.59	0.52	0.48	0.48	0.51	0.45	0.00	0.65	0.75	0.90	0.72	0.63	0.63	0.59	0.58	0.52	0.50	0.44	0.44	0.49	0.49	0.46	0.42	0.61	0.91	1.03	1.23	2.17	2.17
118	697.31	1.80	1.80	1.17	0.88	0.74	0.75	0.66	0.66	0.59	0.60	0.60	0.59	0.61	0.52	0.51	0.49	0.59	0.55	0.49	0.53	0.52	0.47	0.00	0.64	0.77	0.91	0.76	0.64	0.64	0.57	0.60	0.54	0.51	0.45	0.49	0.49	0.47	0.49	0.44	0.73	0.88	0.99	1.24	2.25	2.25
119	700.65	1.74	1.74	1.07	0.91	0.72	0.75	0.67	0.69	0.61	0.63	0.60	0.58	0.66	0.56	0.50	0.50	0.60	0.57	0.51	0.55	0.56	0.50	0.00	0.69	0.76	0.93	0.74	0.67	0.66	0.62	0.61	0.55	0.56	0.48	0.46	0.51	0.48	0.47	0.48	0.72	0.92	1.13	1.25	2.35	2.35
120	703.99	1.73	1.73	1.18	0.97	0.78	0.78	0.65	0.66	0.60	0.62	0.63	0.61	0.63	0.53	0.56	0.49	0.61	0.55	0.51	0.54	0.54	0.48	0.00	0.70	0.79	0.93	0.76	0.69	0.66	0.61	0.63	0.56	0.52	0.48	0.46	0.53	0.49	0.48	0.46	0.67	0.87	1.01	1.25	2.18	2.18
121	707.33	1.48	1.48	1.06	0.92	0.76	0.72	0.67	0.65	0.54	0.63	0.63	0.60	0.62	0.57	0.52	0.50	0.62	0.55	0.54	0.56	0.57	0.47	0.00	0.69	0.79	0.92	0.74	0.67	0.67	0.63	0.63	0.54	0.53	0.48	0.48	0.50	0.49	0.46	0.47	0.66	0.89	1.04	1.39	2.18	2.18
122	710.67	1.46	1.46	1.27	0.91	0.75	0.75	0.65	0.61	0.56	0.56	0.58	0.54	0.60	0.53	0.51	0.48	0.59	0.53	0.50	0.52	0.52	0.44	0.00	0.63	0.78	0.90	0.68	0.63	0.63	0.58	0.61	0.48	0.52	0.42	0.46	0.48	0.49	0.44	0.41	0.66	0.79	0.99	1.29	2.13	2.13
123	714.01	1.61	1.61	1.06	0.91	0.74	0.74	0.65	0.62	0.57	0.59	0.59	0.56	0.59	0.54	0.47	0.47	0.56	0.53	0.47	0.51	0.50	0.44	0.00	0.62	0.71	0.85	0.66	0.61	0.58	0.56	0.59	0.51	0.51	0.43	0.45	0.47	0.46	0.47	0.44	0.66	0.90	1.00	1.26	2.24	2.24
124	717.35	1.74	1.74	1.03	0.92	0.70	0.77	0.69	0.64	0.54	0.59	0.60	0.59	0.59	0.52	0.50	0.48	0.59	0.53	0.50	0.54	0.53	0.46	0.00	0.67	0.77	0.93	0.72	0.62	0.66	0.62	0.61	0.52	0.50	0.46	0.45	0.48	0.46	0.45	0.45	0.66	0.85	1.09	1.26	2.45	2.45
125	720.69	1.53	1.53	1.02	0.90	0.77	0.71	0.68	0.66	0.58	0.61	0.63	0.59	0.63	0.54	0.52	0.51	0.62	0.58	0.54	0.54	0.56	0.51	0.00	0.68	0.80	0.94	0.74	0.68	0.66	0.62	0.64	0.55	0.55	0.46	0.49	0.52	0.50	0.47	0.41	0.66	0.85	1.01	1.15	2.22	2.22
126	724.03	1.50	1.50	1.21	0.89	0.77	0.73	0.66	0.66	0.60	0.61	0.60	0.60	0.59	0.54	0.51	0.48	0.61	0.54	0.49	0.51	0.51	0.47	0.00	0.67	0.77	0.92	0.75	0.66	0.65	0.60	0.62	0.53	0.52	0.47	0.47	0.49	0.49	0.49	0.45	0.71	0.88	1.06	1.38	2.23	2.23
127	727.37	1.57	1.57	1.14	0.89	0.74	0.72	0.65	0.62	0.52	0.57	0.57	0.56	0.59	0.51	0.47	0.43	0.56	0.49	0.47	0.48	0.48	0.43	0.00	0.62	0.75	0.93	0.72	0.63	0.62	0.57	0.57	0.49	0.47	0.43	0.43	0.46	0.44	0.44	0.40	0.67	0.88	1.07	1.34	2.08	2.08
128	730.70	1.67	1.67	1.14	0.91	0.71	0.72	0.65	0.61	0.52	0.57	0.57	0.55	0.57	0.48	0.47	0.46	0.55	0.50	0.46	0.51	0.51	0.44	0.00	0.63	0.73	0.88	0.68	0.60	0.58	0.57	0.57	0.47	0.48	0.41	0.43	0.45	0.42	0.43	0.41	0.65	0.92	1.08	1.38	2.30	2.30
129	734.04	1.36	1.36	1.23	0.91	0.74	0.78	0.67	0.62	0.56	0.56	0.55	0.54	0.58	0.51	0.49	0.44	0.55	0.50	0.46	0.52	0.49	0.45	0.00	0.65	0.73	0.87	0.69	0.60	0.61	0.61	0.60	0.50	0.49	0.43	0.46	0.49	0.47	0.49	0.42	0.64	0.87	1.05	1.27	2.26	2.26
130	737.37	1.53	1.53	1.14	0.83	0.71	0.69	0.66	0.58	0.52	0.52	0.55	0.53	0.53	0.48	0.47	0.46	0.53	0.49	0.45	0.48	0.48	0.43	0.00	0.63	0.76	0.90	0.70	0.61	0.62	0.59	0.58	0.47	0.48	0.42	0.44	0.47	0.46	0.45	0.39	0.63	0.82	1.00	1.20	2.14	2.14
131	740.71	1.63	1.63	1.30	0.81	0.71	0.73	0.68	0.61	0.56	0.55	0.55	0.54	0.57	0.51	0.50	0.47	0.57	0.50	0.48	0.53	0.51	0.41	0.00	0.66	0.77	0.90	0.69	0.62	0.61	0.59	0.59	0.47	0.49	0.42	0.43	0.47	0.44	0.45	0.39	0.63	0.89	1.00	1.26	2.30	2.30
132	744.04	1.60	1.60	1.16	0.92	0.69	0.74	0.67	0.61	0.54	0.56	0.58	0.54	0.58	0.50	0.49	0.45	0.54	0.51	0.49	0.50	0.51	0.45	0.00	0.65	0.75	0.90	0.71	0.62	0.62	0.59	0.59	0.51	0.46	0.44	0.44	0.46	0.47	0.47	0.44	0.66	0.86	1.08	1.32	2.13	2.13
133	747.37	1.41	1.41	1.15	0.85	0.76	0.74	0.64	0.64	0.55	0.59	0.61	0.53	0.57	0.51	0.51	0.46	0.60	0.51	0.49	0.51	0.53	0.46	0.00	0.65	0.78	0.91	0.70	0.63	0.65	0.62	0.61	0.52	0.51	0.44	0.45	0.51	0.47	0.48	0.41	0.67	0.91	1.01	1.26	2.15	2.15
134	750.71	1.48	1.48	1.21	0.82	0.79	0.77	0.63	0.61	0.57	0.57	0.58	0.54	0.59	0.51	0.48	0.48	0.56	0.51	0.50	0.54	0.55	0.45	0.00	0.66	0.73	0.91	0.71	0.63	0.62	0.61	0.63	0.51	0.49	0.43	0.44	0.47	0.46	0.45	0.40	0.68	0.88	1.02	1.21	2.23	2.23
135	754.04	1.62	1.62	1.24	0.81	0.74	0.77	0.67	0.61	0.54	0.55	0.56	0.57	0.59	0.52	0.50	0.45	0.58	0.48	0.47	0.52	0.51	0.43	0.00	0.64	0.75	0.92	0.69	0.62	0.62	0.60	0.56	0.48	0.50	0.42	0.45	0.48	0.45	0.45	0.41	0.70	0.93	1.06	1.25	2.13	2.13
136	757.37	1.45	1.45	1.10	0.82	0.72	0.73	0.63	0.60	0.56	0.53	0.52	0.52	0.53	0.51	0.48	0.42	0.53	0.48	0.44	0.49	0.48	0.40	0.00	0.61	0.72	0.83	0.67	0.55	0.58	0.56	0.57	0.48	0.48	0.42	0.46	0.44	0.45	0.42	0.40	0.67	0.87	0.96	1.26	2.29	2.29
137	760.70	1.49	1.49	1.17	0.84	0.70	0.73	0.61	0.57	0.54	0.54	0.52	0.50	0.55	0.45	0.44	0.43	0.52	0.46	0.43	0.48	0.47	0.41	0.00	0.60	0.69	0.77	0.62	0.55	0.54	0.55	0.56	0.45	0.45	0.39	0.39	0.41	0.40	0.40	0.39	0.65	0.84	1.03	1.32	2.01	2.01
138	764.03	1.49	1.49	1.22	0.79	0.73	0.71	0.57	0.56	0.52	0.54	0.54	0.50	0.51	0.44	0.46	0.41	0.51	0.44	0.44	0.45	0.47	0.39	0.00	0.59	0.69	0.79	0.60	0.53	0.53	0.52	0.53	0.43	0.44	0.39	0.40	0.44	0.42	0.41	0.40	0.60	0.80	0.98	1.20	2.08	2.08
139	767.36	1.40	1.40	1.22	0.84	0.68	0.72	0.61	0.56	0.53	0.52	0.53	0.50	0.51	0.46	0.43	0.42	0.47	0.45	0.42	0.46	0.46	0.37	0.00	0.56	0.67	0.79	0.63	0.56	0.54	0.53	0.52	0.45	0.43	0.36	0.40	0.42	0.40	0.41	0.39	0.62	0.84	0.96	1.23	2.24	2.24
140	770.69	1.66	1.66	1.24	0.80	0.71	0.70	0.60	0.58	0.53	0.52	0.57	0.51	0.56	0.49	0.48	0.42	0.53	0.47	0.42	0.50	0.51	0.43	0.00	0.64	0.74	0.86	0.66	0.60	0.62	0.57	0.59	0.47	0.47	0.42	0.42	0.43	0.41	0.43	0.40	0.67	0.87	1.03	1.26	1.95	1.95
141	774.01	1.49	1.49	1.19	0.85	0.80	0.72	0.65	0.65	0.52	0.56	0.55	0.57	0.59	0.52	0.48	0.46	0.56	0.51	0.50	0.51	0.50	0.44	0.00	0.70	0.77	0.98	0.70	0.64	0.63	0.59	0.59	0.51	0.52	0.45	0.43	0.49	0.47	0.44	0.39	0.68	0.87	1.04	1.27	2.36	2.36
142	777.34	1.46	1.46	1.29	0.86	0.77	0.81	0.66	0.70	0.62	0.60	0.65	0.60	0.62	0.58	0.55	0.49	0.64	0.57	0.52	0.55	0.57	0.47	0.00	0.73	0.82	0.97	0.78	0.72	0.68	0.67	0.65	0.55	0.53	0.47	0.48	0.53	0.48	0.52	0.43	0.71	0.93	1.10	1.26	2.42	2.42
143	780.67	1.36	1.36	1.32	0.81	0.75	0.77	0.65	0.63	0.58	0.59	0.63	0.57	0.60	0.54	0.53	0.46	0.62	0.54	0.52	0.52	0.53	0.49	0.00	0.74	0.81	0.96	0.78	0.67	0.66	0.65	0.64	0.49	0.51	0.45	0.46	0.49	0.50	0.48	0.45	0.80	0.98	1.21	1.36	2.54	2.54
144	783.99	1.64	1.64	1.28	0.85	0.74	0.78	0.68	0.60	0.53	0.56	0.56	0.56	0.59	0.52	0.47	0.45	0.56	0.48	0.47	0.50	0.50	0.43	0.00	0.71	0.79	0.94	0.70	0.63	0.64	0.60	0.62	0.52	0.51	0.42	0.43	0.50	0.49	0.48	0.43	0.65	0.91	1.03	1.14	2.17	2.17
145	787.31	1.72	1.72	1.28	0.84	0.77	0.72	0.63	0.61	0.54	0.57	0.57	0.54	0.53	0.52	0.50	0.48	0.60	0.49	0.46	0.52	0.53	0.45	0.00	0.68	0.81	0.96	0.74	0.68	0.65	0.65	0.63	0.49	0.48	0.44	0.43	0.49	0.48	0.48	0.43	0.63	0.93	0.95	1.39	2.19	2.19
146	790.64	1.49	1.49	1.10	0.81	0.65	0.75	0.65	0.60	0.56	0.53	0.57	0.53	0.53	0.51	0.50	0.43	0.54	0.50	0.49	0.48	0.52	0.42	0.00	0.68	0.76	0.92	0.70	0.66	0.63	0.59	0.59	0.51	0.49	0.44	0.42	0.51	0.44	0.42	0.41	0.70	0.98	1.11	1.18	2.31	2.31
147	793.96	1.45	1.45	1.06	0.89	0.75	0.69	0.58	0.57	0.50	0.53	0.56	0.52	0.55	0.50	0.45	0.44	0.51	0.45	0.43	0.47	0.48	0.41	0.00	0.66	0.79	0.92	0.67	0.62	0.60	0.59	0.60	0.46	0.43	0.40	0.39	0.44	0.41	0.46	0.41	0.65	0.86	1.03	1.19	2.26	2.26
148	797.28	1.55	1.55	1.10	0.84	0.73	0.79	0.66	0.60	0.55	0.49	0.54	0.54	0.54	0.50	0.47	0.43	0.57	0.46	0.47	0.51	0.50	0.43	0.00	0.64	0.72	0.90	0.68	0.62	0.60	0.59	0.66	0.50	0.49	0.42	0.47	0.48	0.50	0.46	0.45	0.69	0.88	0.98	1.39	2.34	2.34
149	800.60	1.58	1.58	1.34	0.69	0.69	0.69	0.60	0.65	0.54	0.52	0.53	0.54	0.55	0.52	0.52	0.46	0.57	0.47	0.46	0.49	0.50	0.43	0.00	0.68	0.83	0.92	0.75	0.63	0.63	0.58	0.59	0.50	0.48	0.46	0.45	0.52	0.51	0.46	0.44	0.71	0.89	1.03	1.40	2.09	2.09
150	803.92	1.44	1.44	1.14	0.90	0.71	0.74	0.68	0.65	0.55	0.52	0.60	0.58	0.57	0.55	0.53	0.46	0.57	0.48	0.47	0.51	0.52	0.45	0.00	0.69	0.77	0.91	0.70	0.65	0.62	0.65	0.63	0.55	0.54	0.47	0.40	0.50	0.49	0.44	0.43	0.77	0.85	1.02	1.30	2.40	2.40
151	807.24	1.62	1.62	1.23	0.91	0.81	0.70	0.59	0.63	0.53	0.54	0.53	0.56	0.58	0.49	0.49	0.46	0.55	0.50	0.47	0.54	0.49	0.43	0.00	0.68	0.79	0.93	0.69	0.66	0.61	0.59	0.56	0.52	0.48	0.42	0.43	0.46	0.48	0.47	0.41	0.68	0.96	1.02	1.41	2.44	2.44
152	810.56	1.25	1.25	1.16	0.96	0.71	0.77	0.65	0.64	0.55	0.57	0.57	0.57	0.58	0.55	0.52	0.47	0.57	0.47	0.47	0.53	0.51	0.44	0.00	0.70	0.79	0.96	0.73	0.66	0.64	0.61	0.62	0.47	0.50	0.41	0.45	0.46	0.47	0.47	0.42	0.66	0.92	1.03	1.40	2.25	2.25
153	813.87	1.51	1.51	1.25	0.90	0.79	0.80	0.63	0.62	0.58	0.56	0.53	0.55	0.59	0.49	0.51	0.47	0.57	0.49	0.48	0.51	0.50	0.43	0.00	0.72	0.79	0.95	0.73	0.65	0.62	0.60	0.59	0.51	0.48	0.41	0.43	0.49	0.47	0.46	0.45	0.69	0.96	1.07	1.41	2.28	2.28
154	817.19	1.46	1.46	1.09	0.83	0.63	0.63	0.56	0.54	0.49	0.47	0.45	0.44	0.46	0.45	0.42	0.36	0.45	0.40	0.39	0.44	0.43	0.34	0.00	0.58	0.67	0.77	0.61	0.55	0.55	0.53	0.48	0.40	0.38	0.35	0.36	0.40	0.37	0.39	0.37	0.63	0.92	0.98	1.22	2.14	2.14
155	820.50	1.37	1.37	1.05	0.80	0.58	0.59	0.49	0.46	0.42	0.39	0.38	0.35	0.37	0.36	0.30	0.27	0.36	0.30	0.30	0.33	0.30	0.26	0.00	0.44	0.54	0.61	0.48	0.41	0.40	0.40	0.40	0.31	0.29	0.27	0.28	0.30	0.29	0.32	0.30	0.59	0.74	0.93	1.23	1.97	1.97
156	823.82	1.38	1.38	1.02	0.80	0.63	0.60	0.49	0.43	0.41	0.38	0.37	0.35	0.36	0.34	0.29	0.23	0.33	0.29	0.27	0.31	0.27	0.24	0.00	0.41	0.51	0.55	0.41	0.37	0.37	0.36	0.36	0.27	0.28	0.24	0.25	0.29	0.28	0.34	0.32	0.55	0.75	0.90	1.19	1.92	1.92
157	827.13	1.44	1.44	1.06	0.80	0.59	0.62	0.49	0.46	0.40	0.42	0.39	0.37	0.39	0.37	0.31	0.27	0.35	0.33	0.31	0.35	0.31	0.27	0.00	0.43	0.55	0.61	0.49	0.43	0.42	0.41	0.37	0.31	0.30	0.27	0.27	0.30	0.31	0.33	0.32	0.56	0.79	0.94	1.21	1.99	1.99
158	830.44	1.44	1.44	1.12	0.81	0.62	0.66	0.54	0.49	0.43	0.42	0.40	0.40	0.41	0.37	0.35	0.30	0.41	0.33	0.33	0.38	0.35	0.29	0.00	0.48	0.55	0.67	0.50	0.47	0.48	0.44	0.41	0.35	0.33	0.30	0.31	0.32	0.32	0.35	0.31	0.59	0.79	0.96	1.18	2.07	2.07
159	833.76	1.45	1.45	1.12	0.82	0.69	0.68	0.55	0.51	0.46	0.45	0.45	0.42	0.42	0.40	0.36	0.32	0.44	0.36	0.36	0.39	0.36	0.33	0.00	0.52	0.63	0.75	0.56	0.51	0.47	0.47	0.45	0.36	0.34	0.31	0.30	0.33	0.32	0.36	0.32	0.60	0.81	1.00	1.22	2.04	2.04
160	837.07	1.62	1.62	1.15	0.84	0.68	0.72	0.57	0.57	0.48	0.50	0.48	0.47	0.47	0.47	0.42	0.37	0.46	0.43	0.42	0.48	0.42	0.37	0.00	0.61	0.65	0.81	0.62	0.54	0.53	0.52	0.53	0.42	0.41	0.38	0.37	0.40	0.41	0.40	0.38	0.61	0.89	1.04	1.28	2.02	2.02
161	840.37	1.52	1.52	1.21	0.89	0.70	0.65	0.57	0.60	0.48	0.50	0.50	0.50	0.50	0.47	0.46	0.40	0.52	0.47	0.42	0.50	0.46	0.37	0.00	0.64	0.74	0.88	0.66	0.57	0.55	0.54	0.56	0.43	0.42	0.38	0.35	0.41	0.41	0.41	0.38	0.66	0.89	1.06	1.14	2.24	2.24
162	843.68	1.57	1.57	1.18	0.88	0.72	0.79	0.64	0.61	0.56	0.57	0.54	0.55	0.61	0.51	0.50	0.47	0.53	0.46	0.52	0.50	0.51	0.42	0.00	0.68	0.78	0.93	0.74	0.67	0.61	0.64	0.60	0.49	0.53	0.44	0.45	0.49	0.47	0.46	0.44	0.74	1.02	1.14	1.27	2.29	2.29
163	846.99	1.63	1.63	1.32	1.15	0.76	0.93	0.68	0.65	0.59	0.58	0.57	0.60	0.58	0.58	0.52	0.43	0.55	0.51	0.53	0.53	0.51	0.44	0.00	0.79	0.89	1.08	0.84	0.75	0.67	0.67	0.66	0.55	0.56	0.51	0.48	0.55	0.50	0.58	0.42	0.70	0.94	1.01	1.20	2.69	2.69
164	850.29	2.44	2.44	1.46	1.18	1.09	0.82	0.72	0.70	0.64	0.66	0.65	0.66	0.71	0.75	0.63	0.62	0.77	0.62	0.58	0.72	0.63	0.57	0.00	0.90	1.06	1.22	0.95	0.86	0.88	0.83	0.77	0.65	0.70	0.54	0.55	0.67	0.63	0.61	0.59	1.08	1.21	1.32	1.69	3.25	3.25
165	853.60	2.71	2.71	1.39	1.15	0.83	0.90	0.83	0.68	0.55	0.60	0.65	0.61	0.65	0.62	0.58	0.53	0.60	0.54	0.57	0.60	0.51	0.49	0.00	0.77	0.86	1.07	0.80	0.83	0.71	0.70	0.63	0.53	0.57	0.57	0.50	0.56	0.49	0.54	0.54	0.99	1.25	1.42	1.89	3.28	3.28
166	856.90	2.02	2.02	1.33	1.03	0.87	0.85	0.65	0.69	0.66	0.59	0.57	0.57	0.65	0.60	0.59	0.51	0.62	0.58	0.61	0.63	0.57	0.51	0.00	0.72	0.82	1.03	0.87	0.74	0.68	0.66	0.66	0.58	0.53	0.55	0.53	0.60	0.61	0.63	0.67	1.02	1.18	1.11	1.40	2.77	2.77
167	860.21	2.07	2.07	1.83	1.22	1.13	0.80	0.76	0.66	0.66	0.63	0.62	0.58	0.65	0.60	0.63	0.54	0.66	0.56	0.53	0.65	0.55	0.48	0.00	0.81	0.88	1.07	0.88	0.78	0.76	0.70	0.70	0.62	0.50	0.46	0.52	0.55	0.61	0.56	0.58	0.89	1.16	1.14	1.65	3.53	3.53
168	863.51	1.96	1.96	1.27	1.19	0.92	0.92	0.86	0.67	0.47	0.56	0.59	0.56	0.61	0.54	0.56	0.54	0.70	0.56	0.55	0.62	0.62	0.52	0.00	0.71	0.89	1.05	0.86	0.71	0.72	0.72	0.70	0.55	0.59	0.47	0.51	0.59	0.59	0.51	0.61	0.69	0.98	1.07	1.59	2.54	2.54
169	866.81	1.83	1.83	1.25	1.07	0.85	0.80	0.71	0.69	0.55	0.57	0.57	0.56	0.65	0.54	0.48	0.48	0.55	0.50	0.44	0.49	0.53	0.39	0.00	0.74	0.83	0.95	0.77	0.69	0.53	0.58	0.63	0.52	0.46	0.41	0.48	0.54	0.45	0.57	0.52	0.76	0.90	1.15	1.67	2.35	2.35
170	870.11	1.80	1.80	1.09	0.82	1.02	0.78	0.65	0.61	0.52	0.49	0.49	0.45	0.51	0.52	0.43	0.36	0.56	0.40	0.43	0.43	0.47	0.38	0.00	0.66	0.76	0.86	0.67	0.55	0.55	0.56	0.56	0.45	0.45	0.49	0.47	0.47	0.44	0.49	0.50	0.81	0.82	1.07	1.18	2.16	2.16
171	873.41	1.55	1.55	1.09	0.86	0.68	0.71	0.62	0.61	0.46	0.51	0.48	0.48	0.48	0.50	0.44	0.40	0.53	0.39	0.42	0.48	0.47	0.40	0.00	0.66	0.75	0.88	0.67	0.58	0.55	0.56	0.55	0.47	0.45	0.39	0.46	0.44	0.48	0.48	0.45	0.80	1.04	1.09	1.28	2.26	2.26
172	876.70	1.29	1.29	1.08	0.79	0.72	0.73	0.56	0.47	0.41	0.39	0.42	0.46	0.42	0.38	0.37	0.35	0.40	0.40	0.38	0.41	0.36	0.32	0.00	0.51	0.66	0.69	0.53	0.50	0.47	0.51	0.43	0.38	0.35	0.31	0.31	0.37	0.35	0.45	0.37	0.56	0.89	1.10	1.27	1.95	1.95
173	880.00	1.39	1.39	0.94	0.74	0.62	0.60	0.45	0.40	0.35	0.35	0.33	0.34	0.35	0.32	0.32	0.24	0.33	0.28	0.26	0.30	0.26	0.23	0.00	0.39	0.49	0.55	0.43	0.42	0.38	0.38	0.33	0.26	0.27	0.22	0.25	0.32	0.32	0.31	0.31	0.53	0.79	0.93	1.21	2.02	2.02
174	883.29	1.40	1.40	1.00	0.83	0.65	0.65	0.47	0.43	0.40	0.41	0.37	0.36	0.35	0.37	0.28	0.25	0.31	0.28	0.27	0.32	0.27	0.24	0.00	0.41	0.46	0.58	0.41	0.37	0.37	0.36	0.34	0.28	0.27	0.23	0.27	0.29	0.27	0.33	0.31	0.52	0.81	0.93	1.13	1.86	1.86
175	886.59	1.53	1.53	1.07	0.79	0.67	0.63	0.50	0.44	0.38	0.39	0.38	0.34	0.38	0.34	0.32	0.25	0.34	0.30	0.29	0.31	0.31	0.25	0.00	0.45	0.55	0.65	0.47	0.42	0.43	0.41	0.36	0.30	0.25	0.27	0.28	0.26	0.32	0.34	0.34	0.59	0.82	0.97	1.23	1.97	1.97
176	889.88	1.52	1.52	1.01	0.86	0.73	0.67	0.57	0.52	0.43	0.42	0.46	0.36	0.42	0.38	0.37	0.32	0.40	0.35	0.30	0.36	0.38	0.31	0.00	0.51	0.58	0.70	0.52	0.48	0.47	0.48	0.46	0.37	0.34	0.32	0.30	0.36	0.31	0.34	0.33	0.60	0.83	1.00	1.39	2.12	2.12
177	893.17	1.39	1.39	1.11	0.76	0.63	0.60	0.52	0.51	0.39	0.39	0.43	0.39	0.36	0.36	0.32	0.29	0.34	0.34	0.29	0.36	0.34	0.24	0.00	0.44	0.56	0.64	0.48	0.41	0.41	0.41	0.41	0.28	0.30	0.27	0.30	0.30	0.26	0.32	0.31	0.54	0.82	0.91	1.25	1.97	1.97
178	896.46	1.35	1.35	1.02	0.81	0.66	0.60	0.51	0.44	0.40	0.37	0.35	0.38	0.38	0.31	0.30	0.27	0.33	0.28	0.28	0.35	0.29	0.27	0.00	0.44	0.59	0.63	0.49	0.42	0.43	0.42	0.45	0.32	0.27	0.26	0.30	0.31	0.32	0.35	0.34	0.57	0.77	1.01	1.28	2.17	2.17
179	899.75	1.28	1.28	0.86	0.79	0.60	0.60	0.57	0.47	0.37	0.40	0.36	0.36	0.40	0.32	0.32	0.30	0.35	0.28	0.31	0.34	0.33	0.25	0.00	0.46	0.53	0.67	0.49	0.44	0.42	0.41	0.42	0.30	0.29	0.27	0.30	0.34	0.36	0.36	0.38	0.67	0.89	1.02	1.28	2.15	2.15
180	903.03	1.60	1.60	1.06	0.73	0.64	0.65	0.48	0.50	0.38	0.38	0.39	0.39	0.38	0.40	0.33	0.29	0.39	0.35	0.33	0.38	0.38	0.30	0.00	0.51	0.59	0.71	0.54	0.50	0.49	0.48	0.51	0.34	0.32	0.30	0.30	0.34	0.35	0.37	0.38	0.59	0.77	1.01	1.21	1.98	1.98
181	906.32	1.36	1.36	1.08	0.85	0.65	0.62	0.55	0.52	0.48	0.39	0.37	0.36	0.37	0.37	0.33	0.29	0.35	0.28	0.29	0.36	0.33	0.28	0.00	0.50	0.59	0.68	0.47	0.47	0.44	0.48	0.43	0.33	0.31	0.32	0.31	0.35	0.31	0.36	0.36	0.62	0.82	0.98	1.14	2.20	2.20
182	909.61	1.31	1.31	1.00	0.85	0.59	0.62	0.54	0.53	0.49	0.42	0.40	0.45	0.43	0.38	0.36	0.31	0.42	0.36	0.37	0.40	0.37	0.34	0.00	0.56	0.65	0.84	0.60	0.53	0.48	0.54	0.45	0.40	0.32	0.36	0.39	0.38	0.44	0.46	0.38	0.57	0.91	1.19	1.44	2.16	2.16
183	912.89	1.63	1.63	1.33	0.78	0.73	0.64	0.56	0.52	0.44	0.41	0.43	0.44	0.41	0.42	0.34	0.33	0.37	0.34	0.31	0.32	0.34	0.31	0.00	0.52	0.56	0.65	0.52	0.47	0.44	0.51	0.47	0.34	0.31	0.29	0.34	0.29	0.29	0.43	0.35	0.74	0.83	1.00	1.10	2.24	2.24
184	916.17	1.30	1.30	1.08	0.81	0.62	0.57	0.53	0.43	0.38	0.40	0.35	0.38	0.39	0.36	0.29	0.29	0.31	0.30	0.29	0.31	0.29	0.27	0.00	0.42	0.52	0.59	0.42	0.42	0.39	0.38	0.37	0.28	0.27	0.28	0.31	0.31	0.34	0.38	0.34	0.66	0.83	1.07	1.30	1.94	1.94
185	919.45	1.70	1.70	1.15	0.71	0.73	0.58	0.58	0.49	0.42	0.43	0.38	0.38	0.45	0.34	0.32	0.28	0.35	0.32	0.32	0.33	0.29	0.27	0.00	0.41	0.51	0.55	0.47	0.38	0.41	0.37	0.42	0.32	0.32	0.24	0.30	0.31	0.31	0.38	0.30	0.62	0.84	0.85	1.38	2.04	2.04
186	922.73	1.18	1.18	1.33	0.96	0.80	0.54	0.47	0.47	0.44	0.36	0.42	0.39	0.41	0.38	0.32	0.31	0.43	0.37	0.33	0.38	0.29	0.30	0.00	0.46	0.62	0.76	0.55	0.48	0.45	0.48	0.45	0.35	0.33	0.32	0.39	0.36	0.31	0.50	0.41	0.68	0.86	1.07	1.04	1.98	1.98
187	926.01	1.72	1.72	1.57	1.06	0.96	0.76	0.70	0.65	0.56	0.49	0.50	0.60	0.57	0.60	0.54	0.39	0.58	0.45	0.47	0.54	0.55	0.41	0.00	0.69	0.74	0.92	0.75	0.60	0.68	0.66	0.61	0.53	0.47	0.41	0.46	0.42	0.52	0.44	0.53	0.94	0.97	1.06	1.59	2.76	2.76
188	929.29	2.75	2.75	1.21	1.14	1.06	0.88	0.63	0.54	0.55	0.60	0.67	0.58	0.58	0.57	0.60	0.51	0.64	0.56	0.63	0.52	0.54	0.46	0.00	0.82	0.86	1.09	0.86	0.72	0.76	0.66	0.69	0.56	0.51	0.55	0.59	0.55	0.60	0.57	0.51	0.97	1.17	1.18	1.83	2.85	2.85
189	932.56	2.35	2.35	1.34	1.07	0.88	0.86	0.70	0.58	0.51	0.53	0.54	0.53	0.46	0.53	0.46	0.47	0.49	0.38	0.50	0.42	0.46	0.46	0.00	0.64	0.72	0.87	0.70	0.51	0.58	0.54	0.45	0.42	0.44	0.35	0.51	0.44	0.45	0.49	0.56	0.77	1.12	1.29	1.48	2.30	2.30
190	935.84	2.04	2.04	1.27	0.96	0.93	0.75	0.74	0.60	0.57	0.51	0.49	0.46	0.52	0.46	0.44	0.38	0.50	0.39	0.40	0.41	0.38	0.33	0.00	0.53	0.64	0.80	0.61	0.57	0.48	0.53	0.43	0.39	0.41	0.41	0.45	0.43	0.37	0.42	0.52	0.74	0.86	1.07	1.61	3.01	3.01
191	939.11	1.81	1.81	1.07	0.98	0.77	0.68	0.66	0.48	0.47	0.47	0.46	0.47	0.50	0.43	0.49	0.41	0.37	0.38	0.39	0.43	0.40	0.36	0.00	0.48	0.62	0.70	0.48	0.53	0.51	0.43	0.59	0.38	0.42	0.40	0.36	0.48	0.42	0.44	0.45	0.64	0.95	1.17	1.24	3.07	3.07
192	942.38	1.90	1.90	1.38	1.04	0.79	0.67	0.69	0.51	0.42	0.48	0.40	0.43	0.36	0.41	0.46	0.35	0.46	0.35	0.37	0.38	0.35	0.33	0.00	0.57	0.62	0.75	0.60	0.45	0.50	0.47	0.50	0.34	0.36	0.35	0.42	0.48	0.42	0.47	0.47	0.70	0.78	1.15	1.30	3.12	3.12
193	945.65	2.23	2.23	1.22	1.10	0.79	0.67	0.56	0.57	0.41	0.48	0.45	0.38	0.39	0.44	0.37	0.30	0.40	0.33	0.39	0.30	0.29	0.31	0.00	0.53	0.53	0.65	0.45	0.51	0.39	0.52	0.44	0.35	0.37	0.36	0.39	0.44	0.39	0.49	0.38	0.78	1.08	1.08	1.67	3.15	3.15
194	948.92	2.10	2.10	1.66	0.82	0.62	0.64	0.64	0.53	0.44	0.43	0.41	0.37	0.43	0.39	0.35	0.36	0.41	0.40	0.36	0.37	0.39	0.37	0.00	0.44	0.61	0.67	0.59	0.60	0.53	0.44	0.48	0.34	0.43	0.31	0.41	0.52	0.49	0.49	0.56	0.59	0.97	1.25	1.54	2.54	2.54
195	952.19	3.09	3.09	1.34	0.96	0.76	0.80	0.65	0.60	0.43	0.45	0.50	0.43	0.45	0.45	0.41	0.37	0.43	0.37	0.35	0.44	0.40	0.35	0.00	0.51	0.57	0.71	0.52	0.53	0.51	0.39	0.43	0.35	0.33	0.34	0.39	0.45	0.41	0.55	0.49	0.72	1.01	1.16	1.93	3.12	3.12
196	955.45	2.54	2.54	1.76	1.40	1.08	0.96	0.75	0.66	0.71	0.54	0.52	0.64	0.53	0.55	0.38	0.38	0.43	0.51	0.55	0.58	0.43	0.45	0.00	0.54	0.74	0.83	0.64	0.56	0.60	0.61	0.56	0.45	0.44	0.47	0.53	0.59	0.54	0.52	0.76	0.81	0.80	1.01	1.69	3.20	3.20
197	958.72	4.61	4.61	2.56	1.79	1.39	0.94	1.06	0.81	0.70	0.79	0.79	0.68	0.79	0.62	0.62	0.62	0.60	0.51	0.60	0.60	0.64	0.67	0.00	0.83	0.90	1.03	0.78	0.85	0.63	0.63	0.75	0.71	0.54	0.56	0.62	0.71	0.72	0.89	0.84	1.19	1.42	1.42	2.00	4.13	4.13
198	961.98	4.75	4.75	2.46	1.57	1.23	0.85	1.36	1.12	0.74	0.78	0.82	0.64	0.72	0.65	0.72	0.65	0.75	0.64	0.56	0.64	0.71	0.63	0.00	1.01	1.02	1.20	0.95	0.83	0.79	0.81	0.81	0.74	0.68	0.70	0.78	0.85	0.95	0.84	1.06	1.36	1.25	2.38	2.52	5.28	5.28
199	965.24	4.67	4.67	2.20	2.46	1.20	1.09	0.95	0.96	0.88	0.83	0.89	0.67	0.80	0.64	0.59	0.68	0.56	0.59	0.56	0.55	0.64	0.57	0.00	0.69	0.81	0.96	0.79	0.77	0.70	0.61	0.63	0.61	0.61	0.61	0.76	0.76	0.89	0.69	0.96	1.18	1.47	2.01	2.65	5.17	5.17
200	968.50	4.37	4.37	2.26	1.29	1.23	1.13	1.27	1.07	0.83	0.83	0.79	0.59	0.63	0.69	0.63	0.63	0.74	0.52	0.60	0.63	0.58	0.57	0.00	0.79	0.90	0.96	0.81	0.82	0.70	0.85	0.86	0.56	0.66	0.62	0.61	0.83	0.77	0.67	0.91	0.95	1.28	1.86	2.16	3.87	3.87
201	971.76	4.82	4.82	1.52	1.68	1.11	1.18	0.95	0.93	0.62	0.75	0.68	0.65	0.78	0.66	0.75	0.61	0.61	0.53	0.78	0.65	0.59	0.69	0.00	0.84	0.99	1.08	0.77	0.79	0.72	0.72	0.68	0.57	0.58	0.55	0.77	0.56	0.67	0.75	0.65	0.90	1.05	1.62	1.82	4.30	4.30
202	975.02	3.27	3.27	1.49	1.48	0.98	0.75	0.85	0.68	0.71	0.67	0.62	0.59	0.53	0.62	0.48	0.44	0.46	0.44	0.52	0.49	0.55	0.48	0.00	0.60	0.67	0.77	0.52	0.51	0.55	0.50	0.59	0.48	0.42	0.45	0.54	0.59	0.58	0.51	0.63	1.02	1.06	1.48	1.88	4.26	4.26
203	978.27	3.25	3.25	1.61	1.23	1.24	0.85	0.68	0.78	0.54	0.61	0.58	0.50	0.45	0.56	0.43	0.39	0.43	0.43	0.42	0.41	0.38	0.45	0.00	0.67	0.66	0.57	0.57	0.48	0.61	0.46	0.42	0.42	0.42	0.40	0.47	0.42	0.51	0.60	0.55	1.03	0.99	1.20	1.80	3.08	3.08
204	981.52	2.90	2.90	1.63	1.28	1.05	1.00	0.66	0.80	0.59	0.46	0.60	0.57	0.45	0.51	0.46	0.45	0.56	0.50	0.40	0.49	0.49	0.46	0.00	0.64	0.57	0.74	0.47	0.53	0.60	0.50	0.48	0.42	0.45	0.55	0.44	0.49	0.62	0.64	0.65	1.00	0.81	1.33	1.76	3.42	3.42
205	984.78	3.88	3.88	1.92	1.20	1.18	1.17	1.08	0.80	0.79	0.63	0.73	0.47	0.46	0.62	0.53	0.56	0.50	0.60	0.54	0.66	0.52	0.43	0.00	0.73	0.69	1.00	0.81	0.76	0.64	0.62	0.59	0.41	0.51	0.47	0.58	0.61	0.70	0.67	0.85	0.91	1.29	1.66	2.63	5.13	5.13
206	988.03	3.14	3.14	1.73	1.34	0.99	1.13	0.61	0.86	0.64	0.66	0.60	0.59	0.71	0.60	0.58	0.47	0.64	0.55	0.60	0.58	0.55	0.46	0.00	0.64	0.63	0.75	0.62	0.55	0.63	0.49	0.65	0.56	0.63	0.49	0.54	0.55	0.69	0.83	0.74	1.03	0.99	1.13	1.81	4.73	4.73
207	991.28	3.71	3.71	1.90	1.26	1.13	0.75	0.69	0.64	0.66	0.62	0.58	0.46	0.44	0.51	0.40	0.48	0.44	0.49	0.43	0.45	0.47	0.55	0.00	0.43	0.50	0.58	0.49	0.51	0.46	0.47	0.49	0.45	0.48	0.50	0.56	0.51	0.71	0.58	0.63	1.14	1.21	1.62	2.05	4.72	4.72
208	994.52	3.09	3.09	1.76	1.07	1.12	0.79	0.65	0.87	0.54	0.60	0.50	0.46	0.46	0.33	0.46	0.43	0.65	0.42	0.45	0.47	0.35	0.46	0.00	0.41	0.57	0.94	0.76	0.49	0.55	0.53	0.55	0.42	0.42	0.48	0.44	0.56	0.62	0.71	0.76	1.02	0.93	1.50	1.91	5.09	5.09
209	997.77	5.68	5.68	2.43	2.17	1.58	1.14	1.31	0.66	0.82	0.70	0.54	0.56	0.72	0.72	0.59	0.52	0.47	0.70	0.54	0.55	0.63	0.57	0.00	0.65	0.62	0.86	0.79	0.58	0.71	0.75	0.69	0.67	0.61	0.78	0.71	0.69	0.73	0.92	0.87	1.07	1.54	1.36	2.44	5.41	5.41
210	1001.01	7.05	7.05	3.05	1.92	1.93	1.65	0.96	1.03	1.12	1.11	1.04	0.84	1.10	1.14	0.72	0.74	0.79	0.69	0.82	1.02	0.96	0.68	0.00	1.44	0.94	1.23	1.19	0.92	0.87	1.12	0.71	0.76	0.85	0.77	1.08	1.01	1.06	1.23	1.26	1.60	1.74	2.76	3.52	7.44	7.44
211	1004.26	9.50	9.50	4.86	3.75	2.64	2.48	2.51	1.78	1.60	1.21	1.64	1.48	1.47	1.25	1.18	1.14	1.11	1.25	1.19	1.49	1.11	1.31	0.01	1.14	1.34	1.52	1.41	1.34	1.37	1.12	1.14	1.05	1.14	1.54	1.17	1.27	1.84	1.60	2.03	2.45	3.27	3.35	3.88	7.69	7.69
212	1007.50	10.16	10.16	3.46	2.59	2.38	2.33	1.99	1.72	1.50	1.34	1.31	1.31	1.43	1.18	1.22	1.24	1.32	1.22	1.44	1.27	1.36	1.21	0.01	1.37	1.54	1.45	1.28	1.45	1.48	1.27	1.39	1.40	1.33	1.45	1.33	1.36	1.63	1.57	1.67	2.02	1.89	3.54	4.66	8.53	8.53
213	1010.74	7.79	7.79	4.60	3.31	2.27	1.73	1.65	1.94	1.31	1.55	1.29	1.33	1.22	1.43	1.50	1.22	1.33	1.39	1.36	1.19	1.18	1.19	0.01	1.23	1.28	1.36	1.23	1.21	1.15	1.26	1.38	1.23	1.22	1.55	1.42	1.25	1.72	1.58	1.71	2.17	2.34	3.59	3.98	10.17	10.17
214	1013.98	9.71	9.71	5.10	2.88	2.91	1.62	1.29	1.83	1.39	1.01	1.34	1.26	1.31	1.32	0.94	0.97	1.16	0.97	1.07	1.00	1.27	1.25	0.01	1.09	1.15	1.26	1.13	1.21	1.12	1.08	1.05	1.33	1.30	1.11	1.53	1.55	1.82	1.56	2.20	2.12	3.07	4.41	5.12	12.53	12.53
215	1017.21	11.94	11.94	5.66	4.45	3.65	2.33	2.49	2.52	2.44	1.93	2.12	1.74	1.82	1.78	1.74	1.75	2.16	1.72	2.00	1.96	2.01	1.82	0.01	1.86	1.66	2.34	2.45	2.18	2.18	1.98	2.08	2.15	1.72	1.98	2.30	2.17	2.32	2.54	2.59	3.38	2.88	7.25	7.60	14.79	14.79
216	1020.45	25.83	25.83	8.54	6.87	5.19	4.11	3.56	3.76	3.23	3.48	3.32	3.34	3.20	2.69	2.41	3.00	3.19	3.09	3.47	3.25	2.64	3.36	0.02	2.82	2.48	3.19	2.91	3.11	3.03	2.61	3.19	3.20	2.98	2.57	3.69	2.81	3.40	3.36	4.48	4.06	5.42	7.31	7.86	21.44	21.44
217	1023.68	20.85	20.85	16.24	8.23	6.89	5.20	5.25	3.87	3.30	2.84	2.60	3.27	3.01	3.20	2.60	3.13	2.48	2.67	2.77	2.80	3.43	2.76	0.01	3.16	1.82	3.23	2.80	2.52	2.70	2.92	3.43	3.43	2.92	3.23	3.38	4.85	4.46	4.21	4.09	6.00	7.19	7.13	12.48	22.55	22.55
218	1026.91	30.58	30.58	16.48	8.85	8.70	7.71	5.09	4.87	5.73	4.04	3.78	4.42	4.47	3.48	3.58	3.83	4.35	3.52	3.61	4.46	3.69	3.71	0.02	3.14	3.35	4.34	4.20	4.61	4.22	4.12	3.63	3.85	3.56	4.58	5.66	5.12	4.41	4.15	7.40	6.83	10.08	10.44	18.13	36.16	36.16
219	1030.14	24.41	24.41	22.72	15.54	9.84	8.13	7.14	7.34	4.96	6.28	6.22	4.74	4.37	4.08	4.60	3.97	3.82	5.11	4.54	4.44	4.46	4.80	0.03	4.67	4.30	3.97	4.18	3.65	4.16	3.98	4.09	3.98	5.01	5.92	5.65	5.76	5.54	7.09	8.66	7.38	11.36	12.24	23.79	50.03	50.03
220	1033.37	56.12	56.12	23.65	15.77	13.01	10.16	10.19	8.58	7.12	8.08	6.29	5.98	5.18	4.06	5.79	4.95	4.78	5.60	6.29	4.49	6.23	6.74	0.03	5.32	5.58	6.22	5.59	5.47	5.35	6.23	5.48	5.59	5.57	6.02	6.72	6.88	6.44	7.37	8.82	9.09	13.70	16.27	19.98	48.77	48.77
221	1036.59	52.72	52.72	37.81	21.36	13.03	11.46	9.16	6.81	8.86	7.71	6.46	6.59	7.32	6.05	6.66	6.51	6.03	6.45	6.34	6.10	5.94	5.27	0.04	6.79	5.81	5.85	5.31	6.11	5.47	5.99	5.95	7.54	6.50	6.49	7.31	7.76	8.92	9.83	10.10	14.34	16.25	20.04	19.98	39.61	39.61
222	1039.82	57.82	57.82	38.90	22.69	17.47	19.04	13.71	15.11	10.06	10.59	9.77	11.45	10.73	8.59	9.31	8.58	11.45	8.12	10.48	8.83	11.08	10.50	0.06	12.07	10.90	11.49	9.85	8.53	9.00	10.14	9.03	9.65	10.19	8.01	10.04	10.34	9.72	11.19	16.52	18.30	19.25	27.70	20.92	78.43	78.43
223	1043.04	85.99	85.99	34.55	27.55	18.35	18.57	16.49	13.48	12.00	13.69	8.72	11.28	7.93	8.53	9.86	10.22	8.11	9.58	8.36	8.78	8.56	8.81	0.04	8.49	6.59	7.94	9.58	9.02	9.56	7.86	7.89	8.84	7.60	10.39	10.91	11.22	12.57	12.37	15.94	14.19	18.39	22.35	39.09	69.26	69.26
224	1046.26	90.23	90.23	47.53	27.29	24.78	19.59	19.27	13.58	16.58	12.43	9.05	12.53	8.87	10.10	11.81	11.30	10.83	10.36	10.86	9.78	10.86	10.48	0.05	9.91	10.53	10.10	11.61	12.68	13.06	13.72	11.01	11.34	14.10	13.06	10.15	16.57	14.93	19.46	23.34	25.63	25.64	24.93	44.45	103.98	103.98
225	1049.48	105.61	105.61	64.41	30.04	29.35	23.23	21.17	18.02	16.65	19.29	16.84	15.15	14.74	15.98	12.27	15.00	13.75	14.48	13.03	12.98	11.41	14.85	0.07	12.41	13.44	13.40	13.25	12.77	16.42	13.78	13.46	11.34	13.20	13.89	14.28	20.10	18.26	15.97	22.50	28.66	27.08	47.11	47.33	100.61	100.61
226	1052.70	129.86	129.86	70.24	37.46	32.56	30.63	19.79	17.58	20.28	19.99	17.45	17.78	19.49	15.83	17.84	15.71	13.62	16.48	17.56	14.31	17.64	16.70	0.11	16.86	15.13	15.84	16.57	15.83	16.16	16.15	14.63	18.02	18.14	17.75	16.75	20.64	19.58	22.22	24.82	29.11	33.13	53.10	45.47	131.37	131.37
227	1055.91	132.24	132.24	106.70	69.50	33.59	40.71	25.76	35.74	29.74	28.98	22.68	27.57	22.10	24.64	23.82	21.09	22.30	21.26	22.54	23.51	21.11	22.48	0.18	22.44	23.75	22.45	27.50	24.13	22.14	23.36	24.75	22.93	26.46	25.78	30.71	28.58	25.11	30.39	33.09	34.04	57.21	55.24	79.71	177.48	177.48
228	1059.13	249.31	249.31	109.51	87.40	68.25	53.71	53.38	47.23	43.06	35.24	34.27	29.21	35.44	30.02	33.25	37.14	37.14	34.95	31.97	36.69	35.91	36.48	0.22	27.85	33.85	26.27	37.00	29.65	29.31	33.07	26.75	35.28	34.79	31.32	32.16	28.75	36.26	39.11	45.63	44.12	61.52	59.83	101.76	222.56	222.56
229	1062.34	284.65	284.65	110.07	108.22	69.69	65.01	49.55	51.29	47.56	34.72	44.41	40.76	32.91	34.14	29.95	36.18	34.10	33.30	34.92	32.79	33.49	32.50	0.25	32.11	32.58	30.55	38.39	34.39	37.72	32.95	34.93	35.49	38.16	42.53	46.16	40.41	35.57	44.07	47.42	55.46	68.63	91.60	126.40	270.44	270.44
230	1065.55	408.28	408.28	143.07	119.43	101.48	66.29	55.05	61.64	60.76	59.68	56.00	59.12	48.29	45.92	52.06	48.87	51.51	49.00	35.96	47.06	55.71	41.82	0.31	57.77	47.41	43.78	55.55	44.79	40.88	40.45	40.96	43.31	53.07	47.92	48.60	49.94	48.58	57.75	77.22	69.54	128.92	111.20	211.67	434.39	434.39
231	1068.75	519.89	519.89	223.03	123.77	129.28	72.89	90.81	84.73	66.41	61.61	52.92	50.60	59.38	51.66	51.05	52.05	58.12	59.81	59.20	45.84	57.96	52.90	0.36	50.24	47.53	48.83	59.81	53.16	52.56	48.29	53.04	59.77	52.13	58.98	57.06	72.84	54.76	63.51	81.82	98.19	109.31	139.34	185.35	545.84	545.84
232	1071.96	599.71	599.71	404.16	252.40	161.37	153.39	133.90	92.30	81.36	87.30	112.93	77.59	89.75	80.04	84.95	68.21	82.43	85.51	74.42	74.09	83.33	99.73	0.52	88.97	67.05	78.59	62.66	87.97	74.11	81.77	91.36	74.51	75.05	73.82	87.65	82.89	103.82	99.74	92.48	122.55	109.20	204.96	221.72	540.79	540.79
233	1075.17	800.02	800.02	357.00	171.01	171.92	187.55	145.00	127.57	103.46	95.01	110.60	109.50	99.20	91.91	102.24	120.28	129.33	82.68	120.85	111.82	142.50	135.94	0.56	112.79	122.75	118.55	122.36	87.86	99.28	115.52	108.55	107.12	110.42	104.20	127.59	98.52	96.52	122.73	134.37	192.67	231.16	217.54	347.76	670.47	670.47
234	1078.37	623.94	623.94	408.94	379.61	121.94	216.29	164.94	140.65	136.97	134.25	114.99	152.95	101.39	102.11	89.28	91.57	99.54	114.96	114.22	80.89	85.09	78.17	0.37	139.86	97.66	78.78	118.38	68.69	97.78	96.89	75.18	83.33	94.01	107.18	96.22	111.09	97.24	108.76	155.62	208.52	213.21	349.52	505.70	781.09	781.09
235	1081.57	1542.98	1542.98	860.51	546.38	214.39	290.09	234.51	260.85	266.57	265.35	264.77	211.91	153.58	195.45	230.96	242.15	295.22	209.68	200.34	207.58	175.44	215.67	0.96	272.16	220.56	151.84	242.89	294.40	336.42	280.01	271.96	294.96	379.14	246.10	277.87	225.88	252.58	335.66	365.12	234.76	413.14	472.04	1048.83	2000.19	2000.19
236	1084.77	1904.59	1904.59	1017.07	674.18	425.15	404.75	318.15	293.56	219.98	213.73	149.75	208.01	157.90	159.80	131.86	166.06	138.17	117.13	112.51	185.38	140.63	165.20	0.83	131.02	125.60	138.39	134.24	151.45	125.21	198.54	158.95	123.17	173.98	195.42	232.21	158.28	251.33	256.57	204.57	318.58	469.64	511.86	756.01	2495.49	2495.49
237	1087.96	4811.69	4811.69	1841.29	1861.30	1243.25	953.49	1416.85	630.06	799.40	927.59	1264.29	508.45	1594.19	1027.65	1420.24	1725.50	1748.60	2070.15	2477.86	1448.86	1299.93	2983.88	3.11	1964.38	1148.80	1223.40	744.05	661.14	1084.16	394.92	537.07	502.65	457.22	399.57	542.40	475.72	540.17	692.16	470.30	665.28	618.00	789.35	1070.12	1821.30	1821.30
238	1091.16	4600.08	4600.08	1406.29	1239.06	1097.88	685.52	624.12	656.93	476.48	400.13	418.21	549.76	432.32	510.74	455.66	475.95	447.93	551.53	398.30	535.71	546.66	618.12	2.45	622.91	500.79	537.72	659.42	413.59	570.33	450.47	756.13	324.64	598.35	433.77	592.08	604.43	729.90	1081.39	954.33	1383.35	1449.45	2069.54	2553.82	12828.31	12828.31
239	1094.35	3280.54	3280.54	1160.09	1206.26	781.45	867.45	653.44	382.94	544.61	432.75	473.02	334.73	448.02	491.02	369.27	350.53	635.17	454.46	379.85	643.01	561.31	495.18	2.60	437.53	562.23	685.38	578.95	600.25	580.64	960.45	641.69	919.69	648.68	630.24	732.92	625.45	713.79	1090.37	1250.07	1538.43	1666.41	1562.47	3845.73	7837.46	7837.46
240	1097.54	8321.67	8321.67	4406.17	2105.33	1831.31	1616.62	1292.78	1750.19	1108.91	659.68	699.19	702.34	486.63	349.91	449.57	651.25	606.05	642.73	620.63	519.08	1008.92	713.85	3.89	683.44	593.55	488.41	664.54	651.52	749.89	1247.26	1984.23	8499.54	2617.26	1655.79	1532.32	1250.27	2653.11	6520.81	4406.42	2670.54	2378.13	2956.47	4189.75	7016.98	7016.98
241	1100.73	23663.64	23663.64	11741.97	20707.25	134329.18	6145.52	4851.20	3539.18	1615.12	1748.55	990.14	899.10	652.43	890.33	817.63	496.76	584.20	650.40	756.33	965.67	673.00	519.73	2.92	428.59	381.36	405.77	345.95	445.12	713.00	569.03	680.26	563.04	761.64	846.30	981.52	2008.45	1364.00	2463.41	9759.78	26968.73	7157.83	7024.10	25611.99	44808.22	44808.22
242	1103.92	72985.05	72985.05	214614.65	19727.32	8269.57	7396.67	7886.06	3139.02	3099.12	3945.38	2136.23	1134.48	4576.55	1604.69	1345.81	854.41	881.94	782.79	2142.27	748.86	796.88	1363.81	5.45	2409.56	2394.95	1194.65	2194.02	2242.62	2800.85	1584.37	2073.34	2710.86	1080.83	5179.35	3810.34	14572.67	21631.53	10258.83	21785.07	100468485.41	23456.52	15518.75	28823.87	29213.61	29213.61
243	1107.10	10791.03	10791.03	13693.32	2908.85	4563.53	9745.23	2506.45	3202.15	5647.13	755.33	3009.93	4900.06	1502.98	2927.57	2179.34	2626.79	4645.09	5821.49	5481.28	4348.61	2229.98	2917.00	16.03	3194.12	9210.46	3981.18	13731.30	1391.34	3209.36	3499.85	2393.70	2792.62	1618.62	5538.50	847.65	2227.90	1007.20	1002.69	1872.53	4585.50	2861.38	13064.22	3874.15	9560.39	9560.39
244	1110.28	23876.48	23876.48	9354.99	10957.21	6243.77	8218.63	16020.58	8114.84	28276.59	44653.06	18265.46	7564.91	87976.89	6539.08	4653.03	30331.68	23367.30	8258.71	4005.76	3197.29	4070.04	2222.94	10.33	1938.51	5590.61	2211.84	4784.61	13677.87	91920.13	3186.93	8504.35	2933.46	1706.78	2790.57	5497.01	8982.02	8484.61	3156.43	3784.25	7445.73	3079.51	2961.21	8177.03	9341.53	9341.53
245	1113.46	25785.17	25785.17	9888.29	59465.42	14401.31	11553.17	5943.86	6517.63	10877.71	9451.41	10383.35	32462.89	32149.43	78627.12	33726.21	7051.44	3982.22	8153.30	9877.36	4215.94	6239.92	9867.28	18.41	5899.93	2903.00	3200.09	2213.31	952.29	6158.51	2685.51	3790.55	7617.39	2265.68	3977.68	2035.58	2756.60	2904.97	3446.78	4907.66	6729.15	58012.69	380265.56	25004.69	44675.62	44675.62
246	1116.64	89618.94	89618.94	7167.28	30944.61	46100.49	22246.35	10223.17	7326.15	8150.67	14470.16	17642.39	38127.33	8633.07	47966.42	3905.23	9588.47	19457.97	11276.95	37816.83	78572.49	7533711.44	99656.39	50.22	165750.11	146500.70	131263.33	152729.72	205907.72	35676.07	113996.80	32501967.55	133582.70	37201.06	38263.07	16144.27	89464.31	119881.96	59884.07	30772.14	152240.78	99609.08	60386.58	42569.75	224684.51	224684.51
247	1119.82	112824.36	112824.36	50635.40	71237.53	55102.33	38154.25	6717.83	32089.01	51639.62	26139.01	68756.25	33115.10	141230.42	182626.72	33801.59	22044.45	21425.63	24831.22	27660.09	27459.65	9808.23	4126.11	17.99	10335.53	6056.59	3832.38	3383.82	3448.35	13465.12	3334.33	3263.99	5701.71	4270.99	1427.76	1710.85	4298.79	5108.22	3003.30	2792.23	12198.62	4855.38	7620.80	15022.63	13056.36	13056.36
248	1122.99	43754.08	43754.08	23158.06	20633.15	8261.61	13209.67	6425.74	1925.22	11149.59	5772.81	13894.16	2396.54	2019.54	5715.64	14042.32	10094.65	22674.60	24980.99	24381.68	1028.03	43767.82	23606.01	51.95	4578.58	39638.99	3059.90	99774.77	78265.89	90294.29	43534.18	152196.01	51810.17	97147.12	28801.57	40858.98	107732.18	51557.10	104094.45	57125.14	11176.69	139618.34	363893.32	391341.41	274810.05	274810.05
249	1126.17	289170.86	289170.86	112322.57	17677.76	21419.63	42535.33	35574.25	42145.18	20773.19	113461.65	71653.25	57398.61	71917.14	62632.51	40044.17	142092.13	44673.38	136724.89	228814.45	31046.99	75723.35	559122.01	104.82	424997.48	35005.30	63754.31	59931.40	211516.47	79091.16	207782.78	75747.89	73365.02	27613.11	22215.90	28445.34	11892.42	11779.86	54546.78	8009.75	64512.80	22746.05	81686.98	65622.53	178881.40	178881.40
250	1129.34	17155.12	17155.12	11592.27	6785.06	3032.95	3849.65	6815.48	4524.37	4737.38	2874.60	7460.30	5837.30	20152.06	7732.08	2165.28	3453.71	4182.83	3961.19	9417.40	9443.18	14806.78	34022.88	30.47	98163.88	66121.72	36208.69	20234.06	96385.43	10011.45	305783.33	667205.98	4791668.32	363338.32	183003.09	223036.16	115346.33	9515.36	159068.41	119996.62	41158.99	70741.22	10491.34	322701.73	479188.72	479188.72
251	1132.51	7837.30	7837.30	5136.98	5920.23	3943.08	9903.83	5285.67	3731.87	1705.55	2262.36	2260.53	3963.04	1934.66	2283.34	13087.86	12086.96	5545.11	4627.21	4998.51	26616.10	3970.82	4305.30	6.31	6868.61	5129.79	5422.54	1938.38	2909.34	2272.11	2436.97	2723.47	1432.76	2631.29	2092.03	1805.73	4771.36	4812.73	18548.28	29321.84	78539.60	15807.53	16566.51	10829.99	18267.24	18267.24
252	1135.67	14020.75	14020.75	12738.89	9141.87	56559.59	7032.88	8715.39	1229.66	2020.44	2907.74	1096.84	2795.21	752.66	731.61	1244.32	633.13	3310.55	2208.39	1950.48	5090.25	819.91	2623.98	9.55	2346.44	3750.23	3604.21	2811.18	1176.62	6138.68	883.47	1951.11	5350.37	5990.75	6074.78	8289.54	7093.63	12825.59	2424.93	6096.18	3862.27	25701.79	15693.53	20502.22	2958144.41	2958144.41
253	1138.84	20754.77	20754.77	4530.77	1797.27	3742.15	2431.66	4262.67	2630.85	1808.07	2232.43	941.01	2452.50	4408.89	2381.59	612.54	1944.50	1070.37	2946.44	5607.29	2300.74	3057.17	8549.43	13.98	14386.65	16717.46	11060.45	8854.54	25012.16	19501.28	3926.17	6466.31	21474.58	2367.03	34084.19	15455.75	46420.27	32494.29	59551.94	66191.19	40254.61	41164.04	11551.85	51404.62	532499.47	532499.47
254	1142.00	42806.88	42806.88	42479.24	9346.02	4644.84	2537.51	2414.33	1106.30	1652.31	1359.68	828.76	1266.05	912.19	2023.93	826.42	1173.71	2466.42	2894.50	1281.81	3404.51	3713.94	4046.03	10.23	2128.01	1538.14	4506.95	5363.65	2694.27	1442.47	3785.42	3362.80	2022.85	4911.53	3804.27	603.67	1038.12	1719.04	757.88	2025.06	1186.08	1017.03	2528.69	2566.71	10140.34	10140.34
255	1145.16	1403.66	1403.66	597.50	379.66	328.15	280.50	194.68	212.43	159.95	182.75	138.05	186.61	156.15	107.16	116.45	145.00	181.44	167.47	154.02	185.38	133.45	151.92	0.80	123.52	175.10	150.39	169.52	122.95	139.69	161.06	138.03	118.50	172.73	170.34	138.74	222.02	174.12	173.74	243.87	258.79	295.72	423.45	622.84	1047.59	1047.59
[END_OF_UNCERTAINTY]

[AZIMUTH_ANGLE]
90

[COLUMN_NAMES]
px	wl\angle	-90.00	-85.00	-80.00	-75.00	-70.00	-65.00	-60.00	-55.00	-50.00	-45.00	-40.00	-35.00	-30.00	-25.00	-20.00	-17.50	-15.00	-12.50	-10.00	-7.50	-5.00	-2.50	0.00	2.50	5.00	7.50	10.00	12.50	15.00	17.50	20.00	25.00	30.00	35.00	40.00	45.00	50.00	55.00	60.00	65.00	70.00	75.00	80.00	85.00	90.00

[COSERROR]
0	302.55	3.00	3.00	3.00	3.00	3.00	3.00	3.00	3.00	3.00	3.00	3.00	3.00	3.00	3.00	3.00	3.00	3.00	3.00	3.00	3.00	3.00	3.00	3.00	3.00	3.00	3.00	3.00	3.00	3.00	3.00	3.00	3.00	3.00	3.00	3.00	3.00	3.00	3.00	3.00	3.00	3.00	3.00	3.00	3.00	3.00
1	305.87	25.24	25.24	-2.02	1.48	1.55	1.99	1.10	0.89	0.57	0.99	-0.56	-0.14	0.32	0.83	0.44	0.35	0.06	0.60	0.92	0.11	0.23	-0.86	0.00	-0.51	0.13	0.45	0.05	1.12	-0.07	0.54	0.78	0.49	0.41	0.56	0.75	1.91	1.56	1.56	1.06	2.32	3.57	5.04	4.02	24.28	24.28
2	309.19	16.79	16.79	2.75	-0.62	0.82	0.20	0.91	0.70	1.32	0.69	0.39	0.59	0.66	0.76	0.86	0.81	0.71	0.93	0.56	0.61	0.32	-0.05	0.00	0.13	0.33	0.60	0.81	1.06	1.00	0.95	0.78	1.09	0.90	0.35	1.38	0.94	1.83	1.44	1.24	1.04	2.81	2.07	4.96	20.19	20.19
3	312.52	20.68	20.68	1.58	0.84	0.45	0.02	0.39	0.20	0.76	0.31	0.54	0.19	-0.02	0.52	0.63	0.73	0.73	0.35	0.34	0.27	0.59	0.28	0.00	0.27	0.39	0.21	0.55	0.85	1.12	0.75	0.68	1.25	0.95	1.31	1.28	1.59	1.21	1.87	1.51	1.51	1.51	2.02	3.36	28.59	28.59
4	315.84	19.24	19.24	1.12	-0.64	-0.25	0.13	0.49	0.68	0.91	0.30	0.71	0.43	0.41	0.36	0.73	0.55	0.79	0.99	0.70	0.56	0.53	0.19	0.00	0.14	0.41	0.52	0.77	0.94	0.72	1.23	0.93	0.93	0.66	0.92	1.19	1.23	1.32	1.72	1.76	1.75	2.01	1.65	4.54	22.48	22.48
5	319.17	19.14	19.14	2.71	0.08	0.46	0.21	0.75	0.53	0.77	0.55	0.69	0.44	0.44	0.38	0.70	0.78	0.65	0.80	0.70	0.44	0.44	-0.11	0.00	0.02	0.23	0.69	0.44	0.77	0.73	1.04	0.88	1.00	0.69	0.89	1.13	1.19	1.46	1.75	1.50	1.68	1.66	1.87	5.00	24.67	24.67
6	322.49	19.76	19.76	1.07	-0.17	0.06	0.53	0.79	0.60	0.93	0.63	0.62	0.52	0.64	0.56	0.74	0.71	0.75	0.74	0.70	0.45	0.39	0.18	0.00	0.18	0.44	0.66	0.78	0.86	0.85	0.95	0.91	1.12	0.61	1.11	1.38	1.32	1.48	1.81	1.83	2.26	1.96	2.14	4.06	24.41	24.41
7	325.82	19.19	19.19	2.47	0.29	0.66	0.47	0.96	0.69	0.89	0.68	0.56	0.60	0.47	0.70	0.78	0.65	0.75	0.82	0.61	0.61	0.49	0.13	0.00	0.21	0.38	0.55	0.57	0.96	0.77	1.06	0.94	1.10	0.63	1.10	1.06	1.38	1.51	2.03	1.87	2.20	1.70	2.11	4.87	24.51	24.51
8	329.15	18.65	18.65	2.14	0.06	0.65	0.49	0.91	1.11	0.90	0.58	0.46	0.50	0.42	0.57	0.78	0.77	0.87	0.92	0.75	0.59	0.51	0.10	0.00	0.16	0.47	0.63	0.59	0.94	0.87	0.98	0.96	1.11	0.83	0.96	1.22	1.32	1.31	1.69	1.83	1.86	2.12	2.11	4.63	24.72	24.72
9	332.48	19.87	19.87	2.97	0.49	0.49	0.62	1.06	0.86	0.83	0.56	0.47	0.48	0.38	0.50	0.74	0.65	0.85	0.83	0.63	0.55	0.32	0.06	0.00	0.05	0.39	0.34	0.76	0.92	0.77	0.85	0.79	1.04	0.89	1.02	1.06	1.35	1.49	1.80	1.89	1.91	2.11	2.55	5.50	26.71	26.71
10	335.80	21.35	21.35	2.83	0.43	0.76	0.68	0.77	0.81	1.04	0.64	0.56	0.38	0.49	0.53	0.75	0.78	0.88	0.86	0.67	0.50	0.43	0.14	0.00	0.13	0.28	0.51	0.70	0.97	0.84	1.00	0.88	1.11	0.72	1.12	1.18	1.37	1.45	1.74	1.80	1.83	2.10	2.31	5.28	26.02	26.02
11	339.13	20.99	20.99	3.26	0.76	0.95	0.85	0.97	1.07	0.94	0.73	0.75	0.57	0.55	0.70	0.89	0.84	0.85	0.90	0.75	0.63	0.57	0.08	0.00	0.24	0.41	0.51	0.73	0.98	0.82	0.97	1.00	1.18	0.87	1.09	1.27	1.43	1.54	1.88	1.91	1.98	2.14	2.62	6.05	26.67	26.67
12	342.46	21.39	21.39	3.58	0.69	0.89	0.94	1.06	0.96	1.05	0.78	0.62	0.51	0.52	0.69	0.89	0.79	0.84	0.79	0.69	0.53	0.42	0.03	0.00	0.13	0.27	0.54	0.63	0.93	0.85	0.91	0.88	1.09	0.92	1.05	1.23	1.37	1.58	1.91	1.96	2.06	2.15	2.46	6.20	26.74	26.74
13	345.80	21.74	21.74	3.59	0.80	0.94	0.90	1.08	1.09	1.15	0.77	0.69	0.59	0.59	0.64	0.88	0.77	0.90	0.84	0.71	0.55	0.52	0.07	0.00	0.14	0.37	0.58	0.66	0.89	0.81	0.89	0.94	1.08	0.87	1.10	1.28	1.49	1.64	2.01	2.03	2.10	2.11	2.96	6.13	26.50	26.50
14	349.13	21.21	21.21	3.25	0.87	0.92	0.77	1.10	0.97	1.03	0.68	0.68	0.56	0.55	0.63	0.87	0.75	0.84	0.84	0.71	0.57	0.48	0.09	0.00	0.15	0.38	0.56	0.71	0.89	0.86	0.98	0.90	1.11	0.83	1.12	1.31	1.43	1.73	2.01	2.08	2.14	2.13	2.95	5.96	27.16	27.16
15	352.46	21.36	21.36	3.64	0.85	0.98	0.86	1.08	1.01	1.03	0.73	0.71	0.58	0.52	0.68	0.86	0.73	0.87	0.83	0.74	0.58	0.45	0.08	0.00	0.18	0.36	0.57	0.68	0.98	0.86	1.03	0.92	1.13	0.84	1.12	1.29	1.49	1.61	1.97	1.95	2.16	2.24	2.97	6.38	27.25	27.25
16	355.79	21.63	21.63	3.46	0.76	0.92	0.84	1.04	0.98	0.96	0.62	0.65	0.49	0.49	0.57	0.84	0.68	0.84	0.83	0.67	0.60	0.45	0.02	0.00	0.13	0.34	0.50	0.69	0.89	0.78	0.96	0.93	1.08	0.84	1.07	1.29	1.43	1.63	1.92	1.99	2.20	2.22	2.93	6.26	27.51	27.51
17	359.13	21.56	21.56	3.48	0.83	0.90	0.83	1.00	1.03	0.97	0.66	0.62	0.51	0.53	0.60	0.86	0.68	0.85	0.82	0.69	0.53	0.44	0.05	0.00	0.11	0.33	0.55	0.67	0.94	0.82	0.96	0.92	1.09	0.82	1.07	1.25	1.45	1.62	1.95	2.02	2.13	2.15	2.82	6.32	27.55	27.55
18	362.46	21.67	21.67	3.50	0.95	0.87	0.75	0.98	0.97	1.01	0.66	0.64	0.51	0.51	0.54	0.86	0.67	0.84	0.82	0.70	0.56	0.44	0.07	0.00	0.15	0.39	0.58	0.74	0.94	0.87	0.96	0.94	1.09	0.88	1.11	1.27	1.41	1.64	1.89	2.00	2.17	2.24	2.93	6.42	27.60	27.60
19	365.80	21.54	21.54	3.52	0.78	0.89	0.75	1.02	0.98	0.89	0.63	0.59	0.51	0.51	0.55	0.82	0.67	0.83	0.79	0.69	0.59	0.44	0.06	0.00	0.17	0.39	0.56	0.73	0.94	0.85	0.94	0.92	1.07	0.82	1.08	1.24	1.38	1.60	1.90	1.98	2.09	2.18	2.91	6.35	27.36	27.36
20	369.14	21.53	21.53	3.21	0.78	0.72	0.71	0.95	0.90	0.90	0.61	0.61	0.46	0.47	0.54	0.81	0.71	0.82	0.81	0.68	0.55	0.43	0.06	0.00	0.18	0.39	0.58	0.71	0.95	0.88	0.95	0.90	1.10	0.83	1.08	1.22	1.34	1.59	1.85	1.94	2.12	2.12	2.82	6.26	27.75	27.75
21	372.47	21.58	21.58	3.25	0.80	0.71	0.64	0.92	0.94	0.85	0.57	0.57	0.45	0.46	0.54	0.80	0.65	0.82	0.82	0.68	0.57	0.44	0.06	0.00	0.18	0.38	0.56	0.69	0.91	0.85	0.90	0.87	1.05	0.83	1.03	1.19	1.37	1.57	1.85	1.92	2.06	2.11	2.74	6.31	27.58	27.58
22	375.81	21.59	21.59	3.28	0.69	0.67	0.57	0.89	0.84	0.86	0.55	0.53	0.39	0.42	0.46	0.78	0.61	0.78	0.79	0.66	0.53	0.43	0.06	0.00	0.15	0.37	0.54	0.73	0.89	0.80	0.93	0.87	1.00	0.78	1.02	1.17	1.32	1.56	1.86	1.92	2.05	2.04	2.86	6.29	27.31	27.31
23	379.15	21.54	21.54	3.26	0.69	0.66	0.69	0.91	0.89	0.89	0.56	0.56	0.47	0.49	0.52	0.83	0.66	0.83	0.82	0.70	0.58	0.43	0.09	0.00	0.19	0.37	0.59	0.75	0.92	0.88	0.95	0.92	1.03	0.84	0.98	1.19	1.33	1.57	1.87	1.93	2.06	2.06	2.81	6.25	27.47	27.47
24	382.49	21.42	21.42	3.36	0.71	0.67	0.64	0.83	0.87	0.84	0.56	0.51	0.40	0.46	0.50	0.74	0.62	0.81	0.76	0.65	0.53	0.43	0.05	0.00	0.14	0.35	0.54	0.73	0.90	0.85	0.88	0.87	1.01	0.80	0.99	1.23	1.31	1.54	1.80	1.88	2.05	2.03	2.79	6.27	27.47	27.47
25	385.83	21.62	21.62	3.33	0.68	0.66	0.65	0.88	0.84	0.78	0.53	0.52	0.43	0.46	0.50	0.80	0.65	0.81	0.80	0.66	0.56	0.45	0.05	0.00	0.16	0.39	0.58	0.73	0.90	0.85	0.90	0.90	1.01	0.78	0.98	1.17	1.27	1.55	1.83	1.87	2.06	1.99	2.77	6.14	27.46	27.46
26	389.16	21.80	21.80	3.54	0.88	0.63	0.67	0.89	0.83	0.81	0.53	0.54	0.40	0.45	0.50	0.79	0.63	0.84	0.78	0.63	0.52	0.43	0.04	0.00	0.17	0.38	0.57	0.74	0.88	0.81	0.90	0.86	0.99	0.79	0.97	1.17	1.30	1.57	1.86	1.92	2.06	2.05	2.86	6.41	27.63	27.63
27	392.51	21.89	21.89	3.51	0.89	0.69	0.67	0.88	0.90	0.82	0.57	0.53	0.40	0.45	0.49	0.78	0.65	0.84	0.77	0.65	0.54	0.43	0.04	0.00	0.15	0.38	0.56	0.72	0.88	0.83	0.88	0.86	1.00	0.75	1.01	1.17	1.31	1.56	1.86	1.94	2.02	2.07	2.89	6.38	27.93	27.93
28	395.85	21.82	21.82	3.49	0.80	0.69	0.66	0.89	0.89	0.81	0.55	0.56	0.41	0.48	0.53	0.79	0.66	0.83	0.79	0.68	0.56	0.42	0.07	0.00	0.15	0.40	0.59	0.74	0.91	0.85	0.92	0.90	1.01	0.80	1.01	1.18	1.34	1.57	1.90	1.95	2.08	2.05	2.89	6.28	27.68	27.68
29	399.19	22.03	22.03	3.53	0.90	0.67	0.72	0.96	0.93	0.85	0.58	0.54	0.43	0.50	0.54	0.80	0.64	0.83	0.79	0.67	0.56	0.42	0.08	0.00	0.14	0.37	0.58	0.73	0.90	0.83	0.91	0.89	0.98	0.77	0.98	1.16	1.34	1.57	1.87	1.94	2.06	2.03	2.97	6.39	27.85	27.85
30	402.53	22.47	22.47	3.77	0.93	0.77	0.78	1.00	0.94	0.85	0.60	0.57	0.44	0.50	0.56	0.82	0.67	0.86	0.81	0.67	0.57	0.42	0.06	0.00	0.16	0.38	0.57	0.76	0.92	0.86	0.93	0.91	1.00	0.79	1.00	1.21	1.32	1.56	1.88	1.97	2.09	2.11	2.95	6.44	27.94	27.94
31	405.87	22.31	22.31	3.65	0.94	0.79	0.75	1.00	0.97	0.84	0.58	0.56	0.45	0.48	0.54	0.82	0.65	0.87	0.80	0.67	0.55	0.44	0.05	0.00	0.15	0.37	0.58	0.74	0.89	0.85	0.91	0.90	1.00	0.78	1.00	1.15	1.33	1.55	1.88	1.98	2.10	2.10	2.99	6.50	28.25	28.25
32	409.22	22.16	22.16	3.77	0.99	0.76	0.77	0.95	0.93	0.83	0.59	0.56	0.42	0.50	0.54	0.80	0.67	0.84	0.79	0.67	0.54	0.41	0.07	0.00	0.15	0.37	0.57	0.74	0.91	0.86	0.91	0.89	0.99	0.77	0.97	1.16	1.30	1.57	1.85	1.95	2.07	2.12	2.99	6.47	28.10	28.10
33	412.56	22.55	22.55	3.84	1.05	0.75	0.79	1.01	0.96	0.82	0.58	0.56	0.45	0.51	0.53	0.82	0.67	0.87	0.79	0.69	0.55	0.42	0.05	0.00	0.15	0.36	0.56	0.72	0.89	0.84	0.90	0.90	1.00	0.79	0.99	1.16	1.31	1.55	1.87	1.97	2.09	2.09	3.04	6.62	28.18	28.18
34	415.90	22.59	22.59	3.88	1.07	0.75	0.79	0.98	0.97	0.85	0.59	0.58	0.48	0.51	0.56	0.82	0.68	0.86	0.81	0.69	0.57	0.42	0.07	0.00	0.15	0.39	0.57	0.75	0.90	0.87	0.92	0.90	1.00	0.80	0.98	1.18	1.30	1.57	1.89	1.99	2.10	2.09	3.08	6.62	28.34	28.34
35	419.25	22.60	22.60	3.89	1.05	0.78	0.80	1.02	0.99	0.84	0.59	0.60	0.49	0.53	0.57	0.83	0.70	0.87	0.80	0.70	0.58	0.42	0.08	0.00	0.17	0.40	0.57	0.75	0.90	0.87	0.93	0.92	1.00	0.80	0.99	1.19	1.32	1.57	1.89	2.00	2.10	2.11	3.10	6.65	28.30	28.30
36	422.59	22.60	22.60	3.91	1.09	0.78	0.79	1.01	0.99	0.83	0.60	0.57	0.46	0.53	0.57	0.82	0.69	0.88	0.82	0.69	0.59	0.42	0.06	0.00	0.16	0.39	0.57	0.74	0.89	0.87	0.92	0.90	0.99	0.78	0.97	1.16	1.29	1.55	1.87	1.98	2.06	2.08	3.05	6.66	28.35	28.35
37	425.94	22.64	22.64	3.90	1.08	0.76	0.78	0.99	0.96	0.84	0.59	0.56	0.45	0.52	0.56	0.80	0.69	0.89	0.81	0.68	0.56	0.42	0.09	0.00	0.15	0.38	0.58	0.75	0.89	0.85	0.91	0.90	0.98	0.77	0.98	1.16	1.30	1.56	1.88	1.98	2.08	2.09	3.10	6.70	28.52	28.52
38	429.28	22.77	22.77	3.89	1.10	0.74	0.78	0.99	0.98	0.84	0.57	0.56	0.46	0.51	0.56	0.81	0.70	0.90	0.82	0.70	0.58	0.43	0.09	0.00	0.17	0.41	0.59	0.76	0.91	0.87	0.92	0.91	1.00	0.77	0.97	1.14	1.28	1.54	1.87	1.97	2.07	2.06	3.14	6.70	28.50	28.50
39	432.63	22.64	22.64	3.91	1.04	0.71	0.77	0.98	0.96	0.81	0.55	0.54	0.42	0.50	0.55	0.80	0.67	0.87	0.78	0.67	0.56	0.41	0.08	0.00	0.15	0.39	0.58	0.74	0.87	0.87	0.91	0.90	0.97	0.77	0.96	1.14	1.26	1.54	1.86	1.96	2.04	2.08	3.13	6.67	28.51	28.51
40	435.98	22.57	22.57	3.85	1.05	0.67	0.72	0.95	0.94	0.80	0.53	0.52	0.42	0.50	0.54	0.79	0.67	0.85	0.79	0.67	0.56	0.42	0.10	0.00	0.16	0.41	0.58	0.74	0.88	0.85	0.89	0.89	0.96	0.75	0.95	1.11	1.26	1.52	1.85	1.95	2.03	2.03	3.07	6.70	28.50	28.50
41	439.32	22.47	22.47	3.80	1.03	0.64	0.72	0.94	0.92	0.78	0.52	0.51	0.41	0.49	0.53	0.78	0.66	0.85	0.79	0.66	0.57	0.42	0.09	0.00	0.18	0.40	0.58	0.73	0.87	0.85	0.88	0.88	0.95	0.75	0.94	1.10	1.24	1.51	1.85	1.95	2.00	2.01	3.08	6.66	28.54	28.54
42	442.67	22.62	22.62	3.84	1.04	0.66	0.72	0.94	0.94	0.78	0.53	0.51	0.41	0.48	0.55	0.77	0.68	0.86	0.79	0.68	0.58	0.43	0.10	0.00	0.17	0.41	0.58	0.75	0.89	0.85	0.90	0.88	0.96	0.74	0.94	1.11	1.25	1.52	1.86	1.95	2.02	2.02	3.06	6.72	28.58	28.58
43	446.02	22.64	22.64	3.85	1.04	0.65	0.74	0.96	0.93	0.80	0.52	0.51	0.42	0.49	0.55	0.78	0.68	0.86	0.80	0.67	0.56	0.43	0.10	0.00	0.16	0.42	0.59	0.75	0.88	0.86	0.89	0.88	0.95	0.74	0.93	1.11	1.24	1.52	1.85	1.95	2.03	2.03	3.10	6.72	28.56	28.56
44	449.37	22.43	22.43	3.77	0.96	0.59	0.71	0.91	0.91	0.76	0.50	0.48	0.40	0.48	0.52	0.76	0.67	0.85	0.79	0.68	0.56	0.43	0.10	0.00	0.17	0.41	0.59	0.75	0.86	0.84	0.88	0.87	0.91	0.71	0.89	1.06	1.20	1.47	1.80	1.91	1.98	1.98	3.04	6.66	28.41	28.41
45	452.72	22.32	22.32	3.68	0.90	0.55	0.66	0.89	0.87	0.73	0.46	0.46	0.38	0.46	0.51	0.75	0.66	0.84	0.77	0.66	0.56	0.42	0.10	0.00	0.16	0.41	0.58	0.74	0.86	0.85	0.87	0.87	0.91	0.71	0.90	1.06	1.20	1.46	1.79	1.89	1.96	1.97	3.01	6.65	28.37	28.37
46	456.06	22.57	22.57	3.78	0.99	0.60	0.72	0.92	0.90	0.76	0.49	0.48	0.40	0.47	0.53	0.77	0.67	0.85	0.79	0.67	0.57	0.44	0.10	0.00	0.15	0.41	0.58	0.75	0.86	0.85	0.88	0.88	0.92	0.71	0.90	1.06	1.21	1.47	1.82	1.91	1.96	1.97	3.03	6.66	28.51	28.51
47	459.41	22.58	22.58	3.79	0.95	0.58	0.70	0.91	0.89	0.75	0.49	0.48	0.39	0.47	0.52	0.75	0.67	0.84	0.77	0.67	0.56	0.43	0.11	0.00	0.16	0.41	0.57	0.74	0.84	0.85	0.87	0.87	0.90	0.71	0.89	1.04	1.18	1.46	1.80	1.91	1.96	1.94	3.00	6.70	28.48	28.48
48	462.76	22.56	22.56	3.76	0.99	0.59	0.71	0.91	0.90	0.74	0.50	0.48	0.38	0.47	0.52	0.75	0.67	0.83	0.77	0.67	0.57	0.42	0.12	0.00	0.15	0.41	0.57	0.73	0.84	0.84	0.87	0.87	0.90	0.71	0.89	1.06	1.19	1.47	1.81	1.92	1.98	1.98	3.06	6.75	28.61	28.61
49	466.11	22.37	22.37	3.68	0.93	0.54	0.67	0.89	0.86	0.71	0.47	0.45	0.37	0.45	0.50	0.73	0.65	0.81	0.76	0.65	0.56	0.43	0.12	0.00	0.16	0.41	0.57	0.72	0.81	0.83	0.84	0.84	0.88	0.67	0.85	1.01	1.16	1.42	1.76	1.85	1.91	1.91	2.93	6.62	28.34	28.34
50	469.46	22.32	22.32	3.66	0.90	0.53	0.67	0.88	0.86	0.70	0.46	0.45	0.35	0.44	0.49	0.71	0.64	0.80	0.74	0.65	0.55	0.41	0.11	0.00	0.14	0.40	0.57	0.72	0.81	0.82	0.85	0.83	0.88	0.68	0.84	1.02	1.16	1.42	1.76	1.88	1.92	1.94	2.97	6.64	28.46	28.46
51	472.81	22.60	22.60	3.79	1.01	0.60	0.74	0.95	0.93	0.76	0.51	0.48	0.39	0.48	0.52	0.76	0.68	0.83	0.77	0.67	0.57	0.43	0.11	0.00	0.16	0.43	0.60	0.74	0.85	0.85	0.88	0.86	0.91	0.71	0.90	1.06	1.19	1.48	1.81	1.94	1.98	2.00	3.06	6.75	28.60	28.60
52	476.16	22.74	22.74	3.83	1.07	0.63	0.77	0.96	0.93	0.79	0.53	0.50	0.42	0.50	0.54	0.78	0.71	0.86	0.78	0.68	0.57	0.42	0.11	0.00	0.15	0.42	0.60	0.75	0.86	0.88	0.91	0.88	0.93	0.73	0.92	1.08	1.23	1.50	1.85	1.98	2.02	2.06	3.14	6.88	28.86	28.86
53	479.51	22.73	22.73	3.86	1.08	0.63	0.75	0.96	0.94	0.77	0.51	0.49	0.41	0.49	0.54	0.77	0.70	0.85	0.80	0.68	0.57	0.43	0.11	0.00	0.15	0.41	0.61	0.73	0.85	0.87	0.89	0.88	0.91	0.71	0.90	1.04	1.19	1.48	1.83	1.96	2.00	2.01	3.07	6.84	28.79	28.79
54	482.87	22.54	22.54	3.75	0.98	0.56	0.71	0.92	0.89	0.74	0.48	0.45	0.38	0.47	0.53	0.75	0.70	0.84	0.79	0.68	0.57	0.42	0.11	0.00	0.15	0.41	0.60	0.74	0.84	0.87	0.88	0.86	0.90	0.69	0.88	1.03	1.17	1.46	1.80	1.92	1.94	1.98	3.07	6.80	28.69	28.69
55	486.22	22.92	22.92	3.91	1.12	0.64	0.82	0.99	0.94	0.80	0.52	0.50	0.42	0.51	0.55	0.78	0.72	0.85	0.80	0.70	0.59	0.43	0.12	0.00	0.15	0.43	0.61	0.76	0.86	0.88	0.91	0.88	0.92	0.72	0.89	1.05	1.20	1.48	1.82	1.97	2.01	2.03	3.10	6.90	28.90	28.90
56	489.57	22.85	22.85	3.93	1.16	0.65	0.81	0.97	0.94	0.79	0.52	0.49	0.42	0.51	0.55	0.78	0.71	0.86	0.80	0.69	0.59	0.43	0.13	0.00	0.15	0.43	0.61	0.75	0.86	0.88	0.90	0.88	0.91	0.73	0.90	1.07	1.21	1.48	1.83	1.97	2.03	2.03	3.15	6.89	28.93	28.93
57	492.92	22.68	22.68	3.84	1.05	0.57	0.76	0.93	0.91	0.75	0.51	0.47	0.40	0.49	0.53	0.76	0.72	0.85	0.79	0.70	0.59	0.44	0.12	0.00	0.16	0.43	0.62	0.77	0.85	0.88	0.90	0.87	0.91	0.72	0.89	1.05	1.20	1.48	1.81	1.98	2.00	2.02	3.13	6.82	28.80	28.80
58	496.27	22.78	22.78	3.83	1.10	0.60	0.77	0.96	0.94	0.78	0.52	0.48	0.42	0.50	0.54	0.78	0.71	0.86	0.80	0.69	0.59	0.44	0.13	0.00	0.16	0.43	0.62	0.77	0.85	0.88	0.90	0.88	0.90	0.72	0.90	1.05	1.21	1.48	1.82	1.97	2.00	2.03	3.14	6.84	28.91	28.91
59	499.62	22.81	22.81	3.89	1.19	0.65	0.81	0.99	0.94	0.80	0.53	0.51	0.43	0.52	0.54	0.79	0.73	0.87	0.80	0.69	0.59	0.43	0.12	0.00	0.16	0.43	0.62	0.78	0.87	0.90	0.91	0.89	0.91	0.74	0.92	1.08	1.23	1.52	1.86	2.01	2.07	2.07	3.22	6.98	29.08	29.08
60	502.98	22.93	22.93	3.88	1.16	0.64	0.83	0.97	0.94	0.79	0.53	0.49	0.40	0.51	0.55	0.78	0.72	0.85	0.81	0.68	0.58	0.43	0.11	0.00	0.14	0.42	0.62	0.76	0.85	0.89	0.89	0.86	0.90	0.71	0.89	1.05	1.21	1.49	1.83	1.99	2.04	2.03	3.16	6.86	28.95	28.95
61	506.33	22.80	22.80	3.84	1.18	0.63	0.81	0.97	0.94	0.78	0.52	0.49	0.42	0.50	0.53	0.78	0.72	0.85	0.79	0.69	0.57	0.42	0.11	0.00	0.15	0.41	0.61	0.77	0.85	0.88	0.90	0.87	0.89	0.70	0.89	1.05	1.19	1.47	1.82	1.98	2.04	2.05	3.21	6.94	29.04	29.04
62	509.68	22.91	22.91	3.91	1.18	0.65	0.83	0.98	0.92	0.79	0.52	0.48	0.41	0.50	0.53	0.78	0.72	0.85	0.79	0.69	0.56	0.42	0.11	0.00	0.14	0.41	0.60	0.75	0.85	0.89	0.90	0.87	0.89	0.71	0.88	1.05	1.20	1.48	1.82	1.99	2.07	2.06	3.22	6.95	29.13	29.13
63	513.04	22.89	22.89	3.92	1.19	0.65	0.80	0.98	0.92	0.77	0.51	0.49	0.41	0.50	0.54	0.78	0.72	0.86	0.81	0.70	0.56	0.43	0.10	0.00	0.14	0.42	0.61	0.77	0.85	0.89	0.90	0.87	0.89	0.71	0.90	1.06	1.20	1.47	1.80	2.00	2.05	2.07	3.23	6.96	29.14	29.14
64	516.39	22.92	22.92	3.90	1.26	0.68	0.86	1.00	0.93	0.80	0.53	0.50	0.42	0.51	0.54	0.79	0.74	0.87	0.81	0.70	0.56	0.43	0.10	0.00	0.14	0.41	0.61	0.76	0.85	0.91	0.91	0.87	0.90	0.72	0.89	1.05	1.21	1.48	1.83	2.01	2.07	2.10	3.24	6.98	29.15	29.15
65	519.74	22.88	22.88	3.91	1.23	0.65	0.83	1.01	0.93	0.78	0.53	0.50	0.43	0.52	0.54	0.79	0.74	0.87	0.82	0.72	0.58	0.44	0.11	0.00	0.15	0.42	0.62	0.77	0.86	0.91	0.92	0.89	0.90	0.74	0.92	1.07	1.23	1.48	1.84	2.04	2.09	2.12	3.27	7.03	29.16	29.16
66	523.09	23.03	23.03	3.97	1.26	0.73	0.88	1.03	0.97	0.81	0.55	0.50	0.45	0.54	0.56	0.80	0.75	0.88	0.82	0.73	0.58	0.44	0.12	0.00	0.15	0.41	0.62	0.77	0.86	0.90	0.91	0.89	0.90	0.74	0.92	1.08	1.23	1.49	1.84	2.04	2.06	2.11	3.30	7.03	29.15	29.15
67	526.45	23.07	23.07	3.97	1.31	0.74	0.89	1.03	0.98	0.84	0.57	0.53	0.45	0.55	0.57	0.80	0.75	0.89	0.83	0.73	0.59	0.45	0.12	0.00	0.15	0.43	0.63	0.78	0.88	0.92	0.92	0.89	0.90	0.75	0.94	1.10	1.25	1.53	1.87	2.07	2.14	2.15	3.36	7.06	29.26	29.26
68	529.80	23.03	23.03	4.01	1.40	0.77	0.92	1.07	0.98	0.85	0.58	0.53	0.46	0.54	0.56	0.80	0.76	0.88	0.81	0.72	0.59	0.45	0.12	0.00	0.15	0.42	0.62	0.78	0.87	0.91	0.92	0.89	0.90	0.75	0.94	1.10	1.25	1.52	1.88	2.09	2.15	2.20	3.40	7.08	29.35	29.35
69	533.15	23.05	23.05	4.02	1.40	0.81	0.94	1.08	1.00	0.85	0.59	0.54	0.46	0.55	0.56	0.80	0.76	0.87	0.82	0.72	0.59	0.45	0.12	0.00	0.15	0.42	0.63	0.79	0.87	0.92	0.93	0.88	0.91	0.76	0.94	1.12	1.27	1.54	1.91	2.11	2.18	2.22	3.45	7.14	29.40	29.40
70	536.51	23.07	23.07	4.06	1.41	0.79	0.94	1.10	1.02	0.87	0.60	0.53	0.47	0.55	0.56	0.80	0.76	0.88	0.82	0.72	0.59	0.45	0.13	0.00	0.15	0.43	0.63	0.79	0.87	0.92	0.93	0.90	0.90	0.76	0.94	1.12	1.28	1.56	1.92	2.15	2.20	2.25	3.49	7.18	29.42	29.42
71	539.86	22.94	22.94	4.04	1.41	0.79	0.94	1.09	0.99	0.84	0.58	0.53	0.46	0.53	0.55	0.78	0.75	0.87	0.81	0.71	0.58	0.44	0.12	0.00	0.15	0.43	0.62	0.78	0.87	0.91	0.91	0.88	0.89	0.75	0.94	1.11	1.27	1.55	1.90	2.14	2.22	2.26	3.48	7.18	29.45	29.45
72	543.22	22.94	22.94	4.02	1.44	0.81	0.95	1.11	0.99	0.85	0.59	0.53	0.45	0.55	0.55	0.79	0.76	0.87	0.82	0.72	0.59	0.45	0.12	0.00	0.15	0.43	0.63	0.79	0.86	0.91	0.91	0.88	0.89	0.75	0.93	1.10	1.27	1.54	1.89	2.13	2.19	2.23	3.48	7.11	29.25	29.25
73	546.57	22.95	22.95	3.99	1.41	0.81	0.92	1.09	0.99	0.84	0.59	0.53	0.46	0.54	0.54	0.78	0.76	0.87	0.82	0.73	0.59	0.46	0.13	0.00	0.16	0.42	0.63	0.79	0.87	0.91	0.91	0.87	0.88	0.74	0.92	1.09	1.26	1.53	1.89	2.13	2.19	2.25	3.47	7.11	29.32	29.32
74	549.92	22.87	22.87	3.97	1.42	0.80	0.94	1.09	0.98	0.84	0.58	0.51	0.45	0.53	0.54	0.79	0.76	0.88	0.81	0.73	0.58	0.45	0.12	0.00	0.15	0.43	0.63	0.78	0.86	0.92	0.92	0.87	0.88	0.74	0.92	1.10	1.26	1.54	1.88	2.12	2.18	2.24	3.49	7.07	29.28	29.28
75	553.28	22.89	22.89	3.99	1.45	0.79	0.94	1.09	0.97	0.83	0.58	0.51	0.46	0.52	0.54	0.79	0.76	0.87	0.82	0.74	0.58	0.45	0.12	0.00	0.15	0.41	0.63	0.79	0.87	0.92	0.91	0.88	0.88	0.74	0.91	1.08	1.26	1.51	1.86	2.12	2.19	2.25	3.48	7.08	29.24	29.24
76	556.63	22.86	22.86	3.96	1.44	0.82	0.93	1.08	0.97	0.84	0.58	0.51	0.46	0.53	0.54	0.80	0.77	0.88	0.82	0.74	0.58	0.45	0.12	0.00	0.15	0.43	0.64	0.79	0.88	0.92	0.92	0.88	0.88	0.74	0.91	1.08	1.26	1.52	1.87	2.13	2.19	2.26	3.51	7.12	29.29	29.29
77	559.98	22.89	22.89	3.99	1.46	0.82	0.93	1.09	0.96	0.84	0.57	0.50	0.46	0.53	0.54	0.79	0.77	0.87	0.82	0.73	0.58	0.45	0.12	0.00	0.14	0.41	0.63	0.79	0.87	0.92	0.91	0.88	0.88	0.75	0.92	1.08	1.25	1.51	1.86	2.12	2.18	2.27	3.53	7.11	29.32	29.32
78	563.34	22.86	22.86	4.00	1.45	0.85	0.93	1.09	0.98	0.84	0.58	0.52	0.46	0.53	0.54	0.79	0.76	0.87	0.82	0.75	0.59	0.46	0.12	0.00	0.15	0.41	0.64	0.79	0.87	0.92	0.92	0.87	0.88	0.75	0.92	1.09	1.25	1.52	1.86	2.12	2.19	2.27	3.55	7.11	29.31	29.31
79	566.69	22.79	22.79	3.96	1.45	0.82	0.92	1.08	0.96	0.84	0.58	0.51	0.46	0.54	0.53	0.78	0.76	0.87	0.82	0.74	0.59	0.46	0.13	0.00	0.16	0.42	0.65	0.79	0.88	0.91	0.91	0.87	0.88	0.77	0.93	1.09	1.26	1.52	1.86	2.13	2.18	2.29	3.54	7.11	29.25	29.25
80	570.04	22.72	22.72	3.90	1.40	0.78	0.89	1.06	0.92	0.81	0.55	0.49	0.44	0.52	0.52	0.76	0.74	0.85	0.81	0.73	0.58	0.45	0.11	0.00	0.15	0.42	0.63	0.79	0.86	0.90	0.89	0.85	0.86	0.74	0.91	1.07	1.24	1.51	1.84	2.10	2.15	2.25	3.48	7.00	29.08	29.08
81	573.40	22.53	22.53	3.81	1.36	0.77	0.86	1.04	0.92	0.79	0.55	0.48	0.43	0.50	0.50	0.75	0.74	0.85	0.80	0.73	0.58	0.45	0.11	0.00	0.15	0.42	0.63	0.78	0.84	0.90	0.89	0.84	0.85	0.72	0.90	1.06	1.22	1.48	1.82	2.08	2.13	2.23	3.45	6.92	28.97	28.97
82	576.75	22.46	22.46	3.76	1.29	0.72	0.84	1.01	0.88	0.77	0.51	0.46	0.41	0.48	0.49	0.73	0.72	0.82	0.79	0.71	0.57	0.44	0.11	0.00	0.14	0.41	0.62	0.77	0.84	0.87	0.86	0.82	0.82	0.70	0.87	1.03	1.20	1.46	1.77	2.06	2.08	2.19	3.41	6.83	28.80	28.80
83	580.10	22.34	22.34	3.70	1.26	0.71	0.81	0.99	0.86	0.73	0.50	0.44	0.39	0.48	0.47	0.72	0.71	0.82	0.78	0.71	0.57	0.43	0.11	0.00	0.14	0.41	0.62	0.75	0.82	0.86	0.85	0.81	0.81	0.69	0.85	1.01	1.18	1.43	1.77	2.02	2.06	2.18	3.39	6.83	28.75	28.75
84	583.46	22.23	22.23	3.62	1.23	0.66	0.79	0.97	0.84	0.72	0.49	0.43	0.38	0.46	0.47	0.71	0.70	0.82	0.77	0.71	0.57	0.44	0.12	0.00	0.14	0.42	0.63	0.75	0.82	0.87	0.86	0.81	0.81	0.68	0.85	0.99	1.17	1.41	1.74	2.00	2.04	2.17	3.35	6.76	28.64	28.64
85	586.81	22.12	22.12	3.58	1.22	0.64	0.75	0.92	0.80	0.69	0.46	0.40	0.36	0.44	0.44	0.71	0.70	0.81	0.77	0.70	0.56	0.43	0.12	0.00	0.14	0.41	0.62	0.73	0.80	0.85	0.84	0.80	0.79	0.66	0.82	0.98	1.15	1.39	1.71	1.97	2.01	2.12	3.32	6.73	28.60	28.60
86	590.16	22.01	22.01	3.51	1.17	0.60	0.71	0.89	0.74	0.66	0.43	0.37	0.33	0.43	0.44	0.69	0.69	0.80	0.75	0.69	0.55	0.43	0.12	0.00	0.15	0.41	0.61	0.75	0.80	0.84	0.83	0.78	0.76	0.65	0.79	0.95	1.11	1.35	1.66	1.93	1.95	2.08	3.25	6.64	28.48	28.48
87	593.52	21.86	21.86	3.45	1.10	0.54	0.67	0.84	0.74	0.62	0.40	0.34	0.31	0.40	0.43	0.67	0.68	0.81	0.74	0.69	0.55	0.42	0.12	0.00	0.14	0.41	0.62	0.74	0.80	0.83	0.82	0.76	0.76	0.62	0.78	0.92	1.08	1.33	1.62	1.89	1.93	2.06	3.20	6.56	28.34	28.34
88	596.87	21.63	21.63	3.33	1.05	0.49	0.61	0.80	0.69	0.60	0.37	0.33	0.30	0.38	0.41	0.67	0.68	0.80	0.74	0.69	0.55	0.43	0.12	0.00	0.14	0.40	0.62	0.74	0.79	0.83	0.81	0.76	0.73	0.61	0.76	0.90	1.05	1.28	1.58	1.85	1.88	2.00	3.14	6.50	28.16	28.16
89	600.22	21.55	21.55	3.32	1.00	0.46	0.59	0.80	0.66	0.58	0.37	0.32	0.30	0.39	0.43	0.68	0.69	0.81	0.76	0.70	0.57	0.45	0.14	0.00	0.16	0.42	0.62	0.75	0.80	0.85	0.82	0.77	0.74	0.62	0.77	0.90	1.04	1.28	1.57	1.83	1.85	1.95	3.09	6.40	28.04	28.04
90	603.57	21.77	21.77	3.40	1.09	0.52	0.64	0.84	0.70	0.62	0.41	0.36	0.33	0.43	0.45	0.70	0.71	0.83	0.76	0.70	0.56	0.45	0.13	0.00	0.16	0.42	0.63	0.76	0.81	0.85	0.84	0.79	0.77	0.65	0.79	0.92	1.08	1.29	1.60	1.86	1.89	1.96	3.14	6.45	28.09	28.09
91	606.92	22.11	22.11	3.60	1.25	0.63	0.75	0.91	0.79	0.69	0.48	0.42	0.39	0.47	0.50	0.73	0.73	0.85	0.79	0.71	0.57	0.43	0.12	0.00	0.14	0.41	0.63	0.76	0.82	0.86	0.85	0.82	0.80	0.70	0.84	0.98	1.14	1.36	1.66	1.94	1.97	2.12	3.26	6.62	28.37	28.37
92	610.28	22.48	22.48	3.78	1.40	0.75	0.83	0.99	0.85	0.77	0.53	0.47	0.44	0.52	0.53	0.75	0.75	0.87	0.79	0.73	0.57	0.45	0.12	0.00	0.14	0.42	0.65	0.78	0.84	0.90	0.88	0.85	0.85	0.76	0.91	1.05	1.21	1.45	1.75	2.05	2.08	2.25	3.47	6.89	28.88	28.88
93	613.63	22.59	22.59	3.99	1.49	0.82	0.91	1.06	0.87	0.79	0.56	0.50	0.47	0.54	0.55	0.77	0.78	0.87	0.81	0.74	0.58	0.45	0.14	0.00	0.16	0.43	0.66	0.79	0.86	0.91	0.90	0.88	0.87	0.79	0.94	1.08	1.25	1.49	1.80	2.11	2.16	2.35	3.61	7.05	29.10	29.10
94	616.98	22.69	22.69	4.01	1.54	0.89	0.93	1.08	0.91	0.81	0.59	0.52	0.48	0.55	0.57	0.78	0.79	0.89	0.82	0.76	0.59	0.45	0.13	0.00	0.16	0.43	0.66	0.80	0.86	0.92	0.92	0.90	0.89	0.81	0.96	1.11	1.28	1.53	1.84	2.16	2.23	2.41	3.72	7.18	29.33	29.33
95	620.33	22.77	22.77	4.04	1.57	0.88	0.94	1.09	0.93	0.82	0.59	0.52	0.48	0.55	0.56	0.78	0.79	0.88	0.81	0.76	0.59	0.45	0.13	0.00	0.17	0.43	0.65	0.80	0.87	0.92	0.92	0.89	0.89	0.80	0.96	1.12	1.28	1.52	1.85	2.16	2.23	2.45	3.77	7.27	29.40	29.40
96	623.68	22.59	22.59	4.03	1.53	0.87	0.90	1.05	0.89	0.77	0.56	0.49	0.45	0.53	0.53	0.76	0.77	0.86	0.79	0.73	0.58	0.44	0.14	0.00	0.16	0.42	0.64	0.77	0.84	0.89	0.89	0.86	0.87	0.79	0.91	1.08	1.25	1.50	1.80	2.12	2.20	2.40	3.68	7.15	29.20	29.20
97	627.03	22.39	22.39	3.87	1.42	0.79	0.85	1.01	0.85	0.75	0.53	0.46	0.42	0.50	0.50	0.73	0.75	0.85	0.78	0.72	0.57	0.45	0.15	0.00	0.16	0.42	0.65	0.78	0.83	0.87	0.87	0.83	0.84	0.75	0.90	1.04	1.22	1.45	1.77	2.07	2.14	2.32	3.58	7.01	29.00	29.00
98	630.38	22.06	22.06	3.72	1.36	0.74	0.79	0.95	0.78	0.71	0.49	0.41	0.38	0.47	0.47	0.69	0.72	0.82	0.76	0.71	0.55	0.45	0.14	0.00	0.15	0.41	0.63	0.75	0.81	0.83	0.84	0.81	0.80	0.71	0.85	0.99	1.16	1.40	1.69	2.01	2.07	2.25	3.47	6.89	28.62	28.62
99	633.73	21.69	21.69	3.53	1.21	0.63	0.69	0.88	0.72	0.63	0.42	0.36	0.33	0.43	0.44	0.67	0.69	0.80	0.74	0.70	0.55	0.45	0.14	0.00	0.15	0.41	0.62	0.75	0.79	0.83	0.82	0.78	0.76	0.68	0.79	0.95	1.11	1.35	1.63	1.95	1.98	2.14	3.33	6.69	28.23	28.23
100	637.08	21.32	21.32	3.32	1.11	0.52	0.60	0.80	0.65	0.57	0.37	0.31	0.30	0.41	0.43	0.64	0.67	0.78	0.73	0.68	0.55	0.45	0.14	0.00	0.16	0.42	0.63	0.74	0.77	0.81	0.80	0.74	0.72	0.64	0.76	0.90	1.05	1.28	1.57	1.87	1.88	2.03	3.19	6.46	27.87	27.87
101	640.43	21.07	21.07	3.13	0.97	0.43	0.51	0.70	0.58	0.52	0.32	0.26	0.26	0.34	0.38	0.61	0.65	0.76	0.71	0.67	0.53	0.45	0.14	0.00	0.16	0.40	0.61	0.73	0.75	0.78	0.77	0.71	0.70	0.59	0.71	0.84	0.99	1.21	1.48	1.78	1.79	1.95	3.06	6.28	27.50	27.50
102	643.78	20.80	20.80	3.08	0.84	0.35	0.44	0.65	0.50	0.47	0.27	0.22	0.22	0.32	0.36	0.60	0.62	0.74	0.70	0.66	0.53	0.42	0.13	0.00	0.16	0.41	0.61	0.71	0.73	0.76	0.75	0.69	0.66	0.56	0.68	0.80	0.93	1.16	1.42	1.70	1.70	1.84	2.97	6.10	27.12	27.12
103	647.13	20.48	20.48	2.92	0.76	0.26	0.37	0.59	0.45	0.41	0.22	0.16	0.18	0.29	0.33	0.57	0.61	0.72	0.68	0.66	0.52	0.43	0.13	0.00	0.16	0.39	0.59	0.69	0.70	0.74	0.72	0.67	0.63	0.51	0.63	0.74	0.88	1.10	1.35	1.64	1.62	1.74	2.84	5.91	26.83	26.83
104	650.48	20.39	20.39	2.86	0.71	0.24	0.35	0.57	0.45	0.40	0.20	0.16	0.18	0.30	0.35	0.58	0.61	0.72	0.69	0.67	0.52	0.43	0.14	0.00	0.16	0.40	0.61	0.69	0.72	0.75	0.72	0.67	0.63	0.51	0.63	0.74	0.86	1.08	1.32	1.60	1.59	1.73	2.80	5.93	26.72	26.72
105	653.82	20.64	20.64	3.03	0.80	0.29	0.40	0.60	0.46	0.42	0.23	0.18	0.20	0.32	0.35	0.59	0.63	0.74	0.70	0.67	0.52	0.43	0.13	0.00	0.16	0.40	0.61	0.70	0.72	0.75	0.74	0.69	0.66	0.55	0.65	0.76	0.91	1.11	1.37	1.65	1.68	1.83	2.95	6.11	27.09	27.09
106	657.17	21.11	21.11	3.33	1.03	0.45	0.50	0.71	0.58	0.52	0.32	0.26	0.26	0.38	0.42	0.64	0.67	0.79	0.74	0.70	0.54	0.44	0.15	0.00	0.17	0.41	0.63	0.73	0.76	0.80	0.79	0.75	0.72	0.62	0.73	0.85	1.00	1.20	1.47	1.76	1.78	2.00	3.16	6.45	27.58	27.58
107	660.52	21.41	21.41	3.50	1.18	0.56	0.59	0.79	0.64	0.57	0.36	0.32	0.32	0.42	0.45	0.69	0.71	0.81	0.75	0.71	0.55	0.45	0.14	0.00	0.17	0.42	0.64	0.74	0.77	0.82	0.82	0.78	0.77	0.69	0.79	0.91	1.07	1.29	1.57	1.85	1.91	2.15	3.36	6.66	28.10	28.10
108	663.87	21.57	21.57	3.60	1.25	0.58	0.64	0.83	0.67	0.59	0.40	0.34	0.34	0.44	0.46	0.69	0.71	0.81	0.75	0.70	0.55	0.44	0.12	0.00	0.16	0.42	0.62	0.73	0.79	0.84	0.84	0.81	0.79	0.70	0.82	0.94	1.11	1.33	1.60	1.94	1.97	2.22	3.46	6.79	28.31	28.31
109	667.21	21.33	21.33	3.53	1.16	0.58	0.63	0.80	0.66	0.57	0.39	0.32	0.33	0.43	0.47	0.68	0.70	0.79	0.74	0.70	0.54	0.43	0.13	0.00	0.14	0.40	0.62	0.73	0.77	0.82	0.82	0.80	0.78	0.68	0.81	0.92	1.08	1.33	1.59	1.90	1.93	2.18	3.42	6.73	28.07	28.07
110	670.56	21.21	21.21	3.42	1.10	0.54	0.55	0.76	0.61	0.54	0.35	0.29	0.28	0.41	0.44	0.66	0.68	0.77	0.72	0.68	0.53	0.42	0.12	0.00	0.14	0.40	0.61	0.71	0.74	0.79	0.78	0.76	0.74	0.67	0.79	0.88	1.05	1.26	1.54	1.84	1.85	2.09	3.29	6.55	27.78	27.78
111	673.90	21.04	21.04	3.42	1.10	0.50	0.56	0.75	0.60	0.54	0.35	0.29	0.29	0.40	0.43	0.67	0.68	0.78	0.73	0.68	0.52	0.42	0.13	0.00	0.14	0.40	0.60	0.72	0.74	0.80	0.78	0.76	0.74	0.67	0.75	0.87	1.03	1.25	1.52	1.82	1.86	2.06	3.29	6.54	27.63	27.63
112	677.25	21.07	21.07	3.40	1.05	0.49	0.54	0.72	0.59	0.51	0.32	0.27	0.28	0.39	0.44	0.64	0.68	0.75	0.70	0.66	0.50	0.41	0.12	0.00	0.14	0.39	0.60	0.71	0.72	0.77	0.77	0.73	0.73	0.65	0.75	0.87	1.02	1.25	1.51	1.82	1.86	2.07	3.32	6.60	27.74	27.74
113	680.59	21.10	21.10	3.42	1.05	0.48	0.55	0.74	0.59	0.52	0.31	0.26	0.27	0.39	0.41	0.63	0.65	0.75	0.69	0.65	0.50	0.41	0.13	0.00	0.15	0.37	0.58	0.68	0.72	0.76	0.76	0.73	0.72	0.64	0.74	0.87	1.02	1.23	1.50	1.81	1.84	2.06	3.28	6.54	27.60	27.60
114	683.94	20.91	20.91	3.34	1.00	0.45	0.51	0.68	0.55	0.49	0.30	0.25	0.25	0.35	0.38	0.60	0.62	0.73	0.67	0.64	0.50	0.40	0.11	0.00	0.13	0.37	0.57	0.67	0.68	0.74	0.73	0.71	0.70	0.61	0.71	0.82	0.99	1.20	1.48	1.78	1.82	2.05	3.20	6.54	27.42	27.42
115	687.28	20.65	20.65	3.26	0.93	0.41	0.47	0.66	0.53	0.45	0.26	0.20	0.21	0.33	0.36	0.58	0.61	0.71	0.66	0.62	0.48	0.39	0.12	0.00	0.13	0.36	0.54	0.66	0.67	0.72	0.72	0.68	0.66	0.59	0.67	0.77	0.95	1.17	1.41	1.74	1.73	1.98	3.13	6.40	27.18	27.18
116	690.63	20.77	20.77	3.30	0.93	0.37	0.45	0.66	0.51	0.46	0.24	0.20	0.23	0.32	0.38	0.59	0.61	0.72	0.64	0.63	0.49	0.40	0.12	0.00	0.14	0.38	0.56	0.65	0.68	0.74	0.73	0.69	0.67	0.60	0.68	0.80	0.93	1.16	1.43	1.74	1.76	1.97	3.17	6.48	27.24	27.24
117	693.97	20.90	20.90	3.38	0.95	0.43	0.48	0.68	0.54	0.47	0.27	0.22	0.23	0.34	0.38	0.61	0.62	0.73	0.67	0.64	0.49	0.40	0.13	0.00	0.16	0.38	0.57	0.67	0.69	0.75	0.76	0.71	0.68	0.62	0.69	0.81	0.97	1.19	1.45	1.76	1.81	2.00	3.21	6.56	27.40	27.40
118	697.31	20.87	20.87	3.37	0.95	0.42	0.46	0.65	0.51	0.45	0.25	0.22	0.22	0.34	0.37	0.60	0.64	0.73	0.67	0.66	0.49	0.40	0.12	0.00	0.15	0.38	0.57	0.68	0.70	0.76	0.75	0.71	0.70	0.62	0.71	0.82	0.97	1.17	1.45	1.77	1.79	1.99	3.22	6.56	27.50	27.50
119	700.65	20.91	20.91	3.47	0.99	0.42	0.46	0.63	0.52	0.44	0.24	0.19	0.21	0.35	0.38	0.62	0.65	0.74	0.67	0.65	0.50	0.40	0.13	0.00	0.14	0.37	0.58	0.69	0.71	0.77	0.75	0.73	0.68	0.61	0.68	0.79	0.96	1.16	1.42	1.73	1.76	1.99	3.20	6.51	27.34	27.34
120	703.99	20.82	20.82	3.39	0.93	0.41	0.44	0.64	0.52	0.44	0.23	0.19	0.21	0.33	0.40	0.61	0.65	0.73	0.68	0.65	0.48	0.41	0.13	0.00	0.15	0.37	0.58	0.69	0.70	0.77	0.75	0.72	0.70	0.61	0.69	0.79	0.94	1.18	1.43	1.73	1.78	2.01	3.19	6.62	27.53	27.53
121	707.33	20.74	20.74	3.36	0.93	0.40	0.42	0.61	0.49	0.40	0.22	0.16	0.20	0.33	0.39	0.60	0.63	0.72	0.66	0.64	0.47	0.40	0.13	0.00	0.14	0.36	0.56	0.67	0.70	0.74	0.75	0.73	0.68	0.60	0.66	0.78	0.92	1.13	1.44	1.71	1.76	1.99	3.17	6.59	27.35	27.35
122	710.67	20.32	20.32	3.10	0.83	0.31	0.38	0.57	0.44	0.37	0.18	0.14	0.16	0.29	0.36	0.58	0.60	0.69	0.65	0.62	0.46	0.38	0.12	0.00	0.13	0.35	0.55	0.65	0.67	0.71	0.71	0.70	0.66	0.56	0.62	0.72	0.87	1.09	1.36	1.65	1.70	1.92	3.06	6.45	27.08	27.08
123	714.01	20.31	20.31	3.17	0.78	0.28	0.34	0.55	0.43	0.36	0.15	0.13	0.15	0.30	0.36	0.57	0.60	0.67	0.63	0.61	0.46	0.39	0.13	0.00	0.14	0.36	0.54	0.64	0.68	0.72	0.71	0.69	0.66	0.56	0.61	0.72	0.87	1.08	1.34	1.62	1.66	1.88	3.04	6.39	26.87	26.87
124	717.35	20.52	20.52	3.30	0.88	0.35	0.40	0.59	0.46	0.40	0.20	0.16	0.19	0.32	0.39	0.60	0.64	0.71	0.67	0.64	0.48	0.40	0.15	0.00	0.16	0.37	0.57	0.67	0.70	0.75	0.76	0.73	0.69	0.59	0.66	0.77	0.91	1.13	1.38	1.68	1.73	1.93	3.14	6.53	27.07	27.07
125	720.69	20.83	20.83	3.44	0.96	0.44	0.45	0.67	0.52	0.44	0.25	0.19	0.22	0.36	0.43	0.64	0.67	0.72	0.69	0.64	0.48	0.39	0.12	0.00	0.13	0.36	0.57	0.68	0.71	0.77	0.77	0.76	0.70	0.62	0.68	0.80	0.96	1.15	1.44	1.76	1.77	2.01	3.23	6.67	27.21	27.21
126	724.03	20.87	20.87	3.39	1.00	0.46	0.46	0.67	0.54	0.45	0.26	0.21	0.24	0.35	0.42	0.65	0.67	0.73	0.68	0.64	0.49	0.38	0.14	0.00	0.13	0.36	0.57	0.67	0.71	0.78	0.79	0.76	0.73	0.64	0.70	0.82	0.98	1.18	1.46	1.77	1.83	2.10	3.28	6.72	27.46	27.46
127	727.37	20.66	20.66	3.25	0.92	0.41	0.41	0.62	0.50	0.41	0.22	0.17	0.22	0.32	0.40	0.61	0.64	0.69	0.67	0.61	0.47	0.38	0.13	0.00	0.12	0.35	0.54	0.65	0.68	0.76	0.76	0.73	0.69	0.60	0.67	0.78	0.92	1.16	1.43	1.72	1.76	2.01	3.17	6.66	27.20	27.20
128	730.70	20.23	20.23	3.15	0.79	0.34	0.34	0.57	0.44	0.38	0.19	0.14	0.17	0.31	0.38	0.60	0.61	0.69	0.65	0.61	0.46	0.37	0.13	0.00	0.11	0.35	0.54	0.63	0.66	0.75	0.74	0.72	0.67	0.59	0.64	0.74	0.90	1.12	1.37	1.67	1.72	1.95	3.02	6.50	26.89	26.89
129	734.04	20.22	20.22	3.12	0.79	0.34	0.34	0.57	0.44	0.38	0.17	0.13	0.16	0.31	0.37	0.59	0.59	0.67	0.65	0.59	0.44	0.37	0.12	0.00	0.11	0.33	0.54	0.63	0.66	0.73	0.73	0.71	0.68	0.58	0.63	0.73	0.89	1.11	1.36	1.67	1.68	1.92	3.03	6.47	26.77	26.77
130	737.37	20.34	20.34	3.24	0.85	0.36	0.38	0.61	0.46	0.39	0.20	0.12	0.18	0.31	0.39	0.60	0.61	0.68	0.64	0.58	0.44	0.36	0.10	0.00	0.10	0.31	0.52	0.63	0.66	0.73	0.73	0.72	0.67	0.59	0.65	0.75	0.90	1.14	1.40	1.71	1.73	2.00	3.09	6.56	26.85	26.85
131	740.71	20.39	20.39	3.18	0.85	0.37	0.41	0.62	0.46	0.39	0.21	0.16	0.17	0.33	0.40	0.62	0.63	0.71	0.65	0.60	0.45	0.38	0.13	0.00	0.13	0.33	0.53	0.64	0.67	0.75	0.75	0.74	0.69	0.60	0.64	0.76	0.92	1.15	1.41	1.71	1.72	2.01	3.12	6.58	26.89	26.89
132	744.04	20.25	20.25	3.26	0.87	0.39	0.37	0.61	0.48	0.38	0.20	0.15	0.17	0.31	0.41	0.62	0.62	0.69	0.64	0.60	0.44	0.37	0.10	0.00	0.12	0.33	0.53	0.64	0.67	0.74	0.74	0.71	0.69	0.59	0.65	0.75	0.91	1.13	1.38	1.68	1.71	2.01	3.05	6.55	26.86	26.86
133	747.37	20.28	20.28	3.17	0.85	0.37	0.38	0.60	0.48	0.38	0.21	0.15	0.19	0.31	0.39	0.62	0.61	0.69	0.65	0.59	0.44	0.36	0.10	0.00	0.10	0.32	0.51	0.64	0.66	0.76	0.74	0.72	0.69	0.57	0.64	0.75	0.91	1.13	1.40	1.69	1.69	1.96	3.05	6.54	26.83	26.83
134	750.71	20.14	20.14	3.08	0.79	0.27	0.33	0.56	0.42	0.36	0.17	0.11	0.16	0.28	0.37	0.59	0.60	0.67	0.63	0.57	0.42	0.35	0.09	0.00	0.10	0.28	0.51	0.62	0.63	0.72	0.72	0.70	0.64	0.55	0.61	0.71	0.87	1.08	1.35	1.66	1.67	1.93	3.00	6.43	26.59	26.59
135	754.04	20.19	20.19	3.11	0.82	0.38	0.34	0.60	0.47	0.37	0.17	0.13	0.17	0.30	0.38	0.62	0.62	0.70	0.64	0.58	0.44	0.36	0.10	0.00	0.12	0.32	0.52	0.62	0.64	0.75	0.76	0.72	0.67	0.57	0.63	0.74	0.90	1.10	1.38	1.67	1.69	1.92	3.09	6.54	26.76	26.76
136	757.37	20.64	20.64	3.33	1.07	0.46	0.44	0.67	0.51	0.41	0.22	0.16	0.20	0.32	0.40	0.63	0.64	0.70	0.65	0.59	0.44	0.34	0.09	0.00	0.10	0.32	0.51	0.62	0.64	0.76	0.78	0.74	0.68	0.61	0.67	0.76	0.94	1.17	1.44	1.75	1.78	2.10	3.20	6.77	27.03	27.03
137	760.70	19.95	19.95	3.07	0.78	0.31	0.31	0.56	0.40	0.31	0.13	0.07	0.11	0.25	0.35	0.57	0.57	0.65	0.60	0.55	0.44	0.35	0.08	0.00	0.11	0.32	0.47	0.58	0.62	0.70	0.70	0.69	0.61	0.52	0.56	0.67	0.82	1.04	1.33	1.61	1.63	1.90	2.99	6.47	26.48	26.48
138	764.03	19.20	19.20	2.59	0.49	0.05	0.12	0.39	0.27	0.17	0.01	-0.04	-0.01	0.15	0.26	0.48	0.50	0.58	0.54	0.51	0.39	0.31	0.07	0.00	0.08	0.30	0.43	0.52	0.56	0.63	0.62	0.59	0.52	0.42	0.44	0.54	0.68	0.92	1.18	1.47	1.45	1.67	2.71	5.95	25.71	25.71
139	767.36	19.08	19.08	2.57	0.45	0.06	0.08	0.37	0.23	0.15	0.01	-0.04	-0.00	0.15	0.27	0.48	0.52	0.59	0.54	0.51	0.40	0.31	0.05	0.00	0.07	0.30	0.43	0.54	0.58	0.65	0.64	0.61	0.54	0.44	0.46	0.54	0.69	0.91	1.16	1.47	1.46	1.71	2.75	6.04	25.69	25.69
140	770.69	20.29	20.29	3.20	0.94	0.38	0.35	0.59	0.45	0.36	0.16	0.12	0.14	0.30	0.38	0.62	0.64	0.70	0.65	0.60	0.45	0.34	0.10	0.00	0.10	0.33	0.50	0.63	0.67	0.76	0.75	0.73	0.68	0.57	0.60	0.72	0.87	1.07	1.35	1.68	1.67	1.96	3.08	6.55	26.68	26.68
141	774.01	20.54	20.54	3.31	0.98	0.39	0.37	0.63	0.44	0.37	0.18	0.13	0.17	0.32	0.42	0.64	0.66	0.71	0.67	0.62	0.45	0.35	0.08	0.00	0.11	0.35	0.53	0.65	0.70	0.78	0.79	0.76	0.70	0.60	0.65	0.75	0.90	1.08	1.39	1.66	1.67	1.98	3.15	6.63	26.72	26.72
142	777.34	20.12	20.12	3.10	0.82	0.27	0.30	0.52	0.37	0.31	0.13	0.08	0.11	0.29	0.40	0.65	0.65	0.72	0.67	0.63	0.44	0.35	0.08	0.00	0.13	0.34	0.53	0.66	0.70	0.77	0.78	0.77	0.69	0.58	0.59	0.71	0.85	1.05	1.30	1.61	1.61	1.92	3.04	6.52	26.71	26.71
143	780.67	19.82	19.82	2.94	0.70	0.24	0.18	0.47	0.33	0.26	0.08	0.06	0.10	0.28	0.39	0.63	0.64	0.72	0.66	0.62	0.44	0.34	0.09	0.00	0.12	0.35	0.54	0.67	0.69	0.77	0.76	0.73	0.64	0.54	0.57	0.70	0.83	1.01	1.28	1.56	1.53	1.85	2.89	6.28	26.38	26.38
144	783.99	19.79	19.79	2.89	0.67	0.17	0.16	0.44	0.33	0.21	0.05	0.02	0.09	0.26	0.38	0.62	0.65	0.72	0.66	0.62	0.43	0.35	0.09	0.00	0.13	0.33	0.53	0.65	0.69	0.76	0.74	0.71	0.65	0.53	0.53	0.64	0.78	0.99	1.24	1.53	1.53	1.80	2.91	6.30	26.29	26.29
145	787.31	19.50	19.50	2.63	0.56	0.09	0.07	0.41	0.25	0.16	-0.00	-0.02	0.05	0.21	0.33	0.59	0.62	0.70	0.62	0.60	0.42	0.34	0.09	0.00	0.13	0.32	0.50	0.63	0.67	0.74	0.73	0.68	0.61	0.49	0.50	0.59	0.73	0.90	1.15	1.43	1.42	1.72	2.72	6.06	25.79	25.79
146	790.64	19.32	19.32	2.63	0.51	0.07	0.06	0.35	0.23	0.13	-0.03	-0.03	0.01	0.17	0.32	0.58	0.61	0.68	0.64	0.58	0.41	0.33	0.06	0.00	0.11	0.31	0.48	0.61	0.65	0.73	0.71	0.67	0.60	0.47	0.47	0.57	0.67	0.86	1.15	1.44	1.37	1.71	2.71	6.05	25.75	25.75
147	793.96	19.42	19.42	2.73	0.55	0.10	0.09	0.39	0.27	0.18	0.03	0.00	0.07	0.23	0.36	0.61	0.64	0.70	0.65	0.61	0.44	0.35	0.10	0.00	0.12	0.32	0.52	0.63	0.67	0.76	0.75	0.70	0.63	0.50	0.52	0.61	0.73	0.92	1.20	1.48	1.42	1.70	2.80	6.10	25.97	25.97
148	797.28	19.55	19.55	2.78	0.65	0.19	0.13	0.39	0.30	0.19	0.03	0.01	0.09	0.24	0.35	0.63	0.66	0.73	0.68	0.61	0.45	0.34	0.09	0.00	0.11	0.33	0.51	0.62	0.69	0.77	0.76	0.72	0.65	0.51	0.52	0.62	0.73	0.95	1.20	1.47	1.42	1.73	2.78	6.10	25.98	25.98
149	800.60	19.45	19.45	2.66	0.60	0.17	0.09	0.40	0.29	0.19	0.03	-0.01	0.06	0.24	0.38	0.61	0.66	0.73	0.67	0.61	0.46	0.35	0.08	0.00	0.11	0.33	0.51	0.62	0.69	0.78	0.78	0.74	0.65	0.53	0.52	0.61	0.78	0.94	1.21	1.49	1.44	1.79	2.75	6.14	25.75	25.75
150	803.92	19.69	19.69	2.76	0.71	0.20	0.14	0.44	0.30	0.22	0.06	0.04	0.09	0.27	0.41	0.65	0.68	0.77	0.70	0.63	0.46	0.35	0.08	0.00	0.12	0.33	0.53	0.67	0.73	0.82	0.81	0.77	0.68	0.57	0.57	0.65	0.85	1.01	1.26	1.55	1.54	1.86	2.98	6.39	26.39	26.39
151	807.24	19.58	19.58	2.83	0.67	0.22	0.18	0.47	0.38	0.25	0.12	0.07	0.13	0.29	0.43	0.69	0.72	0.79	0.72	0.66	0.49	0.37	0.13	0.00	0.13	0.38	0.55	0.70	0.74	0.84	0.82	0.80	0.71	0.58	0.59	0.67	0.82	1.00	1.30	1.57	1.51	1.85	3.00	6.26	26.07	26.07
152	810.56	19.68	19.68	2.80	0.74	0.28	0.24	0.48	0.40	0.30	0.16	0.13	0.17	0.33	0.47	0.72	0.74	0.82	0.74	0.65	0.48	0.36	0.12	0.00	0.13	0.37	0.58	0.69	0.75	0.87	0.85	0.81	0.72	0.60	0.61	0.71	0.85	1.02	1.31	1.58	1.59	1.90	2.95	6.26	26.02	26.02
153	813.87	20.65	20.65	3.51	1.16	0.61	0.49	0.76	0.60	0.50	0.31	0.25	0.29	0.44	0.56	0.81	0.84	0.88	0.78	0.72	0.51	0.39	0.12	0.00	0.13	0.37	0.58	0.74	0.81	0.94	0.94	0.90	0.84	0.73	0.74	0.87	1.06	1.25	1.53	1.82	1.82	2.24	3.38	6.83	27.09	27.09
154	817.19	21.31	21.31	3.86	1.43	0.86	0.68	0.91	0.73	0.60	0.42	0.34	0.36	0.50	0.62	0.83	0.86	0.91	0.81	0.72	0.53	0.37	0.13	0.00	0.13	0.37	0.58	0.73	0.82	0.93	0.95	0.94	0.87	0.78	0.81	0.92	1.14	1.35	1.69	2.01	2.05	2.52	3.74	7.26	27.73	27.73
155	820.50	19.70	19.70	3.04	0.98	0.56	0.46	0.70	0.57	0.42	0.25	0.18	0.19	0.32	0.46	0.67	0.71	0.78	0.68	0.62	0.47	0.34	0.10	0.00	0.11	0.33	0.51	0.62	0.70	0.80	0.82	0.79	0.71	0.62	0.63	0.75	0.94	1.19	1.52	1.83	1.83	2.23	3.34	6.58	26.32	26.32
156	823.82	18.74	18.74	2.64	0.74	0.44	0.39	0.64	0.51	0.37	0.19	0.11	0.12	0.24	0.39	0.60	0.64	0.71	0.63	0.58	0.44	0.32	0.10	0.00	0.12	0.32	0.48	0.59	0.64	0.75	0.76	0.73	0.63	0.54	0.56	0.68	0.88	1.12	1.45	1.77	1.76	2.15	3.12	6.20	25.44	25.44
157	827.13	18.98	18.98	2.74	0.83	0.49	0.42	0.67	0.55	0.39	0.22	0.14	0.15	0.27	0.41	0.63	0.67	0.74	0.66	0.59	0.46	0.32	0.11	0.00	0.12	0.33	0.50	0.62	0.68	0.77	0.78	0.75	0.66	0.56	0.58	0.71	0.90	1.14	1.47	1.76	1.75	2.15	3.14	6.22	25.64	25.64
158	830.44	19.81	19.81	3.13	1.03	0.63	0.52	0.76	0.63	0.48	0.30	0.21	0.23	0.35	0.49	0.72	0.75	0.81	0.73	0.66	0.50	0.35	0.12	0.00	0.12	0.36	0.55	0.67	0.76	0.84	0.86	0.83	0.75	0.66	0.67	0.79	0.99	1.22	1.55	1.85	1.85	2.26	3.34	6.53	26.27	26.27
159	833.76	20.07	20.07	3.30	1.11	0.68	0.53	0.78	0.65	0.50	0.33	0.25	0.26	0.40	0.53	0.77	0.80	0.84	0.78	0.68	0.51	0.36	0.11	0.00	0.11	0.37	0.56	0.71	0.79	0.88	0.92	0.87	0.79	0.69	0.71	0.84	1.02	1.23	1.56	1.86	1.86	2.33	3.40	6.68	26.53	26.53
160	837.07	19.54	19.54	2.94	0.84	0.45	0.35	0.61	0.51	0.38	0.21	0.15	0.20	0.35	0.49	0.72	0.76	0.82	0.77	0.69	0.48	0.36	0.11	0.00	0.11	0.37	0.55	0.70	0.76	0.87	0.88	0.82	0.74	0.62	0.61	0.74	0.91	1.11	1.40	1.69	1.64	2.07	3.10	6.33	25.89	25.89
161	840.37	19.70	19.70	3.01	0.87	0.37	0.30	0.59	0.49	0.41	0.24	0.16	0.22	0.37	0.52	0.76	0.81	0.87	0.80	0.71	0.50	0.36	0.11	0.00	0.13	0.38	0.58	0.75	0.80	0.91	0.92	0.87	0.78	0.65	0.65	0.78	0.94	1.12	1.40	1.67	1.62	2.08	3.13	6.38	26.03	26.03
162	843.68	19.71	19.71	2.89	0.79	0.36	0.28	0.60	0.50	0.35	0.18	0.15	0.21	0.37	0.51	0.79	0.84	0.90	0.82	0.74	0.51	0.38	0.11	0.00	0.14	0.43	0.61	0.78	0.84	0.95	0.92	0.89	0.79	0.66	0.67	0.78	0.93	1.11	1.37	1.69	1.64	2.04	3.09	6.28	26.02	26.02
163	846.99	20.16	20.16	3.21	1.00	0.49	0.38	0.70	0.54	0.42	0.25	0.22	0.29	0.42	0.56	0.83	0.88	0.95	0.86	0.79	0.52	0.37	0.08	0.00	0.13	0.42	0.63	0.79	0.87	0.98	0.97	0.94	0.85	0.72	0.73	0.84	0.97	1.16	1.47	1.72	1.64	2.08	3.20	6.53	26.51	26.51
164	850.29	20.75	20.75	3.16	0.81	0.42	0.30	0.61	0.51	0.44	0.23	0.18	0.27	0.40	0.53	0.81	0.87	0.94	0.87	0.77	0.50	0.39	0.10	0.00	0.15	0.42	0.64	0.82	0.87	0.99	0.94	0.90	0.79	0.67	0.67	0.82	0.97	1.13	1.39	1.68	1.58	2.07	3.16	6.35	26.51	26.51
165	853.60	19.11	19.11	2.68	0.57	0.11	0.03	0.38	0.31	0.16	0.04	-0.02	0.08	0.25	0.46	0.69	0.76	0.85	0.79	0.72	0.45	0.36	0.02	0.00	0.10	0.36	0.60	0.77	0.79	0.90	0.86	0.78	0.69	0.55	0.58	0.62	0.80	0.90	1.15	1.48	1.35	1.77	2.83	5.98	25.92	25.92
166	856.90	18.64	18.64	2.15	0.24	-0.05	-0.12	0.17	0.19	0.17	-0.07	-0.06	0.04	0.22	0.37	0.70	0.76	0.89	0.81	0.75	0.53	0.40	0.14	0.00	0.20	0.40	0.65	0.83	0.81	0.95	0.92	0.84	0.68	0.55	0.49	0.62	0.75	0.86	1.14	1.39	1.29	1.60	2.66	5.76	25.43	25.43
167	860.21	19.18	19.18	2.35	0.26	-0.22	-0.13	0.22	0.20	0.13	-0.06	-0.09	0.02	0.17	0.37	0.71	0.76	0.81	0.80	0.72	0.49	0.36	0.10	0.00	0.14	0.42	0.61	0.79	0.79	0.88	0.86	0.81	0.66	0.45	0.43	0.55	0.69	0.84	1.11	1.34	1.36	1.74	2.70	5.72	25.36	25.36
168	863.51	18.90	18.90	2.11	0.24	-0.13	-0.10	0.16	0.15	0.11	-0.03	-0.08	-0.04	0.23	0.33	0.71	0.75	0.81	0.78	0.68	0.47	0.33	0.11	0.00	0.16	0.39	0.60	0.73	0.81	0.88	0.86	0.80	0.64	0.47	0.50	0.54	0.68	0.81	1.12	1.34	1.26	1.66	2.71	5.75	25.61	25.61
169	866.81	18.76	18.76	2.34	0.27	-0.16	-0.14	0.23	0.15	0.07	-0.05	-0.12	-0.02	0.19	0.35	0.70	0.79	0.81	0.78	0.76	0.56	0.35	0.09	0.00	0.12	0.40	0.59	0.73	0.76	0.86	0.83	0.77	0.62	0.47	0.49	0.50	0.68	0.80	1.08	1.39	1.23	1.64	2.70	5.71	25.10	25.10
170	870.11	18.68	18.68	2.28	0.32	-0.04	-0.06	0.26	0.20	0.11	0.00	-0.05	0.00	0.22	0.37	0.71	0.77	0.81	0.75	0.68	0.48	0.35	0.11	0.00	0.14	0.40	0.63	0.74	0.79	0.86	0.83	0.77	0.64	0.46	0.49	0.56	0.68	0.82	1.12	1.33	1.24	1.67	2.66	5.78	25.21	25.21
171	873.41	19.55	19.55	2.67	0.58	0.14	0.08	0.40	0.32	0.22	0.10	0.03	0.10	0.27	0.44	0.75	0.81	0.86	0.81	0.71	0.51	0.37	0.09	0.00	0.11	0.39	0.65	0.77	0.82	0.92	0.91	0.85	0.69	0.58	0.55	0.65	0.82	0.99	1.24	1.54	1.49	1.94	2.94	6.26	26.07	26.07
172	876.70	19.15	19.15	2.72	0.57	0.14	0.13	0.39	0.29	0.17	0.07	0.02	0.05	0.25	0.41	0.72	0.76	0.83	0.75	0.71	0.51	0.36	0.10	0.00	0.14	0.38	0.59	0.76	0.77	0.86	0.90	0.82	0.66	0.52	0.53	0.61	0.78	0.94	1.26	1.50	1.46	1.91	2.93	6.33	25.95	25.95
173	880.00	18.24	18.24	2.16	0.19	-0.10	-0.09	0.23	0.19	0.05	-0.04	-0.08	-0.03	0.15	0.35	0.63	0.69	0.76	0.73	0.67	0.50	0.36	0.13	0.00	0.14	0.38	0.55	0.70	0.74	0.81	0.83	0.77	0.59	0.45	0.40	0.50	0.65	0.83	1.11	1.35	1.27	1.63	2.55	5.73	24.98	24.98
174	883.29	17.68	17.68	1.87	0.02	-0.18	-0.16	0.17	0.13	0.01	-0.08	-0.14	-0.07	0.12	0.31	0.60	0.65	0.74	0.71	0.64	0.48	0.35	0.13	0.00	0.14	0.37	0.54	0.68	0.71	0.80	0.79	0.74	0.56	0.40	0.36	0.43	0.60	0.77	1.03	1.26	1.21	1.54	2.43	5.42	24.30	24.30
175	886.59	18.41	18.41	2.31	0.26	0.01	-0.02	0.30	0.23	0.11	0.02	-0.04	0.01	0.21	0.37	0.67	0.73	0.80	0.75	0.69	0.51	0.34	0.11	0.00	0.13	0.37	0.57	0.72	0.75	0.85	0.83	0.77	0.61	0.48	0.43	0.52	0.69	0.84	1.13	1.39	1.28	1.66	2.61	5.68	24.86	24.86
176	889.88	19.64	19.64	2.90	0.67	0.25	0.19	0.50	0.39	0.26	0.14	0.09	0.14	0.32	0.47	0.74	0.78	0.87	0.79	0.71	0.53	0.37	0.10	0.00	0.12	0.37	0.60	0.76	0.79	0.89	0.89	0.87	0.72	0.60	0.59	0.67	0.86	1.02	1.34	1.58	1.53	1.93	2.98	6.21	25.83	25.83
177	893.17	18.90	18.90	2.59	0.46	0.12	0.11	0.40	0.33	0.20	0.12	0.07	0.12	0.26	0.44	0.74	0.77	0.84	0.78	0.70	0.53	0.36	0.10	0.00	0.12	0.36	0.58	0.73	0.79	0.88	0.89	0.83	0.68	0.55	0.55	0.64	0.79	0.95	1.25	1.47	1.45	1.80	2.73	5.98	25.46	25.46
178	896.46	18.28	18.28	2.20	0.22	-0.04	-0.04	0.25	0.20	0.11	-0.01	-0.04	0.02	0.20	0.38	0.68	0.75	0.80	0.77	0.68	0.52	0.35	0.11	0.00	0.11	0.36	0.56	0.72	0.76	0.85	0.84	0.78	0.63	0.49	0.47	0.55	0.71	0.85	1.11	1.35	1.30	1.63	2.53	5.62	24.93	24.93
179	899.75	18.49	18.49	2.29	0.28	-0.00	-0.02	0.30	0.25	0.12	0.02	-0.02	0.05	0.22	0.42	0.70	0.76	0.84	0.77	0.71	0.51	0.35	0.11	0.00	0.13	0.35	0.58	0.74	0.79	0.89	0.86	0.84	0.65	0.53	0.50	0.55	0.73	0.86	1.17	1.38	1.33	1.69	2.61	5.73	24.98	24.98
180	903.03	18.29	18.29	2.27	0.22	-0.06	-0.07	0.27	0.21	0.12	0.00	-0.06	0.05	0.22	0.42	0.71	0.76	0.84	0.78	0.70	0.51	0.35	0.08	0.00	0.12	0.36	0.59	0.75	0.79	0.88	0.88	0.84	0.66	0.53	0.50	0.57	0.70	0.88	1.15	1.38	1.31	1.58	2.58	5.64	24.68	24.68
181	906.32	18.07	18.07	1.96	0.17	-0.16	-0.10	0.20	0.18	0.08	0.02	-0.05	0.02	0.18	0.41	0.73	0.76	0.84	0.79	0.69	0.51	0.38	0.12	0.00	0.15	0.36	0.62	0.75	0.83	0.91	0.85	0.85	0.67	0.50	0.47	0.56	0.70	0.84	1.11	1.32	1.25	1.60	2.42	5.53	24.76	24.76
182	909.61	19.04	19.04	2.58	0.52	0.11	0.09	0.34	0.29	0.23	0.11	0.05	0.13	0.29	0.46	0.77	0.78	0.85	0.81	0.71	0.51	0.36	0.07	0.00	0.11	0.37	0.61	0.78	0.83	0.93	0.91	0.86	0.71	0.57	0.58	0.63	0.82	0.96	1.28	1.48	1.46	1.74	2.80	5.98	25.31	25.31
183	912.89	18.44	18.44	2.52	0.28	-0.05	-0.01	0.28	0.25	0.11	0.07	-0.01	0.07	0.23	0.43	0.69	0.76	0.85	0.79	0.69	0.47	0.34	0.07	0.00	0.11	0.35	0.59	0.76	0.79	0.89	0.89	0.82	0.64	0.51	0.48	0.56	0.75	0.88	1.20	1.44	1.34	1.70	2.69	5.72	24.92	24.92
184	916.17	17.28	17.28	1.68	-0.08	-0.33	-0.28	0.06	0.02	-0.03	-0.12	-0.14	-0.07	0.10	0.32	0.62	0.67	0.78	0.73	0.63	0.47	0.32	0.07	0.00	0.10	0.32	0.55	0.69	0.73	0.84	0.82	0.75	0.57	0.42	0.36	0.42	0.58	0.74	0.98	1.16	1.10	1.32	2.23	5.27	23.94	23.94
185	919.45	17.50	17.50	1.72	-0.23	-0.37	-0.29	0.06	0.03	-0.09	-0.12	-0.18	-0.10	0.07	0.32	0.59	0.70	0.78	0.72	0.65	0.45	0.31	0.06	0.00	0.10	0.33	0.55	0.69	0.73	0.83	0.81	0.72	0.53	0.39	0.35	0.39	0.52	0.68	0.92	1.10	1.00	1.25	2.08	5.04	23.91	23.91
186	922.73	18.41	18.41	2.25	0.21	-0.04	-0.14	0.24	0.20	0.11	0.01	-0.03	0.03	0.20	0.44	0.70	0.77	0.82	0.81	0.67	0.47	0.32	0.07	0.00	0.12	0.34	0.63	0.73	0.80	0.90	0.87	0.82	0.64	0.49	0.47	0.54	0.69	0.80	1.10	1.31	1.21	1.51	2.44	5.49	24.51	24.51
187	926.01	18.87	18.87	2.66	0.51	0.11	0.05	0.29	0.31	0.26	0.08	0.01	0.10	0.28	0.46	0.75	0.77	0.87	0.83	0.76	0.50	0.36	0.10	0.00	0.14	0.38	0.62	0.80	0.83	0.92	0.96	0.86	0.69	0.63	0.55	0.70	0.86	1.00	1.22	1.51	1.46	1.85	2.74	6.16	25.61	25.61
188	929.29	19.46	19.46	2.48	0.48	0.07	0.05	0.27	0.39	0.26	0.11	0.04	0.13	0.25	0.46	0.77	0.80	0.93	0.81	0.72	0.54	0.36	0.09	0.00	0.09	0.39	0.59	0.78	0.90	0.91	0.95	0.88	0.71	0.55	0.53	0.61	0.82	0.94	1.23	1.40	1.44	1.86	2.87	5.94	25.54	25.54
189	932.56	18.91	18.91	2.44	0.26	-0.05	-0.04	0.27	0.21	0.08	0.02	0.01	0.02	0.23	0.41	0.76	0.81	0.91	0.84	0.73	0.49	0.41	0.09	0.00	0.15	0.38	0.62	0.81	0.85	0.96	0.94	0.82	0.66	0.54	0.52	0.61	0.74	0.86	1.18	1.34	1.35	1.62	2.48	5.76	25.32	25.32
190	935.84	18.24	18.24	2.05	0.03	-0.20	-0.23	0.10	0.04	-0.02	-0.11	-0.12	-0.10	0.11	0.31	0.63	0.73	0.80	0.76	0.70	0.46	0.35	0.07	0.00	0.11	0.34	0.55	0.75	0.80	0.83	0.78	0.75	0.56	0.43	0.33	0.40	0.59	0.66	0.90	1.11	1.11	1.38	2.20	5.31	24.05	24.05
191	939.11	17.11	17.11	1.57	-0.23	-0.52	-0.34	-0.09	-0.05	-0.11	-0.21	-0.22	-0.15	-0.01	0.26	0.57	0.68	0.75	0.72	0.62	0.42	0.29	0.01	0.00	0.08	0.30	0.49	0.65	0.74	0.83	0.75	0.66	0.45	0.33	0.25	0.37	0.49	0.59	0.85	1.07	1.03	1.25	1.97	5.06	24.05	24.05
192	942.38	17.52	17.52	1.79	-0.23	-0.35	-0.31	0.09	0.01	-0.06	-0.14	-0.22	-0.09	0.09	0.29	0.62	0.69	0.77	0.73	0.67	0.48	0.34	0.03	0.00	0.09	0.35	0.54	0.69	0.74	0.83	0.81	0.68	0.48	0.34	0.32	0.34	0.55	0.62	0.90	1.06	1.01	1.39	2.14	5.02	23.54	23.54
193	945.65	17.61	17.61	1.71	-0.13	-0.36	-0.27	0.07	0.07	-0.04	-0.15	-0.21	-0.08	0.08	0.31	0.62	0.70	0.81	0.73	0.67	0.47	0.38	0.09	0.00	0.13	0.35	0.56	0.73	0.76	0.84	0.79	0.70	0.50	0.34	0.35	0.35	0.55	0.66	0.92	1.20	1.03	1.31	2.27	5.25	24.27	24.27
194	948.92	17.57	17.57	1.84	0.00	-0.26	-0.32	0.00	-0.03	-0.06	-0.23	-0.17	-0.14	0.01	0.30	0.58	0.67	0.76	0.74	0.68	0.48	0.32	0.07	0.00	0.09	0.31	0.52	0.68	0.72	0.76	0.77	0.67	0.45	0.30	0.30	0.32	0.46	0.55	0.86	1.00	0.97	1.23	2.24	5.10	24.04	24.04
195	952.19	17.69	17.69	1.61	-0.03	-0.41	-0.35	0.00	-0.07	-0.10	-0.20	-0.22	-0.16	0.05	0.31	0.60	0.71	0.83	0.74	0.72	0.48	0.38	0.07	0.00	0.14	0.35	0.59	0.74	0.76	0.86	0.86	0.73	0.51	0.34	0.27	0.32	0.52	0.63	0.91	1.08	1.02	1.26	2.19	5.04	23.94	23.94
196	955.45	17.15	17.15	1.88	0.00	-0.39	-0.31	0.08	-0.07	-0.10	-0.13	-0.20	-0.17	0.03	0.29	0.58	0.66	0.74	0.72	0.68	0.46	0.34	0.04	0.00	0.07	0.33	0.54	0.68	0.79	0.85	0.81	0.73	0.56	0.33	0.33	0.35	0.53	0.62	0.88	1.09	0.94	1.46	2.23	5.51	24.33	24.33
197	958.72	18.69	18.69	2.21	0.29	-0.09	-0.04	0.11	0.15	-0.00	-0.14	-0.13	-0.00	0.13	0.34	0.60	0.69	0.88	0.78	0.73	0.49	0.44	0.14	0.00	0.12	0.43	0.63	0.83	0.86	0.87	0.86	0.74	0.60	0.34	0.41	0.49	0.66	0.79	1.16	1.17	1.32	1.60	2.49	5.91	24.81	24.81
198	961.98	18.57	18.57	3.10	0.38	-0.09	-0.11	0.20	0.19	0.02	-0.10	-0.18	0.02	0.07	0.27	0.66	0.83	0.78	0.79	0.65	0.53	0.38	0.10	0.00	0.13	0.42	0.51	0.79	0.83	0.86	0.89	0.77	0.65	0.43	0.52	0.59	0.69	0.68	1.29	1.31	1.19	1.63	2.87	6.12	24.82	24.82
199	965.24	18.42	18.42	2.01	0.02	-0.34	-0.38	0.13	-0.02	-0.09	-0.22	-0.24	-0.28	-0.08	0.15	0.51	0.63	0.86	0.73	0.64	0.40	0.28	-0.00	0.00	-0.00	0.27	0.57	0.73	0.74	0.91	0.82	0.74	0.52	0.39	0.46	0.48	0.61	0.66	0.87	1.39	1.23	1.52	2.77	6.09	24.38	24.38
200	968.50	16.58	16.58	1.60	-0.16	-0.62	-0.54	-0.19	-0.19	-0.15	-0.28	-0.32	-0.25	-0.05	0.16	0.51	0.73	0.70	0.70	0.64	0.34	0.25	0.12	0.00	0.04	0.43	0.52	0.66	0.77	0.81	0.74	0.65	0.51	0.30	0.25	0.36	0.46	0.73	0.95	1.01	1.00	1.42	2.12	5.00	24.25	24.25
201	971.76	16.23	16.23	1.76	-0.28	-0.61	-0.47	-0.17	-0.19	-0.11	-0.28	-0.33	-0.18	0.02	0.22	0.58	0.72	0.81	0.79	0.67	0.46	0.38	0.12	0.00	0.22	0.41	0.58	0.77	0.76	0.81	0.76	0.74	0.43	0.32	0.24	0.31	0.49	0.61	0.79	0.93	0.96	1.16	2.10	4.86	23.89	23.89
202	975.02	17.22	17.22	1.83	-0.13	-0.47	-0.52	-0.18	-0.14	-0.14	-0.31	-0.34	-0.27	-0.05	0.21	0.52	0.63	0.73	0.68	0.64	0.40	0.33	0.09	0.00	0.15	0.39	0.58	0.67	0.69	0.79	0.75	0.61	0.41	0.24	0.17	0.22	0.40	0.39	0.60	0.83	0.69	1.17	2.02	4.72	23.33	23.33
203	978.27	16.64	16.64	1.23	-0.51	-0.80	-0.62	-0.30	-0.16	-0.26	-0.36	-0.33	-0.38	-0.10	0.15	0.42	0.55	0.65	0.63	0.62	0.43	0.33	0.07	0.00	0.10	0.32	0.55	0.62	0.65	0.70	0.65	0.58	0.33	0.11	0.07	0.13	0.28	0.38	0.53	0.66	0.60	0.83	1.76	4.52	22.70	22.70
204	981.52	16.56	16.56	0.97	-0.54	-0.79	-0.59	-0.22	-0.19	-0.22	-0.31	-0.30	-0.27	-0.11	0.15	0.55	0.67	0.73	0.69	0.69	0.47	0.31	0.14	0.00	0.14	0.36	0.53	0.66	0.69	0.82	0.67	0.55	0.36	0.16	0.10	0.16	0.30	0.37	0.61	0.75	0.76	1.10	1.78	4.85	23.76	23.76
205	984.78	17.13	17.13	1.51	-0.09	-0.41	-0.26	-0.12	-0.22	-0.22	-0.25	-0.29	-0.26	-0.09	0.22	0.53	0.63	0.77	0.78	0.62	0.48	0.32	0.04	0.00	0.06	0.33	0.56	0.65	0.75	0.78	0.78	0.66	0.41	0.25	0.22	0.16	0.42	0.63	0.73	0.89	0.86	1.26	2.05	4.96	24.34	24.34
206	988.03	17.95	17.95	1.80	-0.32	-0.48	-0.56	-0.15	-0.15	-0.20	-0.34	-0.32	-0.31	-0.14	0.20	0.56	0.60	0.62	0.64	0.61	0.41	0.17	-0.02	0.00	0.08	0.27	0.51	0.59	0.64	0.63	0.76	0.68	0.46	0.18	0.15	0.25	0.33	0.56	0.78	0.95	0.84	1.31	2.39	4.58	23.50	23.50
207	991.28	16.68	16.68	1.60	-0.45	-0.70	-0.63	-0.32	-0.27	-0.24	-0.33	-0.37	-0.25	-0.13	0.19	0.49	0.57	0.75	0.72	0.65	0.53	0.38	0.10	0.00	0.13	0.34	0.56	0.69	0.69	0.80	0.75	0.59	0.47	0.18	0.12	0.13	0.26	0.42	0.67	0.79	0.62	0.88	1.83	4.72	22.41	22.41
208	994.52	16.24	16.24	1.06	-0.68	-0.83	-0.73	-0.45	-0.42	-0.40	-0.41	-0.47	-0.42	-0.20	0.10	0.37	0.59	0.65	0.60	0.56	0.46	0.27	0.09	0.00	0.09	0.31	0.59	0.61	0.69	0.67	0.73	0.55	0.29	0.12	0.06	0.07	0.20	0.21	0.52	0.69	0.64	0.90	1.74	4.15	22.88	22.88
209	997.77	16.89	16.89	1.02	-0.50	-0.71	-0.37	-0.28	-0.23	-0.06	-0.34	-0.29	-0.32	-0.19	0.21	0.61	0.70	0.77	0.75	0.63	0.61	0.33	0.17	0.00	0.18	0.38	0.63	0.80	0.71	0.76	0.75	0.59	0.37	0.15	0.12	0.09	0.27	0.47	0.62	0.73	0.59	1.16	1.76	5.00	22.49	22.49
210	1001.01	17.91	17.91	1.98	0.16	-0.35	-0.51	-0.24	-0.04	-0.18	-0.41	-0.19	-0.06	-0.08	0.26	0.49	0.49	0.58	0.74	0.49	0.39	0.26	0.07	0.00	-0.08	0.23	0.34	0.74	0.51	0.83	0.73	0.66	0.39	0.15	0.32	0.27	0.42	0.43	0.71	0.70	0.79	0.72	1.92	5.29	22.80	22.80
211	1004.26	16.99	16.99	1.81	0.35	-0.21	-0.39	-0.26	-0.26	-0.07	-0.43	-0.45	-0.25	-0.08	0.29	0.55	0.73	0.79	0.65	0.61	0.56	0.43	0.13	0.00	0.21	0.36	0.62	0.83	0.72	0.84	0.90	0.75	0.63	0.54	0.56	0.46	0.38	0.64	0.79	1.04	0.87	1.82	2.52	6.05	24.60	24.60
212	1007.50	16.97	16.97	0.31	0.14	-1.03	-0.59	-0.24	-0.25	-0.24	-0.17	-0.41	-0.42	-0.16	0.18	0.58	0.36	0.64	0.80	0.72	0.49	0.32	0.06	0.00	-0.01	0.36	0.57	0.63	0.58	0.64	0.72	0.59	0.37	0.40	0.12	0.35	0.25	0.55	0.65	0.19	0.57	1.20	2.23	4.32	23.86	23.86
213	1010.74	15.80	15.80	-0.35	-1.07	-0.95	-0.67	-0.35	-0.41	-0.30	-0.54	-0.33	-0.24	-0.08	0.09	0.38	0.39	0.56	0.51	0.47	0.26	0.21	-0.05	0.00	0.05	0.37	0.37	0.62	0.70	0.59	0.56	0.39	0.19	0.02	0.06	-0.00	0.20	0.39	0.46	0.27	0.32	0.73	1.91	3.57	21.41	21.41
214	1013.98	14.98	14.98	0.47	-1.51	-1.39	-1.23	-0.79	-0.74	-0.79	-0.76	-0.47	-0.53	-0.58	0.06	0.27	0.41	0.69	0.56	0.38	0.43	0.37	0.09	0.00	0.19	0.15	0.71	0.65	0.60	0.62	0.44	0.50	0.23	-0.13	-0.18	-0.11	0.20	0.01	0.34	0.32	0.50	0.64	0.84	3.70	23.30	23.30
215	1017.21	12.69	12.69	0.72	-0.78	-0.79	-1.01	-0.42	-1.21	-0.50	-0.86	-0.57	-0.46	-0.38	-0.05	0.55	0.42	0.81	0.49	0.72	0.32	0.20	-0.05	0.00	0.16	0.45	0.51	0.79	0.47	0.54	0.84	0.73	0.53	0.19	-0.12	0.20	0.30	-0.05	0.50	0.74	0.27	0.10	2.07	3.82	23.73	23.73
216	1020.45	14.84	14.84	0.21	-2.00	-1.28	-0.99	-0.42	-1.08	-0.51	-0.56	-0.45	-0.65	-0.21	0.19	0.81	0.57	0.47	0.30	0.88	0.28	0.47	0.15	0.00	0.08	0.44	0.61	0.53	0.54	0.74	0.37	0.67	0.40	0.06	-0.02	0.10	0.63	-0.04	1.08	0.28	0.55	1.30	3.14	2.67	19.94	19.94
217	1023.68	15.23	15.23	0.56	-1.49	-2.44	-1.00	0.26	-1.14	-0.24	0.22	-0.86	0.07	-0.02	0.14	0.79	0.78	1.05	0.93	1.23	0.51	0.46	0.29	0.00	0.45	0.91	1.26	1.14	0.69	0.75	0.84	1.11	0.29	-0.15	0.90	-0.03	0.17	0.45	0.81	1.28	0.82	1.24	1.15	4.03	27.19	27.19
218	1026.91	18.43	18.43	2.26	-1.74	-1.91	-1.80	-0.47	-1.52	-1.41	-0.66	-0.36	-0.82	-1.18	0.03	0.67	0.80	0.35	0.87	0.67	-0.10	0.15	-0.35	0.00	-0.54	-0.04	0.71	0.26	0.46	0.12	0.91	0.49	0.66	0.30	-0.16	-0.05	0.31	0.15	-0.09	0.20	0.04	0.10	-0.02	5.56	24.59	24.59
219	1030.14	18.37	18.37	0.91	4.01	-3.89	-1.42	-0.08	-1.73	-0.42	-0.65	0.53	-0.16	-0.92	0.02	0.50	-0.04	0.23	1.12	-0.15	-0.02	-0.08	-0.12	0.00	-0.28	0.65	0.17	0.72	0.90	0.60	0.95	-0.04	-0.16	0.21	-0.11	0.30	0.39	0.16	1.15	0.06	0.27	0.24	1.24	6.79	16.93	16.93
220	1033.37	23.37	23.37	0.90	-0.58	-0.39	-2.44	-0.44	-1.11	-0.01	-0.35	-0.98	-1.30	-0.70	0.05	0.35	0.10	0.15	0.14	1.11	-0.14	-0.28	-0.90	0.00	-0.91	0.08	0.42	0.06	0.67	-0.45	0.59	0.21	0.95	0.52	-0.82	0.27	0.70	0.49	0.94	-0.98	0.14	-1.52	0.55	4.08	28.91	28.91
221	1036.59	20.51	20.51	2.49	1.07	-3.06	-1.91	0.17	-1.35	-1.31	-1.24	-0.72	-1.03	-1.22	0.18	0.95	0.56	-0.42	0.81	0.02	0.21	-0.04	-0.44	0.00	-0.23	-0.14	0.73	0.57	0.74	0.41	-0.13	0.21	-0.18	-0.22	0.92	0.20	0.87	-0.39	-0.06	-1.05	1.64	0.58	5.17	7.27	20.23	20.23
222	1039.82	16.18	16.18	2.26	-1.00	-2.01	-1.88	-0.76	0.93	-0.55	-0.75	-1.40	-0.87	-0.47	0.27	-0.36	1.70	0.34	0.37	0.99	0.11	-0.35	-0.90	0.00	0.12	0.48	-0.23	0.41	1.72	0.17	-0.22	0.85	1.06	0.91	0.00	0.87	0.07	-1.62	0.30	0.16	-0.67	0.09	2.01	2.19	19.52	19.52
223	1043.04	30.92	30.92	6.71	0.20	0.84	-2.92	-2.77	1.29	0.51	0.08	0.20	-2.21	-1.74	-0.23	0.97	1.75	1.51	0.85	1.17	-0.09	-1.41	-0.55	0.00	-0.23	1.03	1.56	1.82	1.28	1.48	0.41	1.66	0.91	1.36	1.75	-0.27	2.30	1.64	0.79	-0.07	3.91	0.41	1.33	21.50	24.29	24.29
224	1046.26	16.68	16.68	-9.10	-4.92	0.88	-0.65	1.75	-2.95	-2.41	-2.79	0.34	2.10	1.39	-0.36	2.45	1.67	0.31	2.39	1.81	0.72	4.07	2.84	0.00	-0.16	2.81	2.41	2.20	1.96	1.56	1.84	0.95	1.68	-0.57	1.44	1.32	-2.05	1.98	-0.08	0.85	-0.17	0.70	6.93	4.32	22.29	22.29
225	1049.48	28.88	28.88	10.95	5.20	-0.56	-1.50	8.90	4.19	2.88	0.31	2.08	1.36	-0.91	1.51	0.77	-0.44	-0.17	0.87	-0.42	1.30	-0.34	-1.62	0.00	0.02	0.37	-0.13	0.07	-0.19	-0.32	-1.23	-0.22	-0.83	2.05	1.29	0.46	-1.92	1.21	4.63	7.37	1.81	2.50	5.41	16.88	23.00	23.00
226	1052.70	39.40	39.40	6.65	8.46	-0.45	-2.28	0.19	4.70	-1.36	-2.20	-2.60	-2.22	-3.39	1.68	-3.99	-0.02	-0.51	-2.47	-1.77	-5.32	-2.81	-2.60	0.00	-1.28	-0.68	-0.71	-2.17	-1.37	0.07	-0.86	-0.46	-1.03	-0.29	0.14	-1.39	-0.19	0.85	0.33	5.18	4.39	5.57	4.90	2.98	5.37	5.37
227	1055.91	-4.55	-4.55	14.19	6.31	-0.08	4.36	10.47	-0.98	4.44	1.39	2.60	4.95	4.78	0.63	1.48	-1.32	2.89	0.50	1.37	0.47	0.96	0.92	0.00	0.16	-0.35	1.55	0.36	2.50	-1.25	-1.03	-1.47	0.32	-1.81	-0.30	1.07	5.99	3.06	3.11	2.88	3.75	11.66	4.63	3.49	46.63	46.63
228	1059.13	-1.61	-1.61	3.56	6.26	-6.46	1.76	2.19	0.04	7.08	-1.48	-0.75	-1.49	-1.66	1.25	0.93	0.73	-1.15	3.40	1.40	4.11	5.04	-0.98	0.00	2.15	0.46	1.86	1.88	-1.80	1.24	4.09	3.41	5.61	0.34	5.86	8.53	2.26	-0.17	4.49	0.22	-3.58	3.20	19.87	-20.57	62.06	62.06
229	1062.34	43.72	43.72	23.11	0.18	0.23	5.39	13.65	3.50	12.05	2.42	4.61	5.54	4.28	0.86	3.90	1.41	0.60	1.56	0.49	-1.33	1.00	0.47	0.00	1.19	3.28	1.13	0.86	1.83	6.76	1.57	8.89	1.19	7.76	3.22	1.48	11.24	6.26	1.47	-0.38	-4.97	5.76	16.58	42.52	65.54	65.54
230	1065.55	-13.23	-13.23	4.16	-5.27	-5.76	-3.30	3.33	0.83	-3.12	4.45	-2.39	-0.85	0.24	4.39	1.37	1.98	-1.23	1.81	2.69	0.86	-2.81	-1.85	0.00	-4.76	1.46	2.10	2.37	2.09	1.38	-2.48	-1.82	6.11	-1.50	-2.05	2.79	1.79	3.09	1.91	15.14	9.28	4.85	21.07	-27.97	66.93	66.93
231	1068.75	5.04	5.04	7.68	12.42	16.79	-14.88	22.13	-5.15	-10.44	-2.98	-1.46	-1.63	-11.29	0.65	-3.68	-5.24	-3.00	-1.19	-11.19	-7.70	-5.49	-9.82	0.00	-6.33	-3.84	0.85	-6.07	3.16	4.47	2.95	-3.26	-5.24	2.59	-1.41	-1.70	-6.20	-12.07	-7.77	-10.82	-7.32	-11.14	19.22	-10.64	-74.37	-74.37
232	1071.96	0.30	0.30	-48.80	11.24	-13.23	-1.21	-28.63	-18.29	-3.57	-8.21	8.20	-1.90	4.46	-6.83	-0.00	4.07	-8.96	-7.14	-9.79	0.94	-1.75	-5.16	0.00	-0.48	-1.98	-7.47	-0.72	13.21	-3.96	-3.39	-0.80	-7.19	-0.31	1.71	-12.53	-3.79	-12.13	2.57	-11.65	8.90	11.49	17.68	-70.55	-64.92	-64.92
233	1075.17	-19.77	-19.77	37.69	0.20	59.74	33.92	21.24	19.80	32.58	8.51	-1.37	0.17	3.63	24.55	-6.97	1.58	14.88	-1.87	7.81	8.70	13.17	-4.95	0.00	8.81	5.54	-2.56	7.07	13.96	14.89	3.07	-6.92	7.81	-1.19	12.12	2.44	13.86	12.32	9.69	23.34	-2.24	53.06	63.59	30.64	2.88	2.88
234	1078.37	-22.25	-22.25	100.15	-39.46	47.81	1.67	26.92	-4.28	7.50	-0.06	-18.18	-1.94	-6.13	9.10	2.96	-6.53	-6.35	-0.21	-15.11	-22.28	8.45	-19.34	0.00	-4.65	-3.93	-1.62	-10.34	-4.76	-7.92	-9.24	-0.39	-10.86	-15.52	7.80	25.63	0.31	-6.60	12.40	5.62	7.75	25.25	-12.66	-7.68	-45.19	-45.19
235	1081.57	-124.33	-124.33	45.78	-53.81	-18.81	-23.18	21.59	-11.81	8.32	-30.05	-25.08	-2.10	2.24	-9.16	-7.13	-4.32	1.78	6.41	-8.66	-22.81	7.68	7.79	0.00	-5.07	5.33	3.98	22.10	32.93	9.94	-1.70	29.92	-0.02	43.16	17.48	-12.27	58.15	24.31	31.65	26.54	36.84	81.44	-6.77	107.40	115.35	115.35
236	1084.77	146.31	146.31	15.13	-6.78	23.00	69.80	-2.65	-7.35	48.15	15.28	-6.17	-6.51	1.16	4.54	13.03	5.68	-0.07	-11.83	-8.38	-13.35	5.10	-0.72	0.00	-2.64	12.10	10.72	2.53	13.20	9.44	3.13	-2.29	-0.59	-0.11	7.09	-6.88	21.62	-8.04	8.59	64.91	25.94	18.91	34.76	209.55	-8.81	-8.81
237	1087.96	217.72	217.72	-98.84	221.04	41.84	24.13	15.38	25.18	-6.19	-7.83	-3.93	16.72	37.02	-12.69	-44.34	14.66	-9.81	10.71	1.84	14.31	19.85	9.12	0.00	10.10	1.07	6.76	20.07	13.72	42.01	14.33	5.63	-25.80	-26.26	43.02	83.45	33.40	85.04	55.58	15.39	-1.59	153.65	-34.26	139.54	563.19	563.19
238	1091.16	-1889.35	-1889.35	490.35	-10557.20	1726.78	-885.70	665.49	-75.09	87.91	330.74	105.83	104.34	74.44	78.94	154.99	272.28	291.00	203.31	157.14	169.69	188.12	102.32	0.00	230.86	223.83	19.56	138.87	69.57	160.02	152.01	139.82	48.27	62.41	2.21	100.50	35.22	10.90	1.99	-60.65	62.48	-114.97	236.92	-225.87	-556.87	-556.87
239	1094.35	362.61	362.61	145.43	-131.03	187.81	58.75	35.44	-20.78	12.66	-48.61	7.23	47.52	44.38	85.05	28.68	201.20	84.10	170.16	448.98	3986.56	-422.06	-27.75	0.00	-75.32	-190.33	-589.27	-89.85	510.77	42.31	107.05	-38.38	-59.02	34.05	53.56	-7.44	-24.12	14.77	-41.62	4.89	-15.08	33.34	-33.93	301.04	80.02	80.02
240	1097.54	459.57	459.57	14760.39	-535.75	14757.67	-347.00	439.15	-300.31	-58343.73	25.43	406.81	295.58	-81.01	87.48	109.53	95.03	0.99	-44.28	-27.83	-27.10	-26.92	59.29	0.00	123.43	-42.95	78.86	11.54	-126.41	123.30	98.67	225.24	-202.73	134.93	3.25	286.79	-153.29	407.32	7297.85	-3540.87	-100.93	-533.59	-45.41	840.08	306.54	306.54
241	1100.73	-849.55	-849.55	-274.54	-294.23	45.66	-310.89	-99.63	-118.98	102.97	54.04	-214.02	-366.43	-1593.13	-90.97	303.92	278.45	-301.24	-109.95	-57.97	-130.65	-34.05	61.06	0.00	-106.92	-15.89	-262.32	-207.99	-167.01	-274.87	72.40	-233.98	-1316.57	2410.14	-15.62	-129.39	-87.86	-50.92	-344.02	-46.98	76.90	-68.11	-943.47	-1190.68	-2385.77	-2385.77
242	1103.92	-1722.57	-1722.57	646.07	-1034.11	29.62	-180.92	-303.51	-43.70	27.75	-235.14	-103.62	-21.96	-186.42	-128.83	-90.24	-148.61	-66.51	-114.68	-128.37	-51.05	-187.23	52.10	0.00	-156.19	-16.06	-143.47	110.76	-516.38	-582.51	-217.54	-215.57	-203.73	-435.37	2297.28	656.52	389.28	374.42	205.65	-375.65	-289.66	552.16	57.61	397.75	323.63	323.63
243	1107.10	6625.54	6625.54	3742.13	303.58	-104.06	-130.65	167.30	241.76	-75.25	40.85	77.80	-30.42	-69.35	51.06	34.07	-153.62	-136.55	22.90	149.20	-25.35	104.96	-80.32	0.00	9.91	-60.87	-75.06	109.73	158.11	49.26	0.10	-191.74	-57.41	-110.12	-66.32	82.64	-36.62	169.68	57.47	290.97	143.03	-88.86	1188.30	389.46	355.87	355.87
244	1110.28	386.90	386.90	-233.51	925.66	-642.05	1257.35	-111.89	445.75	-2589.55	404.72	618.49	111.56	437.02	-76.45	-125.73	229.19	-58.07	-89.62	-1591.99	-26776.38	-448.84	1085.36	0.00	389.63	261.52	-9821.94	1089.87	134.65	311.67	68.90	179.47	-94.25	-246.07	183.45	-462.78	-98.71	250.48	-194.43	67.56	-298.73	414.40	40.69	520.13	-1227.36	-1227.36
245	1113.46	960.63	960.63	-1619.53	147.11	-179.08	70.15	-46.41	-35.37	-161.68	-42.39	-176.02	8.97	-242.63	-56.19	-98.77	91.11	-103.49	-283.87	-1058.66	645.82	-161.55	262.37	0.00	-461.63	-285.29	-64.73	164.40	-341.50	-382.16	187.18	-255.84	-348.84	-56459.23	-1156.73	-16025.12	-441.50	333.02	-376.07	326.61	-363.52	-251.49	-847.66	1128.93	-14307.58	-14307.58
246	1116.64	211.30	211.30	2142.86	-1285.88	172.15	224.58	-578.02	-159.48	-141.88	-107.89	-261.78	-120.92	-266.00	35.84	-19.44	2821.41	-356.42	-124.11	-108.14	92.55	99.26	-69.24	0.00	-8.68	-47.06	-599.68	412.17	2103.02	-610.37	-10.05	-434.42	108.33	-202.91	-101.85	-136.04	-135.51	79.11	133.66	120.19	159.16	-90.70	304.39	85.43	-349.24	-349.24
247	1119.82	-681.19	-681.19	38080.01	-46.13	-801.77	-463.97	-85.43	199.58	-174.11	-97.08	8785.89	-77.89	-319.63	-127.47	-92.83	-90.19	-144.34	-119.96	6.14	-338.09	366.42	-67.34	0.00	-238.84	-134.74	-22.17	45.60	-155.96	-116.11	-33.93	29.07	-551.32	305.43	99.43	104.46	-121.12	27.65	-74.42	-220.65	-257.75	-354.66	461.78	-18.25	-609.54	-609.54
248	1122.99	1693.11	1693.11	-299.43	259.85	325.07	0.45	189.01	-136.41	-69.00	252.97	-69.24	-0.40	30.17	45.66	-17.68	75.77	175.66	79.14	-219.40	41.86	36.16	5.30	0.00	105.38	42.77	-13.17	81.08	7.55	56.70	12.40	62.82	-25.05	-169.87	40.25	55.48	-99.42	187.71	60.17	144.30	334.70	36.27	-296.44	77.48	806.14	806.14
249	1126.17	-25.30	-25.30	68.03	-360.19	1728.95	-3237.01	-1120.83	-84.16	-438.81	27.84	88.92	-65.12	-196.86	-107.20	54.19	-22.67	-144.65	-44.01	-41.41	14.02	82.29	-240.56	0.00	60.58	-60.95	170.39	689.54	-1056.07	-243.07	-19.03	-169.36	2763.41	-156.93	23.66	-51.22	123.25	83.60	-267.72	454.16	708.46	7149.65	-4994.17	1713.47	-440.52	-440.52
250	1129.34	-566.41	-566.41	223.55	352.68	-161.59	-253.86	-381.86	-683.19	151.05	-902.41	981.90	362.42	-177.53	-75.59	79.32	347.81	-85.87	-345.00	-255.96	-113.75	108.38	-7.14	0.00	-113.94	-107.17	7.44	-82.77	-120.57	-37.42	-205.56	6.02	-17.84	-64.12	-215.67	76.62	48.10	-102.03	194.91	-206.88	-678.66	407.68	-28111.06	-4535.45	8873.27	8873.27
251	1132.51	-2547.03	-2547.03	-1339.07	227.60	-195.11	111.84	175.70	359.69	3472.00	-415.15	58.50	-103.62	-104.14	-160.31	-29.23	-72.62	-169.10	-116.67	-31.14	-40.64	-68.12	-3.93	0.00	-77.25	-33.50	-121.00	-146.11	-217.25	-42.70	-1.41	-114.75	-1787.34	29.61	226.94	-26.61	-11.99	-164.18	146.25	-13.78	-53.09	45.86	-13.42	-591.65	-365.99	-365.99
252	1135.67	2378.30	2378.30	302.66	-709.16	-778.31	1255.14	548.14	649.29	875.36	282.91	152.55	158.23	84.01	-2.35	72.65	-82.72	100.55	147.33	-50.99	-161.17	65.42	-184.73	0.00	210.07	143.75	-114.28	-358.88	-47.62	-205.52	-2056.71	1286.46	543.39	147.68	194.25	138.91	35.79	311.18	-5.39	31.64	223.06	-202.31	-178.03	775.48	-283.68	-283.68
253	1138.84	211.83	211.83	358.19	-130.95	121.84	-86.30	61.82	152.26	-13.42	-56.17	58.07	88.18	143.46	843.40	-389.29	-191.12	-184.88	-173.66	-138.35	-66.32	-66.97	-72.98	0.00	-22.85	-42.79	-56.96	-95.29	-94.80	-147.78	-99.54	-35.58	-98.46	-163.67	-75.97	-296.04	-361.61	289.08	-793.42	-3860.63	-1196.51	23.71	932.86	406.68	1079.11	1079.11
254	1142.00	659.44	659.44	215.18	-37.47	-20.03	-3.65	-33.02	-63.50	-63.48	83.98	42.88	51.50	29.00	29.11	62.90	38.03	-1.58	12.00	59.12	30.78	175.08	132.04	0.00	26.09	35.19	172.58	126.91	165.01	51.50	163.00	101.95	150.82	18.03	104.02	-17.25	51.43	33.55	-76.11	-139.35	-42.82	63.53	50.35	195.51	946.88	946.88
255	1145.16	878.39	878.39	293.18	176.66	161.76	136.41	90.40	38.81	40.79	60.52	15.63	44.32	36.01	-1.25	-2.50	2.80	-3.34	16.69	-3.16	27.96	1.23	17.92	0.00	3.17	15.52	0.48	18.55	10.33	14.22	14.68	-6.53	6.76	10.64	28.27	38.98	37.14	42.44	82.94	84.84	111.01	222.77	151.85	456.21	849.45	849.45
[END_OF_COSERROR]

[COLUMN_NAMES]
px	wl\angle	-90.00	-85.00	-80.00	-75.00	-70.00	-65.00	-60.00	-55.00	-50.00	-45.00	-40.00	-35.00	-30.00	-25.00	-20.00	-17.50	-15.00	-12.50	-10.00	-7.50	-5.00	-2.50	0.00	2.50	5.00	7.50	10.00	12.50	15.00	17.50	20.00	25.00	30.00	35.00	40.00	45.00	50.00	55.00	60.00	65.00	70.00	75.00	80.00	85.00	90.00

[UNCERTAINTY]
0	302.55	0.00	0.00	0.00	0.00	0.00	0.00	0.00	0.00	0.00	0.00	0.00	0.00	0.00	0.00	0.00	0.00	0.00	0.00	0.00	0.00	0.00	0.00	0.00	0.00	0.00	0.00	0.00	0.00	0.00	0.00	0.00	0.00	0.00	0.00	0.00	0.00	0.00	0.00	0.00	0.00	0.00	0.00	0.00	0.00	0.00
1	305.87	42.86	42.86	13.16	13.56	12.49	8.21	7.11	5.87	6.18	5.94	5.24	5.64	3.98	4.33	4.00	3.97	4.03	4.47	4.40	5.41	4.56	5.79	0.03	4.46	4.65	4.49	3.87	4.32	4.25	4.65	6.06	4.83	4.11	5.09	5.31	5.55	6.30	6.79	7.14	9.06	12.48	15.72	18.59	43.16	43.16
2	309.19	25.51	25.51	13.89	6.75	7.23	6.14	3.90	4.10	3.10	3.39	3.37	3.77	3.14	2.64	2.66	3.59	2.69	2.95	2.58	2.99	2.83	2.92	0.02	2.60	2.60	3.15	2.81	2.58	2.36	2.82	2.22	2.85	3.08	3.33	2.73	2.75	4.27	5.47	5.91	5.74	5.97	8.73	12.87	24.71	24.71
3	312.52	15.31	15.31	9.41	8.13	4.22	5.10	3.73	4.12	2.57	2.42	3.04	2.71	2.13	2.33	2.45	2.39	2.92	2.54	2.41	2.50	2.48	2.85	0.02	2.30	3.19	2.39	3.00	2.86	2.90	2.80	2.61	2.78	2.52	2.80	2.65	3.29	3.65	3.09	4.73	3.93	5.14	8.14	10.70	18.68	18.68
4	315.84	14.04	14.04	5.19	5.18	2.45	2.26	2.42	2.08	2.40	1.96	1.90	1.51	1.16	1.59	1.20	1.50	1.28	1.51	1.47	1.37	1.29	1.22	0.01	1.38	1.33	1.27	1.87	1.49	1.55	1.71	1.71	1.88	1.47	1.78	1.94	2.14	1.82	2.39	2.01	2.75	2.78	6.10	5.93	12.47	12.47
5	319.17	6.54	6.54	6.38	3.45	2.91	2.11	2.98	1.60	1.90	1.44	1.90	2.09	1.22	1.50	1.16	1.45	1.42	1.68	1.57	1.26	1.25	1.49	0.01	1.31	1.14	1.20	1.31	1.30	1.39	1.23	1.36	1.46	1.12	1.57	1.40	1.61	1.76	1.52	1.88	2.03	3.00	3.91	6.05	12.26	12.26
6	322.49	6.62	6.62	4.43	3.65	2.74	2.48	1.91	1.66	1.72	1.80	1.72	1.85	1.41	1.51	1.36	1.50	1.35	1.65	1.78	1.60	1.39	1.29	0.01	1.31	1.40	1.42	1.53	1.39	1.33	1.47	1.47	1.51	1.62	1.74	1.54	1.27	1.62	1.65	1.84	2.54	2.33	3.32	4.04	7.66	7.66
7	325.82	8.29	8.29	4.63	2.50	2.55	1.41	1.44	1.42	1.68	1.61	1.65	1.31	1.16	1.27	1.07	1.29	1.13	1.68	1.35	1.21	1.12	1.50	0.01	1.43	1.40	1.40	1.52	1.35	1.18	1.13	1.05	1.17	1.22	1.55	1.25	1.55	1.69	1.32	1.88	1.91	2.41	3.58	3.76	6.25	6.25
8	329.15	6.87	6.87	5.70	3.02	1.81	1.87	1.62	1.54	1.41	1.51	1.56	1.66	1.02	1.19	1.20	1.27	1.13	1.36	1.21	1.24	1.13	1.38	0.01	1.37	1.38	1.44	1.17	1.23	1.15	1.26	1.33	1.12	1.11	1.16	1.23	1.11	1.46	1.67	1.58	1.65	2.21	2.80	3.45	8.03	8.03
9	332.48	4.85	4.85	3.09	2.23	1.89	1.19	1.33	1.45	1.10	1.18	1.10	1.17	0.91	1.00	0.88	1.20	0.88	1.26	1.21	0.95	0.86	1.11	0.01	0.82	0.91	1.10	1.17	0.92	0.98	1.04	1.30	0.86	0.98	1.30	1.27	1.03	1.17	1.14	1.53	1.53	1.70	2.81	3.27	6.86	6.86
10	335.80	5.72	5.72	3.14	1.50	2.17	1.75	1.11	1.18	1.26	1.29	1.11	1.49	0.95	1.04	0.93	1.21	0.92	1.31	1.32	1.04	1.05	0.99	0.01	0.96	1.09	1.35	1.07	0.90	0.98	1.16	1.08	0.96	1.05	0.97	0.92	1.28	1.61	1.20	1.36	1.42	2.01	2.20	3.22	5.01	5.01
11	339.13	5.32	5.32	2.12	1.85	1.51	1.30	1.14	0.99	0.99	1.50	1.12	1.37	0.95	0.88	0.80	1.01	0.86	1.38	1.13	1.03	1.01	1.02	0.01	0.91	1.04	1.27	1.01	0.90	0.94	0.90	0.91	1.10	1.07	1.11	0.82	1.09	1.13	1.28	1.33	1.30	1.76	2.87	3.30	3.05	3.05
12	342.46	4.75	4.75	2.72	1.53	1.32	1.20	1.25	1.05	0.90	1.07	1.00	1.11	0.81	0.98	0.79	0.88	0.80	1.15	0.92	0.87	0.80	0.88	0.01	0.93	1.01	1.08	0.96	0.75	0.94	0.97	0.93	0.93	0.83	0.90	0.76	0.84	0.94	1.27	1.14	1.14	1.31	2.14	2.79	4.29	4.29
13	345.80	3.80	3.80	2.24	1.57	1.47	1.33	0.98	0.94	1.04	0.99	0.99	1.19	0.65	0.96	0.71	0.87	0.69	1.05	0.94	0.80	0.74	0.79	0.00	0.81	0.75	0.98	0.85	0.75	0.78	0.84	0.79	0.82	0.85	0.87	0.67	0.79	0.87	0.95	1.09	1.05	1.23	1.67	1.77	3.81	3.81
14	349.13	3.25	3.25	1.91	1.34	1.28	1.07	0.99	0.99	1.01	0.95	0.89	1.07	0.73	0.88	0.76	0.91	0.72	1.03	0.97	0.80	0.80	0.82	0.01	0.80	0.78	1.13	0.89	0.76	0.84	0.91	0.76	0.86	1.02	0.97	0.80	0.77	0.96	1.00	0.90	1.15	1.40	1.82	2.08	2.08	2.08
15	352.46	2.89	2.89	2.06	1.39	1.17	0.95	0.89	1.21	0.91	0.94	0.93	1.05	0.70	0.77	0.74	0.86	0.73	1.01	0.89	0.72	0.73	0.76	0.00	0.75	0.77	1.02	0.83	0.70	0.79	0.76	0.74	0.82	0.94	0.84	0.71	0.77	0.85	0.83	1.09	1.11	1.22	1.60	1.89	3.02	3.02
16	355.79	3.04	3.04	2.15	1.23	1.02	0.99	0.89	1.01	0.78	0.98	0.92	1.09	0.69	0.71	0.73	0.84	0.66	0.96	0.89	0.81	0.65	0.84	0.00	0.74	0.71	1.03	0.83	0.68	0.70	0.71	0.69	0.81	0.86	0.82	0.67	0.68	0.78	0.93	1.00	1.25	1.07	1.49	2.12	3.62	3.62
17	359.13	2.68	2.68	1.92	1.17	1.07	0.85	0.85	0.85	0.75	0.86	0.88	1.04	0.62	0.71	0.63	0.80	0.67	1.04	0.95	0.74	0.65	0.79	0.00	0.72	0.83	1.14	0.87	0.69	0.71	0.71	0.73	0.81	0.89	0.90	0.69	0.66	0.80	0.91	1.03	1.00	1.13	1.74	1.66	2.65	2.65
18	362.46	2.45	2.45	1.86	1.05	1.02	0.92	0.89	0.94	0.85	0.97	0.84	1.16	0.59	0.68	0.74	0.80	0.59	0.95	0.84	0.69	0.65	0.67	0.00	0.75	0.78	1.11	0.77	0.70	0.70	0.69	0.74	0.77	0.86	0.84	0.62	0.67	0.87	0.94	0.94	0.97	1.14	1.61	1.82	3.15	3.15
19	365.80	3.21	3.21	1.81	1.02	1.02	0.87	0.82	0.86	0.80	0.90	0.78	1.02	0.58	0.69	0.71	0.81	0.59	0.93	0.92	0.68	0.64	0.72	0.00	0.66	0.74	1.04	0.81	0.66	0.69	0.65	0.71	0.79	0.88	0.86	0.66	0.70	0.82	0.86	0.98	1.01	1.21	1.37	1.67	3.17	3.17
20	369.14	2.69	2.69	1.93	1.16	1.09	0.79	0.72	0.91	0.79	1.00	0.84	0.99	0.56	0.69	0.67	0.81	0.62	0.92	0.83	0.70	0.62	0.70	0.00	0.68	0.79	1.07	0.76	0.68	0.67	0.70	0.71	0.75	0.82	0.85	0.65	0.63	0.78	0.80	0.93	0.98	1.17	1.54	1.88	2.57	2.57
21	372.47	2.68	2.68	1.85	1.18	1.05	0.94	0.71	0.84	0.82	0.87	0.81	1.07	0.56	0.70	0.71	0.81	0.60	0.91	0.88	0.66	0.56	0.71	0.00	0.65	0.69	1.03	0.69	0.67	0.63	0.65	0.74	0.76	0.79	0.80	0.63	0.63	0.78	0.80	0.93	0.96	0.94	1.58	1.68	2.56	2.56
22	375.81	2.21	2.21	1.69	1.07	0.97	0.81	0.80	0.89	0.77	0.91	0.73	1.01	0.56	0.68	0.69	0.81	0.54	0.87	0.81	0.63	0.58	0.66	0.00	0.61	0.69	0.95	0.70	0.66	0.69	0.66	0.66	0.71	0.78	0.80	0.56	0.54	0.74	0.85	0.82	0.86	1.12	1.42	1.43	2.84	2.84
23	379.15	2.78	2.78	1.67	1.11	1.05	0.81	0.71	0.86	0.86	0.89	0.78	0.94	0.59	0.68	0.71	0.81	0.60	0.84	0.80	0.61	0.64	0.68	0.00	0.61	0.66	0.96	0.70	0.67	0.64	0.65	0.75	0.71	0.79	0.77	0.63	0.56	0.69	0.78	0.97	1.00	0.92	1.60	1.35	2.58	2.58
24	382.49	2.58	2.58	1.77	1.09	0.89	0.80	0.74	0.85	0.84	0.87	0.69	0.93	0.61	0.68	0.71	0.75	0.57	0.87	0.82	0.65	0.61	0.69	0.00	0.61	0.71	0.94	0.73	0.66	0.64	0.62	0.72	0.74	0.78	0.78	0.60	0.57	0.71	0.87	0.96	0.98	1.05	1.54	1.47	3.07	3.07
25	385.83	2.19	2.19	1.89	1.17	0.95	0.88	0.69	0.78	0.79	0.74	0.69	0.99	0.50	0.68	0.72	0.73	0.53	0.85	0.68	0.59	0.61	0.64	0.00	0.56	0.65	0.89	0.65	0.63	0.61	0.65	0.68	0.74	0.74	0.80	0.52	0.55	0.79	0.78	0.93	0.89	1.06	1.64	1.95	2.37	2.37
26	389.16	2.53	2.53	1.93	1.17	1.01	0.88	0.64	0.80	0.86	0.91	0.72	0.92	0.55	0.67	0.73	0.79	0.57	0.81	0.71	0.62	0.62	0.65	0.00	0.56	0.64	0.93	0.69	0.63	0.59	0.62	0.68	0.76	0.78	0.82	0.58	0.63	0.73	0.84	0.83	0.98	0.99	1.43	1.80	2.91	2.91
27	392.51	2.26	2.26	1.53	0.94	0.88	0.96	0.68	0.79	0.85	0.83	0.73	0.97	0.55	0.68	0.74	0.81	0.53	0.79	0.71	0.56	0.58	0.67	0.00	0.61	0.67	0.90	0.66	0.72	0.64	0.60	0.62	0.73	0.79	0.85	0.59	0.57	0.77	0.84	0.90	0.93	1.09	1.48	1.56	2.79	2.79
28	395.85	2.44	2.44	1.48	0.89	0.84	0.78	0.70	0.72	0.76	0.79	0.71	0.87	0.54	0.61	0.64	0.75	0.55	0.76	0.70	0.53	0.62	0.65	0.00	0.56	0.63	0.88	0.63	0.68	0.60	0.53	0.64	0.70	0.85	0.74	0.61	0.55	0.68	0.78	0.97	0.93	0.97	1.40	1.62	3.11	3.11
29	399.19	2.14	2.14	1.65	1.08	0.90	0.83	0.68	0.77	0.78	0.79	0.67	0.92	0.52	0.68	0.68	0.75	0.56	0.78	0.73	0.53	0.56	0.66	0.00	0.61	0.65	0.91	0.62	0.69	0.59	0.56	0.64	0.73	0.81	0.85	0.62	0.60	0.73	0.82	0.92	0.93	0.95	1.44	1.63	2.51	2.51
30	402.53	2.23	2.23	1.68	0.96	0.98	0.73	0.54	0.70	0.76	0.72	0.70	0.88	0.51	0.59	0.66	0.73	0.52	0.76	0.69	0.51	0.55	0.65	0.00	0.57	0.61	0.89	0.60	0.71	0.58	0.56	0.62	0.71	0.75	0.83	0.60	0.59	0.63	0.74	0.93	0.89	0.97	1.59	1.60	2.59	2.59
31	405.87	2.61	2.61	1.65	1.00	0.89	0.87	0.65	0.73	0.85	0.80	0.65	0.90	0.52	0.64	0.70	0.70	0.54	0.73	0.66	0.53	0.57	0.66	0.00	0.53	0.65	0.86	0.65	0.68	0.58	0.57	0.61	0.69	0.76	0.82	0.56	0.58	0.68	0.81	1.03	0.91	1.06	1.55	1.39	2.78	2.78
32	409.22	2.56	2.56	1.64	0.91	0.90	0.84	0.65	0.68	0.80	0.76	0.65	0.92	0.53	0.60	0.66	0.69	0.49	0.71	0.64	0.49	0.54	0.62	0.00	0.52	0.63	0.80	0.58	0.67	0.54	0.54	0.62	0.67	0.74	0.78	0.58	0.54	0.63	0.74	0.90	0.91	0.90	1.45	1.51	2.59	2.59
33	412.56	2.16	2.16	1.53	1.02	0.93	0.94	0.63	0.70	0.82	0.76	0.64	0.90	0.53	0.65	0.69	0.69	0.53	0.75	0.63	0.54	0.55	0.64	0.00	0.54	0.64	0.87	0.59	0.72	0.56	0.54	0.61	0.66	0.75	0.81	0.59	0.57	0.65	0.73	0.90	0.87	0.98	1.44	1.56	2.68	2.68
34	415.90	2.45	2.45	1.53	1.03	0.85	0.90	0.64	0.73	0.83	0.78	0.66	0.86	0.56	0.66	0.70	0.71	0.53	0.70	0.65	0.49	0.57	0.63	0.00	0.52	0.63	0.81	0.59	0.67	0.54	0.56	0.62	0.66	0.76	0.81	0.59	0.57	0.67	0.84	0.95	0.95	1.02	1.32	1.60	2.71	2.71
35	419.25	2.22	2.22	1.50	0.99	0.88	0.92	0.63	0.70	0.82	0.80	0.66	0.83	0.53	0.63	0.72	0.69	0.55	0.71	0.65	0.50	0.59	0.64	0.00	0.54	0.61	0.81	0.60	0.67	0.58	0.54	0.61	0.64	0.74	0.81	0.58	0.55	0.64	0.78	1.00	0.89	0.96	1.47	1.45	2.74	2.74
36	422.59	2.06	2.06	1.51	0.94	0.86	0.86	0.61	0.66	0.80	0.72	0.63	0.84	0.55	0.62	0.69	0.68	0.51	0.71	0.65	0.51	0.56	0.61	0.00	0.53	0.61	0.79	0.58	0.67	0.52	0.53	0.61	0.66	0.75	0.83	0.58	0.57	0.68	0.76	0.97	0.92	0.98	1.41	1.54	2.51	2.51
37	425.94	2.31	2.31	1.53	1.02	0.82	0.82	0.58	0.65	0.82	0.71	0.61	0.82	0.54	0.65	0.72	0.68	0.51	0.69	0.64	0.51	0.57	0.61	0.00	0.52	0.62	0.77	0.55	0.67	0.54	0.54	0.59	0.65	0.75	0.79	0.58	0.55	0.65	0.75	0.89	0.88	0.96	1.38	1.50	2.50	2.50
38	429.28	2.05	2.05	1.58	1.01	0.83	0.88	0.63	0.61	0.79	0.71	0.62	0.83	0.51	0.62	0.72	0.64	0.51	0.68	0.60	0.48	0.54	0.60	0.00	0.50	0.60	0.76	0.55	0.65	0.52	0.49	0.57	0.66	0.68	0.84	0.57	0.55	0.65	0.70	0.89	0.86	0.89	1.25	1.51	2.48	2.48
39	432.63	2.12	2.12	1.50	0.96	0.84	0.82	0.54	0.64	0.76	0.70	0.60	0.82	0.52	0.63	0.72	0.63	0.49	0.66	0.61	0.49	0.53	0.59	0.00	0.49	0.62	0.74	0.52	0.64	0.50	0.53	0.56	0.63	0.71	0.79	0.56	0.56	0.64	0.73	0.93	0.85	0.93	1.33	1.47	2.40	2.40
40	435.98	2.21	2.21	1.56	0.96	0.88	0.86	0.61	0.63	0.77	0.68	0.61	0.80	0.50	0.64	0.74	0.63	0.48	0.62	0.61	0.45	0.55	0.56	0.00	0.49	0.60	0.74	0.53	0.63	0.50	0.50	0.54	0.61	0.70	0.76	0.55	0.52	0.59	0.69	0.90	0.88	0.87	1.34	1.36	2.43	2.43
41	439.32	2.09	2.09	1.56	0.99	0.79	0.86	0.56	0.60	0.76	0.66	0.58	0.79	0.53	0.63	0.73	0.61	0.47	0.62	0.58	0.48	0.54	0.58	0.00	0.50	0.59	0.74	0.53	0.64	0.51	0.50	0.55	0.61	0.70	0.80	0.56	0.50	0.64	0.70	0.85	0.84	0.87	1.38	1.27	2.44	2.44
42	442.67	2.14	2.14	1.50	0.99	0.84	0.87	0.57	0.61	0.74	0.65	0.60	0.77	0.52	0.62	0.70	0.59	0.48	0.65	0.58	0.44	0.54	0.58	0.00	0.48	0.57	0.73	0.52	0.61	0.47	0.49	0.55	0.60	0.68	0.78	0.54	0.52	0.64	0.71	0.86	0.89	0.84	1.38	1.47	2.44	2.44
43	446.02	2.17	2.17	1.42	0.95	0.80	0.85	0.55	0.59	0.78	0.65	0.60	0.78	0.51	0.63	0.72	0.60	0.47	0.63	0.57	0.46	0.56	0.57	0.00	0.45	0.57	0.68	0.50	0.58	0.46	0.47	0.57	0.59	0.66	0.77	0.56	0.50	0.61	0.65	0.84	0.82	0.82	1.36	1.42	2.52	2.52
44	449.37	2.08	2.08	1.54	0.98	0.81	0.87	0.57	0.57	0.73	0.64	0.58	0.77	0.51	0.62	0.73	0.59	0.46	0.63	0.57	0.46	0.53	0.56	0.00	0.47	0.56	0.69	0.50	0.57	0.47	0.49	0.55	0.57	0.65	0.78	0.54	0.54	0.64	0.68	0.85	0.84	0.85	1.31	1.43	2.50	2.50
45	452.72	2.11	2.11	1.56	0.98	0.78	0.86	0.52	0.53	0.72	0.62	0.54	0.72	0.51	0.59	0.70	0.57	0.46	0.57	0.58	0.43	0.53	0.54	0.00	0.46	0.55	0.68	0.48	0.57	0.45	0.47	0.53	0.58	0.63	0.75	0.54	0.49	0.62	0.67	0.81	0.79	0.82	1.23	1.47	2.49	2.49
46	456.06	2.22	2.22	1.46	0.92	0.78	0.89	0.54	0.59	0.70	0.62	0.55	0.71	0.50	0.60	0.70	0.55	0.45	0.59	0.58	0.45	0.53	0.56	0.00	0.47	0.55	0.65	0.48	0.57	0.46	0.48	0.53	0.56	0.62	0.74	0.55	0.51	0.59	0.67	0.86	0.82	0.86	1.34	1.41	2.44	2.44
47	459.41	2.15	2.15	1.46	0.94	0.76	0.87	0.55	0.57	0.71	0.60	0.54	0.71	0.52	0.62	0.69	0.55	0.47	0.58	0.57	0.44	0.53	0.54	0.00	0.44	0.55	0.65	0.48	0.54	0.44	0.46	0.54	0.54	0.61	0.73	0.52	0.50	0.56	0.64	0.81	0.76	0.80	1.32	1.38	2.35	2.35
48	462.76	2.12	2.12	1.47	0.97	0.77	0.85	0.52	0.54	0.67	0.57	0.52	0.65	0.50	0.59	0.67	0.52	0.44	0.57	0.55	0.43	0.50	0.51	0.00	0.42	0.55	0.62	0.46	0.53	0.43	0.45	0.49	0.53	0.59	0.72	0.51	0.48	0.62	0.63	0.82	0.76	0.78	1.35	1.40	2.34	2.34
49	466.11	2.05	2.05	1.51	0.94	0.76	0.85	0.48	0.54	0.66	0.58	0.53	0.64	0.50	0.57	0.65	0.49	0.42	0.56	0.54	0.42	0.51	0.53	0.00	0.42	0.51	0.58	0.43	0.52	0.42	0.44	0.52	0.52	0.58	0.68	0.49	0.47	0.55	0.62	0.79	0.74	0.76	1.29	1.40	2.28	2.28
50	469.46	2.08	2.08	1.49	0.93	0.75	0.83	0.47	0.52	0.66	0.60	0.52	0.63	0.49	0.56	0.66	0.50	0.43	0.54	0.54	0.42	0.51	0.51	0.00	0.42	0.51	0.58	0.44	0.51	0.41	0.44	0.50	0.51	0.57	0.68	0.49	0.46	0.54	0.62	0.75	0.72	0.75	1.27	1.41	2.34	2.34
51	472.81	2.21	2.21	1.46	0.94	0.78	0.82	0.48	0.53	0.67	0.56	0.50	0.62	0.50	0.58	0.67	0.48	0.40	0.53	0.55	0.40	0.50	0.50	0.00	0.40	0.52	0.58	0.44	0.51	0.40	0.43	0.47	0.50	0.56	0.68	0.49	0.45	0.55	0.62	0.77	0.74	0.80	1.21	1.42	2.37	2.37
52	476.16	2.11	2.11	1.56	0.93	0.80	0.83	0.48	0.55	0.70	0.62	0.54	0.67	0.53	0.59	0.69	0.51	0.42	0.57	0.56	0.42	0.54	0.55	0.00	0.45	0.52	0.58	0.45	0.52	0.43	0.45	0.53	0.54	0.58	0.68	0.52	0.46	0.57	0.63	0.77	0.76	0.78	1.31	1.37	2.39	2.39
53	479.51	2.15	2.15	1.46	0.98	0.75	0.86	0.48	0.49	0.69	0.58	0.52	0.65	0.52	0.60	0.69	0.50	0.43	0.56	0.56	0.44	0.51	0.54	0.00	0.44	0.53	0.58	0.44	0.51	0.42	0.45	0.50	0.52	0.56	0.67	0.52	0.47	0.56	0.64	0.77	0.78	0.78	1.32	1.40	2.45	2.45
54	482.87	2.29	2.29	1.48	0.92	0.75	0.85	0.46	0.54	0.65	0.57	0.49	0.63	0.52	0.59	0.67	0.48	0.41	0.55	0.55	0.42	0.52	0.53	0.00	0.43	0.51	0.55	0.41	0.49	0.42	0.45	0.50	0.51	0.55	0.65	0.51	0.45	0.54	0.61	0.79	0.73	0.77	1.27	1.39	2.28	2.28
55	486.22	2.22	2.22	1.47	0.92	0.77	0.84	0.51	0.53	0.67	0.59	0.48	0.62	0.52	0.59	0.66	0.47	0.41	0.54	0.54	0.43	0.51	0.54	0.00	0.44	0.51	0.53	0.43	0.50	0.42	0.44	0.51	0.51	0.54	0.64	0.49	0.48	0.55	0.62	0.75	0.70	0.75	1.24	1.36	2.45	2.45
56	489.57	2.22	2.22	1.50	0.92	0.76	0.83	0.48	0.53	0.70	0.56	0.50	0.58	0.54	0.59	0.65	0.49	0.43	0.55	0.57	0.42	0.51	0.51	0.00	0.43	0.52	0.55	0.43	0.53	0.44	0.46	0.47	0.49	0.53	0.64	0.51	0.46	0.58	0.60	0.71	0.74	0.82	1.26	1.36	2.47	2.47
57	492.92	2.21	2.21	1.46	0.92	0.78	0.86	0.49	0.55	0.68	0.57	0.50	0.63	0.53	0.61	0.67	0.50	0.43	0.55	0.56	0.43	0.53	0.54	0.00	0.43	0.51	0.56	0.44	0.52	0.44	0.45	0.50	0.50	0.56	0.66	0.50	0.49	0.53	0.61	0.75	0.73	0.70	1.24	1.37	2.24	2.24
58	496.27	2.27	2.27	1.50	0.89	0.76	0.86	0.47	0.51	0.69	0.58	0.51	0.59	0.52	0.60	0.65	0.45	0.40	0.55	0.55	0.40	0.50	0.53	0.00	0.43	0.50	0.53	0.43	0.50	0.39	0.43	0.49	0.48	0.54	0.61	0.47	0.46	0.52	0.64	0.73	0.69	0.75	1.23	1.37	2.38	2.38
59	499.62	2.06	2.06	1.56	0.93	0.74	0.83	0.49	0.58	0.66	0.57	0.50	0.61	0.53	0.60	0.67	0.49	0.42	0.53	0.58	0.43	0.52	0.56	0.00	0.43	0.51	0.52	0.44	0.49	0.42	0.47	0.52	0.49	0.53	0.61	0.50	0.46	0.54	0.62	0.77	0.72	0.76	1.25	1.38	2.43	2.43
60	502.98	2.22	2.22	1.47	0.91	0.71	0.84	0.47	0.53	0.66	0.56	0.49	0.57	0.51	0.57	0.64	0.46	0.41	0.53	0.58	0.41	0.52	0.52	0.00	0.41	0.50	0.52	0.42	0.49	0.41	0.45	0.49	0.47	0.51	0.62	0.51	0.47	0.53	0.62	0.74	0.74	0.72	1.22	1.43	2.29	2.29
61	506.33	2.19	2.19	1.36	0.92	0.71	0.83	0.49	0.52	0.64	0.55	0.45	0.58	0.52	0.63	0.63	0.46	0.40	0.56	0.59	0.40	0.53	0.54	0.00	0.42	0.47	0.51	0.42	0.49	0.40	0.45	0.49	0.48	0.50	0.60	0.49	0.47	0.54	0.58	0.71	0.71	0.77	1.26	1.30	2.38	2.38
62	509.68	2.30	2.30	1.48	0.90	0.78	0.84	0.47	0.54	0.64	0.52	0.48	0.56	0.52	0.61	0.62	0.44	0.38	0.54	0.57	0.41	0.49	0.52	0.00	0.43	0.50	0.50	0.42	0.47	0.40	0.46	0.46	0.46	0.49	0.60	0.47	0.46	0.52	0.58	0.74	0.73	0.72	1.22	1.37	2.41	2.41
63	513.04	2.23	2.23	1.46	0.92	0.73	0.87	0.47	0.55	0.63	0.53	0.47	0.54	0.53	0.60	0.62	0.44	0.40	0.54	0.57	0.41	0.50	0.52	0.00	0.41	0.50	0.48	0.42	0.49	0.40	0.45	0.49	0.46	0.50	0.60	0.47	0.43	0.54	0.60	0.67	0.73	0.71	1.19	1.41	2.32	2.32
64	516.39	2.29	2.29	1.48	0.86	0.70	0.85	0.51	0.52	0.65	0.57	0.47	0.57	0.53	0.60	0.64	0.46	0.42	0.54	0.56	0.42	0.52	0.55	0.00	0.43	0.48	0.48	0.43	0.48	0.40	0.46	0.51	0.47	0.51	0.58	0.50	0.44	0.55	0.60	0.73	0.69	0.73	1.18	1.35	2.48	2.48
65	519.74	2.28	2.28	1.43	0.91	0.73	0.82	0.46	0.54	0.66	0.51	0.47	0.55	0.53	0.62	0.64	0.46	0.41	0.54	0.56	0.42	0.52	0.53	0.00	0.43	0.49	0.47	0.46	0.48	0.42	0.46	0.51	0.48	0.52	0.57	0.50	0.47	0.55	0.59	0.73	0.72	0.73	1.19	1.34	2.53	2.53
66	523.09	2.26	2.26	1.44	0.92	0.77	0.84	0.48	0.54	0.66	0.53	0.46	0.55	0.52	0.60	0.64	0.45	0.38	0.52	0.58	0.40	0.52	0.52	0.00	0.43	0.46	0.45	0.44	0.49	0.41	0.45	0.50	0.46	0.46	0.53	0.48	0.45	0.51	0.57	0.66	0.70	0.73	1.19	1.41	2.30	2.30
67	526.45	2.16	2.16	1.48	0.91	0.73	0.83	0.49	0.53	0.65	0.55	0.47	0.53	0.52	0.60	0.66	0.43	0.41	0.53	0.57	0.42	0.51	0.53	0.00	0.42	0.50	0.46	0.43	0.48	0.42	0.45	0.48	0.48	0.48	0.57	0.49	0.44	0.51	0.62	0.68	0.72	0.75	1.21	1.44	2.37	2.37
68	529.80	2.20	2.20	1.50	0.92	0.75	0.81	0.48	0.53	0.62	0.52	0.46	0.53	0.50	0.61	0.60	0.43	0.41	0.52	0.57	0.41	0.51	0.52	0.00	0.42	0.50	0.44	0.43	0.49	0.41	0.46	0.49	0.45	0.47	0.58	0.47	0.45	0.52	0.59	0.69	0.68	0.71	1.11	1.40	2.30	2.30
69	533.15	2.20	2.20	1.50	0.93	0.74	0.81	0.49	0.54	0.63	0.54	0.46	0.54	0.52	0.61	0.64	0.44	0.40	0.53	0.57	0.41	0.49	0.53	0.00	0.42	0.47	0.44	0.42	0.48	0.40	0.46	0.47	0.45	0.46	0.54	0.47	0.45	0.50	0.57	0.67	0.69	0.71	1.16	1.36	2.34	2.34
70	536.51	2.35	2.35	1.43	0.95	0.75	0.80	0.49	0.54	0.61	0.50	0.42	0.52	0.52	0.63	0.61	0.43	0.38	0.51	0.57	0.40	0.50	0.51	0.00	0.41	0.47	0.42	0.41	0.46	0.39	0.44	0.47	0.43	0.44	0.54	0.46	0.44	0.50	0.56	0.67	0.66	0.70	1.18	1.48	2.39	2.39
71	539.86	2.28	2.28	1.43	0.91	0.74	0.83	0.49	0.54	0.59	0.50	0.44	0.50	0.49	0.60	0.61	0.42	0.38	0.51	0.55	0.39	0.48	0.51	0.00	0.40	0.45	0.41	0.42	0.46	0.40	0.43	0.47	0.43	0.45	0.51	0.46	0.42	0.49	0.55	0.67	0.65	0.68	1.15	1.38	2.31	2.31
72	543.22	2.36	2.36	1.46	0.94	0.75	0.80	0.47	0.54	0.60	0.52	0.43	0.49	0.52	0.60	0.59	0.42	0.39	0.51	0.53	0.40	0.49	0.52	0.00	0.44	0.45	0.42	0.42	0.47	0.41	0.44	0.47	0.45	0.45	0.52	0.46	0.41	0.49	0.58	0.65	0.69	0.70	1.14	1.37	2.28	2.28
73	546.57	2.26	2.26	1.46	0.95	0.76	0.83	0.49	0.54	0.63	0.51	0.44	0.50	0.51	0.62	0.60	0.42	0.40	0.52	0.55	0.40	0.47	0.53	0.00	0.42	0.46	0.42	0.42	0.46	0.40	0.45	0.47	0.45	0.44	0.52	0.47	0.44	0.51	0.59	0.68	0.68	0.71	1.13	1.38	2.48	2.48
74	549.92	2.29	2.29	1.44	0.93	0.71	0.81	0.51	0.52	0.59	0.52	0.43	0.49	0.50	0.61	0.60	0.42	0.38	0.50	0.54	0.40	0.49	0.52	0.00	0.41	0.45	0.39	0.40	0.45	0.40	0.44	0.46	0.44	0.43	0.52	0.45	0.42	0.48	0.57	0.66	0.67	0.68	1.07	1.42	2.29	2.29
75	553.28	2.32	2.32	1.47	0.94	0.73	0.82	0.49	0.54	0.60	0.53	0.44	0.50	0.52	0.62	0.60	0.42	0.41	0.51	0.54	0.42	0.49	0.53	0.00	0.43	0.46	0.40	0.42	0.47	0.41	0.45	0.46	0.45	0.45	0.52	0.46	0.42	0.48	0.57	0.62	0.68	0.70	1.11	1.42	2.30	2.30
76	556.63	2.24	2.24	1.39	0.99	0.71	0.80	0.47	0.54	0.61	0.52	0.42	0.50	0.51	0.62	0.59	0.41	0.38	0.51	0.54	0.41	0.47	0.52	0.00	0.43	0.44	0.39	0.41	0.46	0.42	0.44	0.46	0.42	0.41	0.50	0.46	0.42	0.49	0.55	0.61	0.67	0.64	1.11	1.35	2.31	2.31
77	559.98	2.29	2.29	1.40	0.95	0.71	0.81	0.47	0.52	0.56	0.51	0.42	0.47	0.51	0.59	0.57	0.41	0.37	0.49	0.52	0.40	0.47	0.51	0.00	0.40	0.44	0.38	0.40	0.44	0.39	0.43	0.47	0.43	0.41	0.49	0.45	0.42	0.45	0.53	0.62	0.64	0.63	1.13	1.42	2.38	2.38
78	563.34	2.32	2.32	1.39	0.96	0.73	0.79	0.48	0.52	0.57	0.52	0.43	0.48	0.52	0.63	0.55	0.43	0.39	0.49	0.54	0.39	0.47	0.51	0.00	0.42	0.45	0.38	0.41	0.45	0.40	0.41	0.45	0.44	0.43	0.49	0.45	0.42	0.48	0.57	0.62	0.67	0.67	1.14	1.37	2.29	2.29
79	566.69	2.40	2.40	1.43	0.95	0.71	0.77	0.48	0.55	0.59	0.52	0.44	0.50	0.51	0.60	0.58	0.43	0.39	0.52	0.55	0.40	0.49	0.51	0.00	0.42	0.47	0.39	0.41	0.45	0.39	0.43	0.47	0.45	0.44	0.48	0.45	0.42	0.49	0.56	0.63	0.67	0.67	1.09	1.32	2.34	2.34
80	570.04	2.33	2.33	1.42	0.91	0.70	0.78	0.49	0.54	0.58	0.52	0.42	0.48	0.52	0.62	0.58	0.44	0.39	0.49	0.54	0.40	0.49	0.51	0.00	0.41	0.43	0.37	0.40	0.44	0.41	0.41	0.48	0.44	0.42	0.48	0.45	0.43	0.47	0.54	0.64	0.68	0.68	1.09	1.36	2.27	2.27
81	573.40	2.33	2.33	1.47	0.95	0.72	0.78	0.49	0.55	0.58	0.48	0.42	0.46	0.50	0.60	0.59	0.42	0.38	0.50	0.53	0.40	0.49	0.51	0.00	0.42	0.44	0.36	0.40	0.46	0.40	0.42	0.46	0.43	0.41	0.47	0.45	0.41	0.45	0.56	0.59	0.65	0.65	1.07	1.34	2.30	2.30
82	576.75	2.22	2.22	1.43	0.97	0.69	0.76	0.50	0.55	0.57	0.50	0.42	0.45	0.49	0.60	0.55	0.41	0.39	0.49	0.51	0.40	0.49	0.51	0.00	0.41	0.45	0.38	0.41	0.45	0.41	0.42	0.47	0.43	0.42	0.48	0.45	0.42	0.46	0.56	0.59	0.67	0.65	1.09	1.35	2.33	2.33
83	580.10	2.37	2.37	1.42	0.92	0.74	0.78	0.50	0.53	0.60	0.54	0.42	0.47	0.49	0.62	0.57	0.44	0.38	0.48	0.52	0.41	0.48	0.52	0.00	0.42	0.45	0.36	0.41	0.46	0.39	0.42	0.46	0.43	0.40	0.48	0.44	0.42	0.48	0.53	0.61	0.68	0.65	1.11	1.32	2.36	2.36
84	583.46	2.33	2.33	1.43	0.94	0.68	0.79	0.50	0.52	0.54	0.48	0.40	0.46	0.49	0.60	0.54	0.41	0.35	0.48	0.51	0.39	0.45	0.47	0.00	0.41	0.43	0.34	0.41	0.43	0.39	0.42	0.42	0.40	0.40	0.45	0.42	0.40	0.43	0.55	0.59	0.62	0.61	1.07	1.32	2.26	2.26
85	586.81	2.31	2.31	1.43	0.93	0.72	0.76	0.50	0.52	0.57	0.49	0.41	0.46	0.49	0.60	0.54	0.40	0.35	0.48	0.52	0.40	0.48	0.46	0.00	0.41	0.43	0.34	0.39	0.41	0.38	0.41	0.45	0.42	0.39	0.45	0.44	0.39	0.45	0.52	0.59	0.64	0.64	1.13	1.35	2.39	2.39
86	590.16	2.31	2.31	1.38	0.90	0.71	0.77	0.51	0.56	0.54	0.51	0.41	0.45	0.49	0.60	0.53	0.40	0.36	0.48	0.50	0.40	0.42	0.48	0.00	0.39	0.42	0.33	0.39	0.43	0.38	0.42	0.44	0.41	0.38	0.45	0.44	0.39	0.44	0.53	0.60	0.64	0.67	1.12	1.28	2.33	2.33
87	593.52	2.39	2.39	1.41	0.93	0.71	0.76	0.50	0.54	0.55	0.50	0.40	0.46	0.49	0.61	0.55	0.41	0.37	0.49	0.51	0.38	0.46	0.49	0.00	0.42	0.42	0.35	0.40	0.44	0.41	0.42	0.47	0.42	0.40	0.43	0.43	0.42	0.44	0.50	0.57	0.64	0.63	1.02	1.28	2.20	2.20
88	596.87	2.39	2.39	1.36	0.93	0.71	0.77	0.49	0.55	0.58	0.48	0.41	0.44	0.48	0.62	0.54	0.42	0.38	0.48	0.50	0.40	0.45	0.51	0.00	0.40	0.43	0.33	0.41	0.42	0.39	0.41	0.45	0.41	0.38	0.45	0.45	0.40	0.40	0.54	0.58	0.64	0.60	1.04	1.27	2.14	2.14
89	600.22	2.28	2.28	1.31	0.95	0.73	0.75	0.49	0.54	0.58	0.53	0.42	0.46	0.49	0.64	0.56	0.43	0.39	0.51	0.52	0.39	0.46	0.51	0.00	0.41	0.45	0.37	0.42	0.45	0.39	0.42	0.46	0.43	0.39	0.47	0.44	0.42	0.47	0.53	0.58	0.65	0.61	1.10	1.28	2.27	2.27
90	603.57	2.16	2.16	1.38	0.94	0.71	0.75	0.50	0.54	0.56	0.48	0.41	0.44	0.50	0.60	0.54	0.44	0.37	0.49	0.50	0.40	0.45	0.52	0.00	0.41	0.42	0.34	0.41	0.44	0.40	0.43	0.47	0.43	0.36	0.43	0.46	0.41	0.44	0.54	0.61	0.64	0.66	1.07	1.35	2.31	2.31
91	606.92	2.22	2.22	1.43	0.96	0.71	0.78	0.48	0.52	0.56	0.52	0.40	0.43	0.50	0.61	0.56	0.43	0.37	0.49	0.49	0.39	0.46	0.53	0.00	0.39	0.43	0.34	0.41	0.44	0.39	0.41	0.45	0.40	0.38	0.46	0.42	0.39	0.43	0.53	0.59	0.64	0.63	1.07	1.30	2.38	2.38
92	610.28	2.24	2.24	1.42	0.93	0.70	0.73	0.49	0.53	0.56	0.52	0.42	0.47	0.49	0.63	0.55	0.45	0.39	0.51	0.51	0.41	0.49	0.50	0.00	0.44	0.45	0.34	0.43	0.41	0.40	0.42	0.48	0.43	0.38	0.47	0.45	0.42	0.41	0.55	0.60	0.64	0.68	1.10	1.35	2.30	2.30
93	613.63	2.42	2.42	1.35	0.97	0.71	0.76	0.52	0.54	0.57	0.48	0.44	0.44	0.48	0.61	0.54	0.44	0.37	0.47	0.48	0.39	0.46	0.49	0.00	0.39	0.42	0.33	0.40	0.43	0.38	0.43	0.44	0.39	0.37	0.44	0.43	0.41	0.39	0.51	0.59	0.63	0.67	1.07	1.31	2.46	2.46
94	616.98	2.34	2.34	1.40	0.96	0.69	0.72	0.50	0.53	0.53	0.49	0.39	0.45	0.48	0.60	0.51	0.42	0.34	0.46	0.48	0.38	0.42	0.48	0.00	0.39	0.40	0.31	0.37	0.41	0.38	0.38	0.45	0.38	0.35	0.41	0.40	0.37	0.40	0.52	0.55	0.65	0.62	1.00	1.26	2.30	2.30
95	620.33	2.34	2.34	1.46	0.92	0.74	0.72	0.48	0.54	0.52	0.49	0.40	0.41	0.45	0.58	0.54	0.41	0.36	0.46	0.47	0.38	0.44	0.48	0.00	0.40	0.41	0.32	0.38	0.41	0.37	0.39	0.46	0.41	0.36	0.41	0.42	0.40	0.41	0.53	0.55	0.65	0.65	1.06	1.33	2.35	2.35
96	623.68	2.36	2.36	1.38	0.96	0.69	0.73	0.51	0.53	0.55	0.48	0.38	0.44	0.46	0.61	0.54	0.43	0.34	0.46	0.48	0.37	0.43	0.48	0.00	0.39	0.40	0.31	0.39	0.40	0.39	0.39	0.45	0.42	0.38	0.41	0.41	0.39	0.38	0.50	0.50	0.63	0.58	1.05	1.23	2.24	2.24
97	627.03	2.48	2.48	1.35	0.96	0.69	0.73	0.52	0.54	0.57	0.50	0.40	0.43	0.49	0.62	0.53	0.45	0.37	0.47	0.47	0.40	0.44	0.48	0.00	0.40	0.43	0.32	0.40	0.41	0.39	0.38	0.44	0.41	0.36	0.42	0.40	0.39	0.41	0.52	0.58	0.65	0.63	1.06	1.30	2.15	2.15
98	630.38	2.30	2.30	1.31	1.00	0.69	0.77	0.50	0.55	0.56	0.49	0.39	0.45	0.48	0.62	0.54	0.45	0.38	0.49	0.47	0.38	0.45	0.50	0.00	0.42	0.41	0.31	0.41	0.41	0.38	0.39	0.45	0.42	0.36	0.44	0.42	0.42	0.43	0.54	0.54	0.65	0.61	1.07	1.23	2.28	2.28
99	633.73	2.17	2.17	1.36	0.97	0.70	0.75	0.50	0.53	0.56	0.49	0.40	0.44	0.48	0.60	0.54	0.45	0.37	0.47	0.48	0.39	0.45	0.49	0.00	0.39	0.43	0.32	0.40	0.42	0.39	0.40	0.46	0.41	0.36	0.42	0.42	0.42	0.42	0.54	0.55	0.65	0.63	1.08	1.23	2.38	2.38
100	637.08	2.34	2.34	1.36	1.01	0.69	0.71	0.50	0.56	0.56	0.48	0.39	0.43	0.48	0.62	0.54	0.41	0.36	0.46	0.47	0.38	0.44	0.48	0.00	0.39	0.40	0.31	0.40	0.42	0.38	0.40	0.44	0.41	0.36	0.40	0.42	0.39	0.42	0.52	0.57	0.64	0.68	1.03	1.26	2.03	2.03
101	640.43	2.29	2.29	1.32	0.92	0.72	0.75	0.50	0.55	0.54	0.51	0.41	0.44	0.48	0.62	0.54	0.43	0.35	0.48	0.46	0.38	0.45	0.49	0.00	0.39	0.44	0.31	0.40	0.45	0.38	0.42	0.45	0.41	0.36	0.44	0.41	0.42	0.43	0.56	0.57	0.67	0.64	1.03	1.28	2.24	2.24
102	643.78	2.19	2.19	1.38	0.93	0.69	0.73	0.49	0.52	0.53	0.49	0.40	0.41	0.48	0.61	0.51	0.45	0.39	0.50	0.48	0.41	0.47	0.52	0.00	0.39	0.43	0.31	0.40	0.41	0.38	0.41	0.45	0.41	0.38	0.44	0.43	0.41	0.42	0.51	0.56	0.63	0.61	1.02	1.28	2.25	2.25
103	647.13	2.17	2.17	1.33	0.96	0.69	0.75	0.50	0.54	0.54	0.52	0.38	0.43	0.49	0.61	0.54	0.46	0.38	0.49	0.45	0.39	0.45	0.51	0.00	0.42	0.42	0.31	0.40	0.43	0.40	0.41	0.48	0.42	0.33	0.42	0.41	0.40	0.40	0.53	0.57	0.64	0.59	1.03	1.35	2.08	2.08
104	650.48	2.25	2.25	1.34	0.99	0.71	0.72	0.48	0.54	0.55	0.49	0.40	0.42	0.48	0.61	0.55	0.44	0.37	0.45	0.47	0.40	0.43	0.49	0.00	0.38	0.42	0.31	0.40	0.41	0.40	0.41	0.47	0.42	0.35	0.43	0.44	0.39	0.40	0.52	0.54	0.64	0.61	0.97	1.20	2.11	2.11
105	653.82	2.21	2.21	1.36	0.98	0.71	0.72	0.50	0.57	0.56	0.50	0.40	0.44	0.48	0.62	0.54	0.44	0.38	0.50	0.47	0.40	0.43	0.49	0.00	0.42	0.42	0.35	0.42	0.44	0.40	0.42	0.47	0.42	0.38	0.46	0.42	0.43	0.43	0.55	0.57	0.68	0.60	1.09	1.29	2.35	2.35
106	657.17	2.25	2.25	1.37	0.97	0.73	0.73	0.49	0.56	0.52	0.49	0.38	0.43	0.49	0.63	0.52	0.45	0.35	0.45	0.45	0.37	0.43	0.48	0.00	0.40	0.43	0.32	0.41	0.40	0.39	0.40	0.44	0.41	0.35	0.41	0.42	0.43	0.42	0.54	0.56	0.65	0.64	0.99	1.32	2.18	2.18
107	660.52	2.14	2.14	1.28	0.97	0.67	0.70	0.51	0.56	0.54	0.49	0.39	0.42	0.47	0.61	0.53	0.45	0.36	0.45	0.46	0.37	0.44	0.49	0.00	0.39	0.43	0.32	0.39	0.42	0.40	0.40	0.44	0.39	0.33	0.45	0.42	0.40	0.44	0.51	0.57	0.64	0.65	1.04	1.33	2.18	2.18
108	663.87	2.16	2.16	1.35	0.94	0.71	0.75	0.49	0.55	0.55	0.50	0.42	0.42	0.48	0.62	0.54	0.49	0.37	0.48	0.45	0.40	0.45	0.50	0.00	0.40	0.41	0.32	0.40	0.42	0.40	0.39	0.46	0.39	0.37	0.41	0.42	0.41	0.41	0.51	0.54	0.61	0.59	0.99	1.27	2.14	2.14
109	667.21	2.17	2.17	1.31	0.96	0.64	0.74	0.50	0.52	0.50	0.42	0.38	0.40	0.45	0.57	0.52	0.46	0.36	0.45	0.44	0.37	0.42	0.47	0.00	0.37	0.40	0.29	0.38	0.39	0.36	0.38	0.41	0.40	0.35	0.40	0.39	0.38	0.41	0.53	0.55	0.67	0.62	1.06	1.41	2.27	2.27
110	670.56	2.11	2.11	1.25	0.96	0.67	0.70	0.50	0.55	0.50	0.49	0.40	0.41	0.48	0.58	0.54	0.45	0.38	0.47	0.43	0.37	0.46	0.48	0.00	0.38	0.43	0.31	0.39	0.40	0.37	0.40	0.44	0.41	0.34	0.44	0.40	0.40	0.41	0.52	0.56	0.62	0.64	1.01	1.25	2.23	2.23
111	673.90	2.28	2.28	1.42	0.94	0.74	0.70	0.48	0.55	0.53	0.50	0.42	0.44	0.47	0.61	0.54	0.47	0.39	0.47	0.44	0.39	0.47	0.47	0.00	0.37	0.42	0.32	0.40	0.41	0.38	0.40	0.46	0.41	0.37	0.43	0.41	0.43	0.40	0.54	0.55	0.63	0.63	1.04	1.25	2.12	2.12
112	677.25	2.32	2.32	1.33	0.96	0.73	0.71	0.49	0.52	0.49	0.48	0.38	0.40	0.47	0.58	0.53	0.45	0.37	0.43	0.44	0.35	0.42	0.45	0.00	0.37	0.41	0.29	0.38	0.39	0.39	0.40	0.42	0.39	0.35	0.41	0.40	0.39	0.40	0.54	0.53	0.63	0.62	1.05	1.25	2.21	2.21
113	680.59	2.20	2.20	1.30	1.01	0.69	0.70	0.51	0.52	0.49	0.49	0.38	0.39	0.47	0.59	0.50	0.42	0.35	0.45	0.42	0.36	0.40	0.44	0.00	0.36	0.40	0.28	0.38	0.40	0.37	0.38	0.42	0.38	0.35	0.41	0.41	0.41	0.40	0.51	0.53	0.61	0.62	1.11	1.20	2.23	2.23
114	683.94	2.25	2.25	1.24	0.96	0.73	0.68	0.44	0.55	0.47	0.47	0.36	0.38	0.44	0.55	0.49	0.42	0.35	0.43	0.42	0.35	0.42	0.43	0.00	0.35	0.37	0.27	0.35	0.37	0.35	0.36	0.42	0.38	0.33	0.38	0.40	0.38	0.38	0.48	0.49	0.64	0.58	1.08	1.21	2.11	2.11
115	687.28	2.18	2.18	1.34	1.03	0.67	0.70	0.45	0.52	0.49	0.45	0.35	0.39	0.44	0.58	0.45	0.43	0.33	0.43	0.41	0.35	0.39	0.44	0.00	0.36	0.38	0.29	0.37	0.41	0.36	0.38	0.39	0.36	0.31	0.40	0.38	0.37	0.37	0.47	0.54	0.66	0.60	1.06	1.36	2.31	2.31
116	690.63	2.12	2.12	1.38	0.99	0.66	0.71	0.49	0.52	0.50	0.47	0.39	0.40	0.45	0.57	0.50	0.44	0.33	0.42	0.42	0.35	0.42	0.44	0.00	0.34	0.40	0.29	0.36	0.39	0.36	0.36	0.40	0.38	0.32	0.40	0.38	0.37	0.40	0.47	0.52	0.66	0.61	1.08	1.26	2.23	2.23
117	693.97	2.26	2.26	1.32	1.08	0.65	0.65	0.47	0.51	0.50	0.43	0.38	0.41	0.46	0.57	0.49	0.45	0.35	0.42	0.41	0.36	0.43	0.47	0.00	0.37	0.37	0.28	0.37	0.37	0.38	0.36	0.41	0.38	0.36	0.41	0.38	0.39	0.36	0.50	0.51	0.66	0.62	1.05	1.22	2.15	2.15
118	697.31	2.19	2.19	1.30	1.00	0.67	0.71	0.51	0.54	0.51	0.47	0.38	0.41	0.45	0.61	0.53	0.48	0.38	0.45	0.42	0.39	0.44	0.46	0.00	0.39	0.40	0.30	0.41	0.40	0.39	0.38	0.45	0.40	0.37	0.41	0.40	0.39	0.40	0.51	0.52	0.62	0.62	1.02	1.27	2.42	2.42
119	700.65	2.12	2.12	1.36	1.01	0.67	0.71	0.47	0.54	0.47	0.49	0.37	0.42	0.45	0.59	0.47	0.45	0.34	0.45	0.42	0.36	0.43	0.45	0.00	0.37	0.40	0.29	0.39	0.41	0.40	0.39	0.42	0.40	0.33	0.40	0.40	0.43	0.38	0.49	0.56	0.70	0.71	0.99	1.24	2.18	2.18
120	703.99	2.25	2.25	1.47	0.99	0.67	0.73	0.52	0.55	0.53	0.47	0.36	0.40	0.46	0.58	0.51	0.48	0.37	0.46	0.44	0.37	0.46	0.46	0.00	0.37	0.40	0.29	0.38	0.41	0.37	0.40	0.41	0.40	0.34	0.41	0.37	0.41	0.37	0.49	0.55	0.67	0.65	1.06	1.35	1.94	1.94
121	707.33	2.15	2.15	1.38	1.00	0.72	0.66	0.49	0.52	0.50	0.48	0.37	0.37	0.45	0.58	0.48	0.44	0.35	0.39	0.39	0.35	0.41	0.44	0.00	0.36	0.36	0.29	0.35	0.38	0.36	0.38	0.40	0.36	0.31	0.40	0.37	0.38	0.37	0.48	0.53	0.67	0.62	1.12	1.18	2.05	2.05
122	710.67	2.30	2.30	1.29	0.99	0.68	0.68	0.48	0.53	0.48	0.44	0.39	0.41	0.44	0.55	0.50	0.46	0.35	0.42	0.40	0.35	0.41	0.45	0.00	0.36	0.36	0.27	0.35	0.39	0.36	0.33	0.40	0.38	0.33	0.38	0.38	0.40	0.35	0.50	0.51	0.62	0.57	1.04	1.25	2.31	2.31
123	714.01	2.33	2.33	1.32	0.93	0.69	0.68	0.50	0.56	0.48	0.48	0.38	0.40	0.45	0.58	0.50	0.45	0.36	0.44	0.42	0.38	0.42	0.47	0.00	0.36	0.37	0.30	0.39	0.41	0.36	0.39	0.42	0.40	0.34	0.39	0.40	0.40	0.38	0.48	0.54	0.66	0.59	1.05	1.34	2.22	2.22
124	717.35	2.20	2.20	1.33	1.00	0.69	0.69	0.52	0.55	0.48	0.45	0.37	0.39	0.44	0.55	0.51	0.45	0.35	0.43	0.40	0.35	0.39	0.45	0.00	0.35	0.36	0.29	0.37	0.36	0.39	0.37	0.38	0.39	0.30	0.40	0.37	0.37	0.37	0.47	0.50	0.65	0.64	1.02	1.14	2.14	2.14
125	720.69	2.35	2.35	1.39	1.04	0.71	0.71	0.51	0.56	0.52	0.49	0.42	0.41	0.45	0.62	0.54	0.47	0.39	0.47	0.43	0.39	0.44	0.49	0.00	0.38	0.39	0.30	0.42	0.42	0.40	0.41	0.46	0.43	0.35	0.40	0.43	0.44	0.36	0.53	0.60	0.65	0.60	1.00	1.26	2.49	2.49
126	724.03	2.23	2.23	1.37	1.02	0.68	0.66	0.48	0.52	0.49	0.44	0.33	0.39	0.44	0.61	0.49	0.48	0.34	0.42	0.37	0.35	0.42	0.45	0.00	0.33	0.40	0.26	0.38	0.35	0.36	0.34	0.44	0.37	0.32	0.40	0.35	0.39	0.37	0.47	0.54	0.59	0.65	1.03	1.23	2.12	2.12
127	727.37	2.23	2.23	1.39	0.94	0.68	0.68	0.50	0.49	0.48	0.48	0.37	0.40	0.44	0.61	0.50	0.45	0.35	0.43	0.39	0.36	0.42	0.43	0.00	0.36	0.38	0.28	0.39	0.40	0.39	0.36	0.41	0.39	0.32	0.39	0.37	0.36	0.36	0.49	0.56	0.62	0.63	0.98	1.32	2.23	2.23
128	730.70	2.03	2.03	1.25	0.95	0.65	0.65	0.47	0.51	0.49	0.45	0.36	0.39	0.46	0.57	0.49	0.46	0.34	0.42	0.40	0.36	0.42	0.45	0.00	0.36	0.38	0.29	0.37	0.38	0.37	0.36	0.40	0.37	0.36	0.42	0.38	0.41	0.36	0.49	0.50	0.61	0.58	0.92	1.24	2.12	2.12
129	734.04	2.07	2.07	1.41	0.93	0.72	0.65	0.50	0.51	0.48	0.45	0.36	0.38	0.43	0.56	0.51	0.47	0.36	0.42	0.38	0.35	0.44	0.45	0.00	0.33	0.35	0.29	0.35	0.37	0.35	0.36	0.43	0.37	0.33	0.39	0.37	0.40	0.36	0.48	0.52	0.62	0.63	1.00	1.27	2.11	2.11
130	737.37	2.12	2.12	1.40	1.01	0.70	0.71	0.48	0.53	0.49	0.46	0.40	0.41	0.46	0.57	0.51	0.47	0.34	0.45	0.38	0.37	0.42	0.45	0.00	0.36	0.36	0.28	0.38	0.39	0.37	0.35	0.42	0.39	0.33	0.38	0.36	0.39	0.35	0.46	0.49	0.65	0.60	0.94	1.28	2.04	2.04
131	740.71	2.23	2.23	1.41	0.96	0.68	0.70	0.53	0.53	0.50	0.47	0.39	0.39	0.47	0.59	0.52	0.46	0.36	0.43	0.40	0.35	0.42	0.43	0.00	0.34	0.38	0.28	0.40	0.40	0.38	0.38	0.42	0.40	0.34	0.42	0.40	0.40	0.36	0.49	0.53	0.62	0.64	0.95	1.24	2.23	2.23
132	744.04	2.15	2.15	1.45	0.95	0.74	0.65	0.52	0.51	0.50	0.50	0.38	0.40	0.44	0.57	0.55	0.44	0.36	0.42	0.39	0.37	0.40	0.47	0.00	0.35	0.38	0.28	0.37	0.41	0.38	0.36	0.41	0.38	0.32	0.39	0.36	0.42	0.39	0.48	0.55	0.64	0.59	0.97	1.33	2.06	2.06
133	747.37	1.90	1.90	1.38	0.98	0.71	0.71	0.51	0.53	0.52	0.45	0.37	0.41	0.48	0.61	0.51	0.47	0.36	0.44	0.40	0.39	0.42	0.44	0.00	0.36	0.36	0.29	0.38	0.39	0.38	0.39	0.41	0.40	0.34	0.41	0.40	0.40	0.36	0.47	0.54	0.68	0.70	1.05	1.34	2.07	2.07
134	750.71	1.94	1.94	1.52	0.98	0.63	0.71	0.49	0.56	0.54	0.48	0.35	0.39	0.46	0.56	0.49	0.48	0.35	0.42	0.39	0.34	0.42	0.47	0.00	0.36	0.38	0.29	0.37	0.39	0.38	0.36	0.42	0.40	0.32	0.43	0.35	0.37	0.37	0.47	0.54	0.63	0.64	1.01	1.36	2.15	2.15
135	754.04	1.87	1.87	1.31	0.85	0.72	0.59	0.47	0.47	0.45	0.45	0.34	0.36	0.42	0.54	0.48	0.44	0.31	0.39	0.37	0.35	0.39	0.40	0.00	0.32	0.34	0.27	0.37	0.36	0.36	0.33	0.41	0.36	0.33	0.39	0.35	0.36	0.32	0.46	0.52	0.57	0.58	0.94	1.21	2.03	2.03
136	757.37	2.22	2.22	1.41	0.98	0.70	0.68	0.49	0.53	0.45	0.46	0.35	0.38	0.42	0.55	0.48	0.41	0.31	0.41	0.36	0.34	0.35	0.38	0.00	0.33	0.38	0.27	0.39	0.37	0.36	0.37	0.39	0.37	0.30	0.36	0.34	0.36	0.35	0.51	0.51	0.61	0.64	0.88	1.32	1.98	1.98
137	760.70	1.99	1.99	1.46	0.98	0.72	0.68	0.47	0.52	0.47	0.43	0.35	0.35	0.40	0.52	0.47	0.41	0.31	0.38	0.36	0.33	0.36	0.39	0.00	0.30	0.31	0.26	0.32	0.34	0.34	0.33	0.35	0.35	0.29	0.34	0.33	0.32	0.31	0.46	0.46	0.58	0.60	0.88	1.30	1.95	1.95
138	764.03	2.12	2.12	1.45	0.81	0.67	0.66	0.47	0.47	0.40	0.38	0.31	0.33	0.41	0.49	0.42	0.39	0.28	0.36	0.32	0.31	0.32	0.37	0.00	0.27	0.29	0.23	0.30	0.33	0.31	0.29	0.33	0.30	0.28	0.33	0.32	0.30	0.31	0.42	0.42	0.59	0.59	0.88	1.27	1.84	1.84
139	767.36	2.06	2.06	1.41	0.95	0.69	0.63	0.46	0.55	0.46	0.43	0.36	0.36	0.43	0.54	0.46	0.44	0.35	0.39	0.37	0.35	0.40	0.40	0.00	0.32	0.34	0.26	0.32	0.35	0.35	0.33	0.40	0.37	0.30	0.36	0.34	0.35	0.32	0.41	0.45	0.61	0.56	0.91	1.34	1.94	1.94
140	770.69	2.02	2.02	1.50	1.01	0.67	0.66	0.54	0.54	0.49	0.48	0.35	0.41	0.47	0.56	0.52	0.44	0.35	0.42	0.38	0.35	0.40	0.45	0.00	0.34	0.38	0.29	0.35	0.38	0.37	0.38	0.40	0.38	0.32	0.40	0.37	0.42	0.36	0.50	0.48	0.63	0.63	0.91	1.28	1.98	1.98
141	774.01	2.27	2.27	1.56	0.97	0.68	0.70	0.52	0.57	0.52	0.54	0.39	0.41	0.46	0.64	0.50	0.52	0.38	0.47	0.42	0.37	0.46	0.50	0.00	0.37	0.40	0.32	0.41	0.40	0.40	0.40	0.45	0.45	0.36	0.46	0.40	0.42	0.38	0.53	0.59	0.66	0.62	1.04	1.37	2.04	2.04
142	777.34	2.06	2.06	1.43	0.96	0.69	0.67	0.52	0.54	0.53	0.48	0.40	0.41	0.47	0.66	0.54	0.51	0.39	0.46	0.41	0.34	0.42	0.50	0.00	0.35	0.38	0.26	0.43	0.37	0.37	0.40	0.42	0.39	0.37	0.43	0.37	0.40	0.34	0.50	0.56	0.70	0.64	0.94	1.36	2.12	2.12
143	780.67	2.06	2.06	1.52	0.95	0.77	0.70	0.56	0.58	0.49	0.50	0.39	0.43	0.47	0.65	0.59	0.56	0.39	0.45	0.39	0.37	0.45	0.46	0.00	0.38	0.38	0.31	0.37	0.39	0.40	0.38	0.46	0.45	0.38	0.41	0.40	0.44	0.36	0.48	0.50	0.70	0.70	1.03	1.41	2.18	2.18
144	783.99	2.39	2.39	1.43	0.91	0.76	0.69	0.55	0.56	0.50	0.49	0.36	0.43	0.46	0.59	0.53	0.52	0.37	0.43	0.41	0.35	0.47	0.45	0.00	0.37	0.39	0.30	0.38	0.40	0.43	0.41	0.45	0.41	0.37	0.41	0.37	0.40	0.38	0.47	0.56	0.68	0.59	0.90	1.48	2.00	2.00
145	787.31	2.11	2.11	1.42	0.95	0.65	0.66	0.51	0.57	0.55	0.48	0.42	0.43	0.47	0.59	0.50	0.49	0.36	0.47	0.39	0.37	0.42	0.44	0.00	0.35	0.41	0.31	0.40	0.42	0.41	0.38	0.45	0.41	0.37	0.40	0.42	0.43	0.37	0.51	0.55	0.65	0.63	1.06	1.36	2.28	2.28
146	790.64	2.13	2.13	1.50	0.90	0.61	0.67	0.50	0.58	0.56	0.48	0.37	0.40	0.47	0.64	0.51	0.53	0.37	0.48	0.37	0.36	0.40	0.46	0.00	0.34	0.37	0.29	0.41	0.37	0.38	0.40	0.43	0.39	0.35	0.39	0.38	0.38	0.39	0.48	0.47	0.66	0.60	0.88	1.28	1.96	1.96
147	793.96	2.10	2.10	1.17	0.97	0.63	0.57	0.43	0.55	0.46	0.46	0.34	0.38	0.42	0.54	0.50	0.48	0.36	0.43	0.36	0.34	0.44	0.43	0.00	0.29	0.37	0.24	0.33	0.36	0.35	0.34	0.34	0.34	0.30	0.39	0.34	0.37	0.36	0.45	0.47	0.61	0.68	0.90	1.41	1.67	1.67
148	797.28	2.05	2.05	1.32	0.84	0.67	0.66	0.52	0.52	0.51	0.49	0.38	0.37	0.48	0.59	0.56	0.51	0.37	0.43	0.37	0.37	0.45	0.44	0.00	0.36	0.38	0.31	0.37	0.41	0.38	0.37	0.42	0.40	0.35	0.39	0.38	0.42	0.37	0.48	0.56	0.64	0.68	1.03	1.31	1.93	1.93
149	800.60	2.16	2.16	1.40	0.93	0.70	0.68	0.48	0.56	0.45	0.45	0.37	0.39	0.46	0.52	0.47	0.50	0.37	0.39	0.34	0.34	0.43	0.42	0.00	0.30	0.35	0.27	0.36	0.37	0.38	0.35	0.39	0.39	0.35	0.41	0.36	0.38	0.40	0.48	0.54	0.65	0.62	0.95	1.43	2.10	2.10
150	803.92	2.13	2.13	1.46	0.93	0.62	0.57	0.51	0.56	0.50	0.46	0.37	0.38	0.45	0.56	0.51	0.46	0.35	0.45	0.35	0.33	0.39	0.37	0.00	0.32	0.37	0.26	0.35	0.38	0.37	0.35	0.42	0.35	0.34	0.37	0.35	0.41	0.35	0.48	0.53	0.72	0.58	0.96	1.21	1.75	1.75
151	807.24	2.18	2.18	1.33	0.90	0.71	0.65	0.48	0.53	0.50	0.53	0.42	0.39	0.45	0.59	0.51	0.49	0.38	0.44	0.37	0.38	0.45	0.45	0.00	0.34	0.41	0.30	0.38	0.40	0.36	0.40	0.42	0.41	0.32	0.40	0.38	0.42	0.37	0.52	0.55	0.73	0.71	0.84	1.25	2.12	2.12
152	810.56	2.25	2.25	1.36	1.00	0.72	0.70	0.50	0.49	0.54	0.49	0.37	0.47	0.45	0.60	0.58	0.53	0.36	0.43	0.41	0.37	0.46	0.50	0.00	0.38	0.39	0.32	0.38	0.39	0.39	0.39	0.40	0.42	0.36	0.44	0.39	0.40	0.39	0.47	0.55	0.68	0.74	1.00	1.46	2.15	2.15
153	813.87	1.82	1.82	1.42	1.03	0.63	0.63	0.51	0.48	0.45	0.48	0.37	0.37	0.42	0.55	0.54	0.51	0.34	0.40	0.36	0.33	0.42	0.47	0.00	0.31	0.38	0.26	0.36	0.37	0.37	0.38	0.42	0.42	0.35	0.36	0.35	0.38	0.37	0.52	0.56	0.65	0.63	0.91	1.24	2.12	2.12
154	817.19	1.81	1.81	1.35	1.04	0.64	0.62	0.48	0.47	0.44	0.39	0.33	0.34	0.40	0.50	0.44	0.39	0.32	0.37	0.31	0.29	0.36	0.35	0.00	0.29	0.32	0.25	0.30	0.32	0.29	0.30	0.34	0.33	0.27	0.32	0.31	0.34	0.35	0.45	0.49	0.64	0.59	0.94	1.31	1.94	1.94
155	820.50	1.83	1.83	1.33	0.95	0.63	0.58	0.45	0.41	0.34	0.35	0.30	0.29	0.32	0.38	0.34	0.32	0.24	0.27	0.22	0.23	0.25	0.29	0.00	0.22	0.24	0.18	0.22	0.23	0.22	0.24	0.25	0.23	0.21	0.26	0.26	0.29	0.30	0.42	0.44	0.58	0.59	0.89	1.30	1.88	1.88
156	823.82	1.85	1.85	1.32	0.94	0.66	0.59	0.46	0.42	0.32	0.33	0.26	0.28	0.29	0.34	0.31	0.26	0.20	0.24	0.21	0.19	0.23	0.24	0.00	0.19	0.22	0.17	0.19	0.23	0.20	0.21	0.22	0.22	0.18	0.26	0.24	0.27	0.29	0.39	0.43	0.58	0.56	0.92	1.32	1.84	1.84
157	827.13	1.82	1.82	1.34	0.93	0.65	0.57	0.43	0.43	0.35	0.35	0.28	0.28	0.30	0.38	0.36	0.31	0.24	0.28	0.24	0.23	0.26	0.28	0.00	0.22	0.27	0.18	0.24	0.24	0.22	0.25	0.26	0.24	0.21	0.30	0.28	0.30	0.30	0.42	0.45	0.60	0.54	0.85	1.32	1.86	1.86
158	830.44	1.85	1.85	1.37	0.97	0.64	0.58	0.44	0.46	0.39	0.38	0.31	0.32	0.36	0.42	0.39	0.36	0.28	0.33	0.27	0.26	0.31	0.33	0.00	0.26	0.29	0.23	0.28	0.30	0.28	0.27	0.29	0.30	0.25	0.32	0.29	0.33	0.31	0.42	0.46	0.60	0.57	0.88	1.27	1.91	1.91
159	833.76	1.98	1.98	1.29	0.91	0.65	0.58	0.47	0.46	0.38	0.40	0.31	0.35	0.36	0.46	0.42	0.40	0.26	0.37	0.30	0.28	0.35	0.39	0.00	0.25	0.30	0.21	0.30	0.29	0.26	0.27	0.34	0.32	0.25	0.32	0.31	0.33	0.29	0.43	0.47	0.64	0.58	0.89	1.20	1.88	1.88
160	837.07	1.87	1.87	1.35	0.92	0.70	0.59	0.47	0.49	0.39	0.39	0.34	0.34	0.37	0.48	0.44	0.43	0.31	0.35	0.31	0.28	0.37	0.37	0.00	0.27	0.35	0.23	0.31	0.33	0.30	0.30	0.34	0.33	0.29	0.35	0.33	0.35	0.34	0.42	0.47	0.60	0.61	0.94	1.32	1.86	1.86
161	840.37	1.93	1.93	1.35	0.90	0.78	0.66	0.50	0.49	0.46	0.46	0.34	0.36	0.41	0.56	0.53	0.50	0.33	0.42	0.36	0.35	0.42	0.44	0.00	0.31	0.36	0.29	0.37	0.36	0.35	0.35	0.40	0.39	0.30	0.42	0.38	0.39	0.37	0.43	0.50	0.64	0.61	1.04	1.30	1.99	1.99
162	843.68	1.99	1.99	1.63	1.00	0.80	0.62	0.52	0.53	0.52	0.53	0.43	0.46	0.49	0.64	0.54	0.51	0.39	0.43	0.40	0.38	0.44	0.49	0.00	0.35	0.41	0.31	0.43	0.44	0.37	0.41	0.45	0.43	0.34	0.46	0.39	0.49	0.41	0.47	0.55	0.66	0.63	1.01	1.26	2.24	2.24
163	846.99	2.22	2.22	1.48	1.07	0.67	0.68	0.50	0.69	0.51	0.50	0.39	0.50	0.54	0.65	0.58	0.56	0.43	0.48	0.45	0.38	0.49	0.53	0.00	0.40	0.47	0.37	0.44	0.46	0.42	0.43	0.48	0.44	0.38	0.44	0.46	0.53	0.43	0.58	0.57	0.76	0.72	1.16	1.45	2.47	2.47
164	850.29	2.15	2.15	1.66	1.31	0.86	0.86	0.56	0.62	0.63	0.59	0.42	0.54	0.52	0.70	0.73	0.65	0.53	0.56	0.44	0.46	0.51	0.60	0.00	0.43	0.50	0.40	0.47	0.57	0.46	0.54	0.50	0.48	0.46	0.57	0.49	0.49	0.45	0.58	0.64	0.83	0.84	1.23	1.62	2.33	2.33
165	853.60	2.39	2.39	1.63	1.46	1.03	0.72	0.70	0.75	0.61	0.62	0.39	0.49	0.58	0.68	0.62	0.64	0.48	0.51	0.48	0.41	0.50	0.57	0.00	0.42	0.50	0.37	0.48	0.47	0.47	0.43	0.50	0.46	0.48	0.48	0.40	0.49	0.39	0.64	0.61	0.84	0.91	1.28	1.88	2.66	2.66
166	856.90	2.67	2.67	1.54	1.34	0.72	0.75	0.62	0.60	0.62	0.73	0.49	0.50	0.59	0.63	0.66	0.65	0.48	0.43	0.46	0.46	0.63	0.51	0.00	0.45	0.50	0.38	0.52	0.51	0.48	0.51	0.56	0.53	0.48	0.47	0.55	0.51	0.53	0.55	0.64	0.79	0.73	0.86	1.51	3.26	3.26
167	860.21	2.51	2.51	1.58	1.09	0.98	0.79	0.69	0.55	0.49	0.54	0.46	0.44	0.55	0.73	0.63	0.64	0.45	0.53	0.50	0.45	0.52	0.51	0.00	0.46	0.43	0.39	0.45	0.42	0.47	0.38	0.48	0.52	0.47	0.41	0.48	0.55	0.49	0.60	0.62	0.83	0.81	1.30	1.75	2.83	2.83
168	863.51	2.65	2.65	1.34	1.13	1.06	0.73	0.50	0.62	0.53	0.63	0.43	0.48	0.45	0.62	0.56	0.59	0.38	0.41	0.39	0.39	0.43	0.46	0.00	0.35	0.43	0.36	0.39	0.53	0.40	0.46	0.46	0.50	0.42	0.46	0.44	0.40	0.41	0.48	0.51	0.61	0.76	1.03	1.57	2.97	2.97
169	866.81	2.26	2.26	1.86	1.04	0.82	0.60	0.58	0.60	0.59	0.52	0.43	0.44	0.48	0.58	0.53	0.54	0.46	0.38	0.46	0.39	0.46	0.45	0.00	0.35	0.36	0.32	0.39	0.43	0.36	0.35	0.39	0.45	0.38	0.43	0.44	0.47	0.41	0.55	0.54	0.64	0.86	1.00	1.54	2.55	2.55
170	870.11	2.30	2.30	1.30	0.96	0.75	0.66	0.61	0.52	0.43	0.51	0.38	0.44	0.43	0.64	0.49	0.61	0.37	0.40	0.41	0.36	0.46	0.48	0.00	0.35	0.43	0.33	0.41	0.40	0.37	0.41	0.46	0.40	0.41	0.46	0.40	0.49	0.44	0.53	0.69	0.70	0.81	1.05	1.31	2.46	2.46
171	873.41	1.82	1.82	1.44	1.08	0.79	0.65	0.48	0.57	0.41	0.42	0.36	0.34	0.44	0.52	0.55	0.49	0.38	0.41	0.35	0.35	0.43	0.39	0.00	0.32	0.36	0.30	0.38	0.38	0.36	0.34	0.42	0.41	0.39	0.41	0.41	0.48	0.44	0.50	0.56	0.72	0.64	0.94	1.43	2.14	2.14
172	876.70	1.99	1.99	1.23	0.89	0.78	0.59	0.43	0.44	0.40	0.38	0.29	0.31	0.34	0.44	0.38	0.37	0.29	0.27	0.27	0.27	0.31	0.33	0.00	0.22	0.27	0.21	0.22	0.26	0.25	0.24	0.31	0.30	0.23	0.30	0.28	0.31	0.31	0.44	0.43	0.58	0.61	0.98	1.26	1.89	1.89
173	880.00	1.84	1.84	1.23	0.92	0.65	0.54	0.44	0.41	0.33	0.33	0.29	0.27	0.29	0.35	0.33	0.30	0.21	0.25	0.21	0.19	0.25	0.25	0.00	0.19	0.24	0.17	0.22	0.25	0.22	0.23	0.23	0.21	0.20	0.27	0.28	0.29	0.31	0.39	0.41	0.56	0.65	0.96	1.26	1.84	1.84
174	883.29	1.76	1.76	1.21	0.88	0.68	0.53	0.42	0.43	0.31	0.33	0.29	0.28	0.33	0.35	0.32	0.29	0.20	0.27	0.19	0.21	0.27	0.26	0.00	0.20	0.24	0.18	0.23	0.23	0.20	0.23	0.25	0.23	0.23	0.26	0.27	0.30	0.32	0.41	0.43	0.60	0.63	0.82	1.22	1.96	1.96
175	886.59	1.79	1.79	1.28	0.94	0.67	0.54	0.45	0.45	0.38	0.33	0.29	0.30	0.35	0.37	0.34	0.33	0.27	0.29	0.26	0.23	0.32	0.28	0.00	0.23	0.26	0.20	0.26	0.26	0.24	0.27	0.26	0.26	0.24	0.29	0.28	0.36	0.34	0.41	0.49	0.57	0.60	0.89	1.23	1.80	1.80
176	889.88	1.88	1.88	1.33	0.92	0.75	0.62	0.47	0.48	0.33	0.41	0.32	0.35	0.38	0.44	0.39	0.37	0.29	0.36	0.25	0.27	0.33	0.34	0.00	0.23	0.27	0.23	0.27	0.31	0.27	0.28	0.29	0.29	0.23	0.32	0.30	0.36	0.33	0.40	0.50	0.61	0.67	0.78	1.28	1.97	1.97
177	893.17	1.70	1.70	1.31	0.89	0.71	0.54	0.44	0.43	0.34	0.34	0.29	0.32	0.29	0.41	0.37	0.35	0.26	0.30	0.26	0.25	0.29	0.33	0.00	0.22	0.27	0.19	0.21	0.26	0.23	0.25	0.28	0.24	0.24	0.32	0.32	0.30	0.35	0.41	0.40	0.54	0.65	0.93	1.29	1.64	1.64
178	896.46	1.95	1.95	1.28	1.02	0.69	0.56	0.47	0.42	0.35	0.34	0.28	0.29	0.34	0.41	0.35	0.30	0.23	0.30	0.24	0.27	0.28	0.28	0.00	0.21	0.26	0.19	0.25	0.26	0.22	0.23	0.29	0.24	0.20	0.32	0.28	0.29	0.36	0.38	0.49	0.62	0.63	1.03	1.27	1.86	1.86
179	899.75	1.94	1.94	1.35	0.91	0.67	0.58	0.49	0.45	0.41	0.33	0.32	0.33	0.34	0.41	0.43	0.38	0.27	0.32	0.26	0.29	0.29	0.39	0.00	0.25	0.28	0.20	0.25	0.30	0.26	0.29	0.28	0.31	0.25	0.36	0.30	0.35	0.34	0.46	0.50	0.63	0.64	0.84	1.31	1.74	1.74
180	903.03	1.89	1.89	1.30	0.89	0.69	0.58	0.51	0.49	0.37	0.34	0.34	0.33	0.32	0.41	0.37	0.34	0.30	0.33	0.30	0.27	0.35	0.34	0.00	0.24	0.30	0.24	0.26	0.29	0.25	0.28	0.31	0.28	0.25	0.34	0.35	0.33	0.34	0.45	0.51	0.66	0.70	0.94	1.32	1.58	1.58
181	906.32	1.73	1.73	1.30	0.84	0.68	0.57	0.49	0.50	0.38	0.40	0.33	0.31	0.39	0.47	0.43	0.39	0.27	0.32	0.28	0.26	0.31	0.37	0.00	0.26	0.31	0.24	0.28	0.30	0.24	0.33	0.29	0.28	0.22	0.38	0.29	0.34	0.39	0.42	0.47	0.69	0.66	0.95	1.35	1.77	1.77
182	909.61	2.13	2.13	1.18	0.99	0.80	0.64	0.52	0.55	0.42	0.45	0.36	0.39	0.41	0.51	0.47	0.43	0.32	0.41	0.30	0.33	0.40	0.38	0.00	0.30	0.35	0.25	0.30	0.35	0.31	0.30	0.36	0.32	0.29	0.37	0.33	0.38	0.39	0.45	0.51	0.60	0.72	1.11	1.44	1.72	1.72
183	912.89	1.66	1.66	1.24	1.01	0.63	0.65	0.53	0.45	0.40	0.41	0.32	0.31	0.32	0.39	0.37	0.34	0.30	0.29	0.25	0.24	0.28	0.30	0.00	0.27	0.28	0.20	0.25	0.31	0.26	0.29	0.28	0.28	0.24	0.31	0.32	0.35	0.35	0.48	0.55	0.69	0.62	1.10	1.31	2.13	2.13
184	916.17	1.79	1.79	1.18	0.86	0.69	0.54	0.41	0.46	0.44	0.34	0.31	0.29	0.30	0.41	0.31	0.30	0.25	0.30	0.22	0.25	0.26	0.25	0.00	0.23	0.29	0.23	0.24	0.28	0.24	0.26	0.25	0.28	0.20	0.33	0.30	0.31	0.39	0.42	0.49	0.65	0.68	0.86	1.27	2.25	2.25
185	919.45	1.83	1.83	1.28	0.81	0.67	0.60	0.49	0.54	0.36	0.39	0.30	0.30	0.36	0.37	0.36	0.33	0.25	0.30	0.25	0.27	0.29	0.28	0.00	0.26	0.31	0.22	0.28	0.30	0.24	0.30	0.29	0.24	0.24	0.37	0.35	0.32	0.40	0.49	0.50	0.68	0.68	0.99	1.50	2.09	2.09
186	922.73	2.42	2.42	1.40	0.93	0.61	0.69	0.58	0.58	0.42	0.48	0.32	0.40	0.44	0.52	0.49	0.43	0.34	0.34	0.33	0.32	0.37	0.46	0.00	0.29	0.31	0.27	0.28	0.33	0.32	0.34	0.36	0.36	0.36	0.39	0.41	0.44	0.35	0.48	0.47	0.72	0.79	1.04	1.20	2.50	2.50
187	926.01	2.46	2.46	1.70	1.04	0.76	0.69	0.51	0.65	0.51	0.49	0.46	0.50	0.44	0.49	0.56	0.55	0.39	0.45	0.38	0.35	0.38	0.44	0.00	0.37	0.41	0.36	0.47	0.37	0.40	0.46	0.34	0.43	0.38	0.45	0.37	0.44	0.48	0.58	0.80	0.91	0.85	1.12	1.68	2.64	2.64
188	929.29	2.73	2.73	1.51	1.04	0.93	0.84	0.59	0.72	0.57	0.67	0.61	0.55	0.57	0.61	0.60	0.55	0.51	0.48	0.49	0.45	0.47	0.45	0.00	0.41	0.55	0.41	0.44	0.52	0.43	0.49	0.54	0.59	0.41	0.57	0.40	0.60	0.53	0.56	0.60	0.81	0.95	1.42	1.79	2.88	2.88
189	932.56	2.64	2.64	1.77	1.34	0.97	0.74	0.63	0.61	0.45	0.49	0.38	0.41	0.48	0.46	0.49	0.49	0.33	0.36	0.41	0.36	0.38	0.45	0.00	0.39	0.37	0.36	0.39	0.41	0.43	0.40	0.32	0.42	0.46	0.42	0.44	0.45	0.50	0.67	0.74	0.76	0.75	1.13	1.56	2.43	2.43
190	935.84	1.73	1.73	1.69	1.06	0.73	0.70	0.64	0.45	0.47	0.35	0.36	0.33	0.39	0.44	0.42	0.39	0.31	0.34	0.32	0.30	0.40	0.39	0.00	0.30	0.36	0.29	0.24	0.35	0.31	0.31	0.31	0.37	0.27	0.31	0.36	0.35	0.46	0.58	0.49	0.66	0.77	0.90	1.31	2.28	2.28
191	939.11	2.54	2.54	1.45	1.05	0.70	0.77	0.54	0.52	0.46	0.44	0.39	0.39	0.45	0.47	0.41	0.36	0.31	0.39	0.31	0.27	0.29	0.35	0.00	0.31	0.33	0.28	0.35	0.31	0.32	0.35	0.40	0.37	0.34	0.39	0.38	0.38	0.52	0.58	0.59	0.85	0.60	1.20	1.28	2.90	2.90
192	942.38	2.51	2.51	1.51	1.12	0.73	0.71	0.72	0.57	0.42	0.40	0.33	0.30	0.31	0.40	0.37	0.41	0.26	0.34	0.28	0.32	0.36	0.32	0.00	0.32	0.39	0.28	0.31	0.34	0.29	0.35	0.36	0.31	0.30	0.39	0.39	0.43	0.37	0.53	0.43	0.72	0.77	1.06	1.25	2.21	2.21
193	945.65	2.30	2.30	1.53	0.91	0.75	0.55	0.44	0.34	0.37	0.36	0.37	0.45	0.37	0.37	0.43	0.42	0.37	0.33	0.32	0.31	0.41	0.46	0.00	0.26	0.33	0.25	0.21	0.31	0.26	0.33	0.31	0.33	0.39	0.38	0.37	0.39	0.41	0.49	0.60	0.77	0.60	1.07	1.55	2.49	2.49
194	948.92	2.78	2.78	1.83	0.96	0.94	0.65	0.52	0.62	0.37	0.54	0.34	0.41	0.44	0.38	0.47	0.47	0.38	0.38	0.32	0.35	0.45	0.38	0.00	0.32	0.35	0.29	0.35	0.39	0.35	0.36	0.44	0.43	0.39	0.41	0.41	0.40	0.46	0.61	0.53	0.79	0.76	1.11	1.51	2.96	2.96
195	952.19	2.67	2.67	1.93	1.25	0.87	0.72	0.70	0.69	0.62	0.56	0.47	0.46	0.51	0.53	0.52	0.43	0.39	0.41	0.38	0.38	0.39	0.45	0.00	0.38	0.43	0.37	0.41	0.42	0.43	0.40	0.42	0.44	0.48	0.45	0.46	0.51	0.39	0.53	0.59	0.68	0.69	1.35	1.41	2.66	2.66
196	955.45	2.68	2.68	1.72	1.25	1.15	1.02	0.71	0.79	0.53	0.63	0.39	0.53	0.49	0.51	0.63	0.48	0.39	0.51	0.45	0.39	0.51	0.62	0.00	0.43	0.46	0.37	0.47	0.41	0.46	0.39	0.45	0.38	0.48	0.46	0.39	0.47	0.44	0.57	0.69	0.86	0.96	1.18	1.80	3.03	3.03
197	958.72	3.20	3.20	2.21	1.57	1.26	1.14	0.76	0.74	0.77	0.58	0.50	0.44	0.58	0.64	0.63	0.81	0.56	0.48	0.51	0.48	0.57	0.49	0.00	0.55	0.49	0.58	0.45	0.53	0.52	0.58	0.44	0.65	0.64	0.46	0.50	0.61	0.59	0.70	0.54	1.40	1.23	1.53	2.59	3.06	3.06
198	961.98	3.80	3.80	2.11	1.26	1.09	1.10	0.85	0.91	0.96	0.77	0.76	0.80	0.68	0.75	0.75	0.96	0.76	0.80	0.64	0.61	0.89	0.70	0.00	0.69	0.67	0.62	0.65	0.70	0.64	0.67	0.82	0.72	0.62	0.70	0.75	0.64	0.91	0.86	0.99	0.97	1.75	2.02	2.18	4.45	4.45
199	965.24	3.51	3.51	3.50	1.81	1.29	1.02	0.98	0.93	0.95	0.79	0.62	0.75	0.77	0.72	0.66	0.78	0.69	0.68	0.63	0.65	0.61	0.73	0.00	0.60	0.58	0.59	0.57	0.72	0.70	0.59	0.77	0.70	0.76	0.83	0.76	0.85	0.83	1.02	0.95	0.95	1.53	1.69	2.05	5.71	5.71
200	968.50	3.58	3.58	1.71	2.31	1.42	1.03	0.93	1.00	0.79	0.90	0.68	0.65	0.67	0.83	0.69	0.85	0.67	0.70	0.73	0.68	0.64	0.72	0.00	0.51	0.69	0.60	0.60	0.83	0.71	0.59	0.78	0.72	0.84	0.79	0.68	0.62	0.68	0.78	0.89	1.15	1.18	1.67	3.09	6.05	6.05
201	971.76	3.27	3.27	2.06	1.85	1.24	0.76	0.60	0.66	0.64	0.58	0.60	0.52	0.46	0.57	0.49	0.57	0.54	0.53	0.47	0.46	0.66	0.59	0.00	0.42	0.44	0.55	0.53	0.43	0.47	0.49	0.44	0.61	0.58	0.65	0.55	0.54	0.74	0.57	0.55	0.80	1.05	1.63	1.42	2.93	2.93
202	975.02	2.94	2.94	2.35	1.41	0.96	1.07	0.64	0.68	0.64	0.57	0.51	0.45	0.55	0.57	0.54	0.57	0.42	0.44	0.48	0.52	0.61	0.50	0.00	0.44	0.43	0.34	0.53	0.40	0.34	0.44	0.39	0.50	0.39	0.52	0.62	0.60	0.54	0.48	0.66	0.89	1.04	1.06	1.94	3.33	3.33
203	978.27	2.97	2.97	1.66	1.36	1.17	0.95	0.78	0.69	0.53	0.79	0.59	0.46	0.59	0.61	0.45	0.52	0.45	0.48	0.47	0.51	0.49	0.53	0.00	0.50	0.62	0.50	0.48	0.54	0.45	0.40	0.57	0.53	0.46	0.57	0.57	0.54	0.60	0.71	0.72	0.89	0.97	1.35	1.31	4.08	4.08
204	981.52	3.28	3.28	1.83	1.39	1.20	1.02	0.71	0.70	0.59	0.45	0.54	0.45	0.45	0.48	0.48	0.46	0.45	0.45	0.43	0.41	0.50	0.44	0.00	0.40	0.39	0.43	0.40	0.45	0.45	0.46	0.41	0.43	0.55	0.50	0.47	0.52	0.53	0.55	0.55	0.72	0.96	1.15	2.06	3.71	3.71
205	984.78	3.72	3.72	1.84	1.70	1.23	0.77	0.90	0.71	0.65	0.72	0.48	0.57	0.66	0.68	0.60	0.71	0.55	0.55	0.54	0.51	0.51	0.51	0.00	0.46	0.63	0.47	0.61	0.50	0.55	0.51	0.47	0.57	0.65	0.62	0.54	0.70	0.62	0.78	0.82	1.15	1.05	1.64	2.31	3.53	3.53
206	988.03	3.85	3.85	2.45	1.64	1.21	0.99	0.89	0.93	0.80	0.74	0.64	0.55	0.57	0.52	0.61	0.58	0.57	0.54	0.57	0.48	0.47	0.51	0.00	0.49	0.57	0.59	0.61	0.72	0.54	0.46	0.62	0.61	0.58	0.54	0.59	0.62	0.66	0.88	0.80	1.03	0.98	2.03	1.78	3.79	3.79
207	991.28	4.11	4.11	2.25	1.37	1.09	0.97	1.05	0.75	0.62	0.61	0.55	0.68	0.49	0.52	0.60	0.44	0.46	0.45	0.53	0.47	0.43	0.51	0.00	0.41	0.51	0.48	0.52	0.50	0.47	0.44	0.40	0.44	0.55	0.54	0.46	0.61	0.58	0.82	0.86	0.98	0.72	1.23	2.15	5.25	5.25
208	994.52	3.57	3.57	2.62	1.36	1.33	1.07	0.85	0.81	0.71	0.73	0.53	0.46	0.58	0.57	0.57	0.52	0.60	0.54	0.57	0.57	0.61	0.52	0.00	0.46	0.55	0.58	0.55	0.61	0.50	0.54	0.50	0.57	0.61	0.59	0.58	0.75	0.75	0.73	0.78	1.05	0.95	1.38	2.46	3.52	3.52
209	997.77	5.12	5.12	2.69	2.38	1.65	0.97	1.20	0.86	0.74	1.03	0.74	0.69	0.67	0.71	0.78	0.74	0.76	0.63	0.55	0.60	0.68	0.79	0.00	0.67	0.63	0.65	0.77	0.60	0.58	0.73	0.64	0.81	0.64	0.76	0.67	0.61	0.84	0.89	1.00	1.18	1.22	1.70	3.09	4.83	4.83
210	1001.01	7.60	7.60	4.92	3.08	2.15	1.62	1.72	1.84	1.53	1.44	1.54	1.32	1.13	1.25	1.18	1.09	1.18	1.16	1.11	1.13	1.11	1.07	0.01	0.98	1.20	1.05	1.04	1.15	1.19	1.06	1.05	1.12	1.14	1.18	1.19	1.28	1.42	1.28	1.47	1.71	2.06	2.50	5.03	7.69	7.69
211	1004.26	8.30	8.30	4.05	3.82	2.04	1.99	1.56	1.57	1.45	1.27	1.52	1.53	1.17	1.27	1.16	1.12	1.18	1.35	1.23	1.15	1.20	1.12	0.01	1.11	1.09	1.04	1.35	1.23	1.26	1.15	1.17	1.04	1.37	1.20	1.30	1.29	1.81	1.64	1.81	2.10	2.62	2.71	4.52	11.62	11.62
212	1007.50	8.75	8.75	5.21	3.47	2.96	2.13	2.12	1.52	1.61	1.58	1.49	1.25	1.36	1.32	1.24	1.26	1.19	1.18	1.09	1.17	1.41	1.29	0.01	1.25	1.32	1.38	1.25	1.13	1.32	1.20	1.31	1.28	1.29	1.65	1.59	1.48	1.38	1.61	1.84	2.43	3.35	4.11	4.51	9.80	9.80
213	1010.74	11.25	11.25	4.56	3.06	2.53	2.34	1.67	1.55	1.07	1.50	1.18	1.16	1.08	1.09	1.11	1.30	0.94	0.98	1.26	1.23	1.15	1.33	0.01	1.25	1.30	1.13	1.22	1.21	1.09	1.19	1.04	1.20	1.00	1.15	1.33	1.23	1.53	1.51	1.31	2.33	3.11	3.27	6.10	8.24	8.24
214	1013.98	12.69	12.69	5.08	2.91	2.65	2.43	2.31	1.76	1.44	1.31	1.29	1.15	1.11	1.45	1.31	1.47	1.36	1.46	1.30	1.31	1.27	1.22	0.01	1.02	1.22	1.31	1.48	1.13	1.27	1.32	1.39	1.34	1.24	1.46	1.83	1.32	2.24	1.68	2.21	2.32	2.70	3.04	6.77	12.58	12.58
215	1017.21	15.07	15.07	8.73	5.14	3.94	3.47	3.24	2.44	2.20	2.43	1.94	2.06	1.67	1.94	1.76	2.12	1.65	2.00	1.52	1.80	2.00	1.92	0.01	2.42	1.64	1.45	1.63	1.58	1.85	2.05	1.90	1.86	2.00	2.47	1.85	2.68	1.84	2.87	3.10	2.10	4.37	4.42	8.04	15.18	15.18
216	1020.45	21.30	21.30	9.87	6.90	5.08	3.28	3.82	2.73	3.25	2.92	3.43	2.85	2.09	2.58	2.44	2.49	1.97	2.47	2.43	2.11	1.73	2.24	0.01	2.18	2.58	2.46	2.56	2.41	2.37	2.13	2.22	2.05	2.45	2.36	3.08	2.54	3.39	3.14	4.00	4.47	4.38	6.87	10.14	17.34	17.34
217	1023.68	31.74	31.74	11.12	9.75	5.85	5.84	5.84	5.00	5.58	4.46	4.84	3.13	3.09	3.78	5.66	4.00	3.50	3.97	3.85	4.40	3.75	4.38	0.02	3.09	3.33	3.45	3.40	4.34	3.58	3.30	3.34	3.45	4.37	3.50	3.60	3.91	4.47	4.72	5.49	4.46	7.55	7.95	15.07	22.23	22.23
218	1026.91	34.34	34.34	23.21	13.23	7.63	8.58	6.30	5.73	5.32	6.12	3.81	4.08	4.12	3.99	4.05	4.07	4.50	4.14	4.07	4.96	4.66	4.31	0.03	4.13	4.28	4.47	3.56	3.89	4.04	3.95	4.45	4.49	4.82	5.01	5.03	6.20	5.74	7.16	6.42	9.56	11.49	13.02	15.09	33.31	33.31
219	1030.14	38.68	38.68	19.20	14.33	12.16	7.68	5.56	5.31	4.78	4.54	5.02	3.54	3.89	3.14	4.17	4.12	3.72	4.29	3.77	3.94	3.52	3.71	0.01	3.01	3.64	4.33	4.14	4.31	4.69	3.69	3.04	4.41	4.47	3.75	5.00	4.80	6.42	5.34	6.10	7.48	10.88	13.68	20.51	44.86	44.86
220	1033.37	40.37	40.37	19.35	13.11	11.77	9.84	9.31	6.83	7.10	6.03	6.20	5.22	5.96	5.70	5.12	6.79	5.02	6.20	5.02	6.07	5.03	4.50	0.03	6.16	6.77	5.31	5.24	5.29	4.99	5.43	6.04	5.29	6.44	6.77	5.23	6.34	6.34	7.79	10.96	9.84	13.22	13.28	24.26	42.76	42.76
221	1036.59	49.89	49.89	32.82	19.24	15.53	12.88	11.25	8.05	8.39	8.83	8.29	6.42	7.62	6.68	6.77	7.67	6.10	7.39	7.75	8.11	6.12	7.02	0.04	6.16	5.19	6.48	5.97	6.89	7.54	7.39	7.49	7.49	8.04	6.02	5.83	7.48	7.57	12.45	12.85	14.25	13.99	12.33	31.90	63.23	63.23
222	1039.82	68.35	68.35	39.37	20.89	18.33	18.15	10.96	13.53	10.52	11.76	9.70	12.88	9.60	9.15	7.80	8.45	8.69	8.56	8.39	8.50	9.95	9.25	0.06	10.38	8.33	8.45	9.43	9.71	7.49	11.00	9.25	9.54	9.67	9.50	9.80	11.53	12.89	11.38	14.09	16.83	16.98	25.71	40.08	72.81	72.81
223	1043.04	77.86	77.86	37.17	26.90	25.52	15.60	17.77	14.28	14.15	10.50	12.08	12.20	9.25	7.87	11.42	11.75	10.28	9.77	11.68	11.51	8.37	8.38	0.05	10.81	11.35	11.33	11.13	9.15	10.77	11.73	10.05	9.65	9.41	11.04	9.66	12.66	12.75	14.17	15.61	16.91	26.13	25.42	31.85	104.94	104.94
224	1046.26	100.51	100.51	46.06	32.03	23.84	19.53	19.23	19.10	14.28	15.84	17.16	13.38	16.03	13.36	11.98	13.39	13.32	14.11	13.81	14.00	14.03	14.41	0.10	13.25	13.34	14.60	13.07	14.06	13.31	13.17	12.43	14.39	16.06	15.24	16.88	14.97	18.38	17.35	17.76	25.30	21.59	34.42	44.55	74.16	74.16
225	1049.48	111.13	111.13	81.24	27.64	24.23	24.56	26.13	17.90	21.54	18.81	15.67	16.23	12.35	15.54	15.46	11.88	14.21	13.16	16.44	16.13	14.21	18.52	0.10	18.89	15.15	14.82	14.24	13.56	17.17	19.78	15.77	13.33	13.07	14.02	15.69	16.06	18.41	20.85	25.17	28.85	26.17	46.48	67.30	87.64	87.64
226	1052.70	153.10	153.10	74.52	46.47	40.17	34.62	22.97	20.25	21.50	20.97	17.64	17.97	13.87	18.89	17.80	15.11	14.84	19.31	19.65	16.83	17.97	19.87	0.09	17.04	19.06	16.69	14.92	13.69	19.51	14.83	15.12	14.85	16.18	17.88	17.89	11.93	16.40	23.56	28.91	27.26	34.04	47.01	62.56	148.46	148.46
227	1055.91	143.44	143.44	94.06	64.35	38.60	43.47	27.16	31.96	28.47	24.06	22.52	16.75	22.27	16.52	18.65	17.24	15.92	15.82	19.33	17.58	18.23	20.36	0.09	17.91	18.59	17.76	17.04	18.23	16.92	22.45	16.47	19.17	20.39	21.02	21.75	19.45	22.23	25.22	27.23	31.38	44.70	49.02	63.08	155.87	155.87
228	1059.13	178.74	178.74	88.51	86.89	53.00	44.45	48.95	39.53	29.79	34.80	32.53	29.23	28.93	31.92	34.41	28.39	31.84	26.56	28.03	26.78	31.07	29.68	0.21	33.84	28.28	31.97	30.54	32.32	30.16	31.94	37.93	31.29	29.77	34.70	30.28	38.61	42.71	38.33	48.67	45.22	41.79	65.32	114.12	179.64	179.64
229	1062.34	179.88	179.88	159.82	79.27	79.25	70.92	60.39	40.14	45.59	42.39	41.13	34.71	36.20	37.54	37.68	32.86	36.31	34.41	34.83	36.80	30.09	38.86	0.24	35.90	33.19	31.80	37.53	32.68	33.98	34.53	38.20	40.32	38.18	36.82	39.30	44.52	42.39	63.29	57.41	70.57	76.98	83.63	163.66	249.44	249.44
230	1065.55	351.87	351.87	170.87	154.21	99.24	74.94	67.89	47.26	62.23	50.92	49.87	44.98	49.64	55.97	46.33	46.91	42.54	44.91	47.17	46.76	48.56	49.11	0.31	40.08	56.42	41.56	44.46	52.45	38.81	48.81	41.35	55.16	53.79	46.36	49.80	56.36	52.23	62.03	73.90	70.71	93.21	135.66	200.09	309.05	309.05
231	1068.75	483.55	483.55	191.41	152.23	119.44	76.77	77.62	67.95	67.12	64.36	61.85	60.64	64.79	51.47	59.81	66.56	57.77	62.27	53.90	62.97	58.28	46.96	0.36	59.37	49.89	57.02	49.91	58.33	53.94	67.96	56.31	52.66	58.87	58.11	61.27	48.24	72.00	76.47	81.23	95.60	110.66	156.21	241.61	405.00	405.00
232	1071.96	585.04	585.04	313.61	209.19	138.28	149.16	108.50	80.17	80.09	89.47	79.31	71.47	74.46	61.11	62.24	89.69	68.55	77.73	67.84	68.09	65.58	73.52	0.48	67.57	84.91	60.41	65.53	56.15	63.17	69.52	67.84	56.23	74.84	79.16	79.23	82.95	86.20	79.77	103.47	151.65	162.70	243.51	400.20	824.61	824.61
233	1075.17	681.66	681.66	369.47	224.51	242.33	171.42	132.20	136.44	130.61	103.91	97.82	110.10	72.16	100.12	91.31	99.69	93.19	82.55	87.27	95.52	73.65	91.29	0.53	74.96	92.67	88.17	84.93	95.67	75.83	76.30	74.00	92.49	102.31	99.60	102.13	128.44	135.20	127.33	128.36	149.62	200.22	270.51	298.89	588.33	588.33
234	1078.37	1214.07	1214.07	628.50	288.59	336.90	167.59	206.01	187.34	150.56	160.74	187.61	145.16	88.18	96.03	130.30	103.62	96.97	127.09	112.93	90.58	128.12	115.94	0.70	100.90	139.76	94.82	116.13	123.05	87.86	117.38	100.55	116.04	89.10	103.28	116.21	141.28	123.81	156.27	158.38	241.19	174.31	303.10	397.81	1027.15	1027.15
235	1081.57	1180.83	1180.83	972.50	578.69	551.97	413.78	373.65	316.34	269.59	280.08	221.23	194.09	232.36	182.10	218.22	162.27	184.49	220.16	188.17	159.14	164.65	163.98	1.14	140.99	193.79	138.18	190.72	187.19	164.10	168.60	160.66	149.54	167.82	178.48	186.97	192.09	185.63	209.54	233.18	230.89	351.60	340.22	459.22	1484.62	1484.62
236	1084.77	1748.19	1748.19	1190.96	580.14	550.89	443.59	431.80	286.91	366.42	221.17	200.97	230.93	177.83	199.66	185.25	232.65	173.26	225.33	260.43	220.89	205.14	209.89	1.41	207.74	248.63	174.94	167.32	168.00	234.56	243.06	246.91	237.59	233.88	210.77	229.16	255.37	206.53	257.40	496.00	446.96	485.87	691.53	912.23	1277.66	1277.66
237	1087.96	3072.18	3072.18	1286.76	878.67	578.82	432.30	343.70	427.56	358.70	357.69	276.13	312.58	257.54	239.30	222.70	261.43	341.26	301.70	269.41	292.30	206.79	204.41	1.47	334.00	285.53	249.60	324.52	286.83	334.08	301.84	282.09	200.48	302.18	325.43	349.46	321.21	511.12	473.82	506.97	632.75	556.80	798.10	1391.40	3924.68	3924.68
238	1091.16	9711.67	9711.67	3301.11	21036.23	3725.24	2622.11	2721.28	2082.32	1165.40	2267.19	2012.39	1391.36	1801.70	1245.71	4019.60	3862.39	4161.04	3367.22	4255.93	3964.66	5416.07	3843.25	12.51	4316.27	5202.33	5366.63	3283.18	5354.93	4788.49	5642.88	3478.37	1778.89	2347.20	3133.84	3113.23	4647.80	1809.74	2462.00	5686.99	7161.08	18344.83	204348.73	23014.76	21415.49	21415.49
239	1094.35	3448.46	3448.46	4762.88	1634.30	1726.83	4458.25	2144.18	1731.04	2215.58	899.54	3036.91	2828.39	2274.88	3233.32	1086.72	4711.61	3425.58	15775.84	6428.74	20766.09	4897.92	3668.33	9.90	3209.03	13566.37	118137.27	12207.56	3932.86	2674.72	4502.99	1752.25	976.84	2793.08	1302.10	1664.79	844.82	1211.33	872.11	944.91	1428.67	1708.27	1174.88	3038.33	4056.52	4056.52
240	1097.54	14375.95	14375.95	31216.83	4289.55	31196.70	8332.49	35328.18	94692.99	668004.79	4152.91	8001.52	2904.20	2716.75	1213.47	1727.03	1442.61	1571.99	1711.20	1050.21	842.07	929.40	2135.77	7.53	2556.84	483.77	2154.88	580.68	1713.21	3607.94	1942.40	3044.76	2698.53	1277.84	1799.28	3860.18	3252.01	3867.89	16065.06	14276.18	13724.23	155483.08	40456.06	221289.64	33062.77	33062.77
241	1100.73	7549.23	7549.23	3582.85	1901.87	2177.63	1747.21	1395.18	2153.23	2458.30	1179.39	3070.48	2340.77	34576.56	15008.80	3829.67	1880.24	2547.35	1749.52	1409.75	2366.96	1076.03	678.01	4.27	1252.55	1454.82	845.19	966.16	787.03	1846.24	3621.42	6080.29	14110.24	17779.28	2866.36	1537.62	1551.88	2639.85	1821.46	2064.84	2186.57	1873.82	6247.54	6091.10	24930.93	24930.93
242	1103.92	40344.16	40344.16	9762.29	10885.29	9900.87	4050.23	4117.66	3289.89	8265.02	7976.98	10529.42	38236.96	8824.76	3682.49	4779.54	1711.57	2580.29	1327.18	1339.59	1354.19	1789.40	1509.54	4.92	1441.26	1808.05	924.10	3567.56	4965.87	5143.84	2695.67	1499.59	865.12	1996.04	4922.67	1915.25	3407.72	1480.81	1097.11	3177.25	2761.63	1982.10	1958.35	8183.44	16316.17	16316.17
243	1107.10	102623.52	102623.52	32125.74	9224.26	9001.00	3343.01	3026.66	1838.85	4864.75	1752.42	1314.41	1632.37	1578.50	890.00	3085.61	3790.54	4214.57	5068.24	4384.58	2470.85	2942.18	2542.79	8.50	1073.35	4384.63	2039.92	3136.98	959.01	2495.04	1673.74	3466.26	2513.87	1232.11	1324.50	2453.76	3107.94	2210.29	6211.51	3283.23	3351.35	5601.67	9089.97	8193.31	22720.33	22720.33
244	1110.28	27567.86	27567.86	55712.44	17937.54	20308.51	33745.46	22563.68	13899.21	93767.02	18391.39	12041.84	50184.10	30338.39	5238.52	27420.11	40364.71	13946.15	9338.55	160347.91	3247703.75	30523.56	144604.33	32.15	77449.43	40915.78	1278417.83	159760.68	16744.74	46329.87	17304.83	29286.53	10192.55	34192.30	45494.15	33932.69	2805.84	29793.06	38461.53	9644.24	19057.62	25505.60	56149.00	44798.63	83227.30	83227.30
245	1113.46	93910.19	93910.19	38265.19	14559.62	9683.57	19822.85	7832.01	26556.48	45301.52	25573.36	263720.91	15630.82	25620.36	15118.38	16918.64	32020.38	31571.10	25011.74	34732.97	25008.07	68416.46	81593.59	92.78	47227.54	7120.12	24846.78	26763.59	21453.11	10997.45	13142.14	31667.90	25189.71	1828372.10	19644.70	35153.50	7447.87	19500.51	16851.24	4301.87	6438.80	57057.85	67376.01	128349.70	84561.21	84561.21
246	1116.64	16203.22	16203.22	4881.85	3206.75	3109.96	1852.83	1730.58	2279.36	1670.57	753.43	887.45	792.66	2312.31	1860.35	1473.52	6890.88	2979.06	2697.59	1562.01	2370.66	2603.59	1583.19	10.02	1951.49	2420.32	18267.81	13538.91	80180.36	20936.17	246605.26	12968.34	6819.62	6864.56	2020.45	4351.03	3777.60	5243.79	7120.00	8041.46	10091.18	5546.04	16387.68	34091.25	35460.56	35460.56
247	1119.82	55294.62	55294.62	392677.22	27327.67	5198.82	5330.90	3390.32	2806.77	3492.12	3408.71	76339.36	3509.32	1862.35	1964.10	1544.94	1247.77	1648.58	915.88	3238.82	2549.30	1473.05	5275.93	6.77	1691.24	11457.77	5681.87	4276.20	1400.87	2594.08	3447.80	2631.76	3831.50	10678.16	4876.34	3786.74	1646.03	1215.05	1631.12	1468.95	1161.49	2382.78	2846.32	2336.42	7509.96	7509.96
248	1122.99	21362.79	21362.79	19286.62	11418.56	4412.83	1711.11	3132.22	10983.05	2665.52	3095.92	3068.42	6993.58	4091.48	2161.31	5562.36	2938.51	4867.21	3951.36	8870.50	3150.53	7419.75	9488.48	16.23	6180.43	7248.82	9147.71	11622.89	10733.51	14645.30	7155.87	1524.90	7439.68	6493.31	4558.26	5119.92	19712.78	2584.93	9339.76	14290.15	4980.59	20052.64	14157.39	37891.94	73509.77	73509.77
249	1126.17	19149.06	19149.06	21600.69	41462.99	91634.41	33438.22	11409.28	3000.98	5401.85	2727.22	2217.66	2923.76	1867.14	1226.34	1656.24	2176.78	738.29	3221.43	1271.01	3041.80	4580.88	4404.36	8.19	4544.18	1623.31	9979.69	24614.53	29277.43	4732.20	3532.39	2726.99	28863.12	3943.33	1619.09	2296.37	1988.09	3067.72	2144.74	2355.33	4003.45	17065.90	12003.39	5121.03	6476.80	6476.80
250	1129.34	96862.91	96862.91	23429.82	13401.89	13435.23	2743.35	5463.87	5973.72	4963.39	16939.93	10344.17	4873.99	2021.39	2202.84	1419.87	3277.74	1293.81	1442.47	1724.93	960.83	1306.81	1085.85	5.52	1161.63	965.67	1985.54	3948.22	5176.12	4190.50	4984.77	2397.20	1421.47	1133.54	1650.32	1942.96	2217.11	1913.26	2873.44	3938.76	8071.33	16649.80	313720.80	56289.91	51693.84	51693.84
251	1132.51	6583.21	6583.21	2576.96	1071.55	938.84	719.23	741.39	1021.15	6949.94	985.06	543.11	935.77	1258.70	20752.01	1586.50	485.99	513.12	568.60	548.54	608.08	328.79	438.25	2.31	400.34	549.08	492.03	493.52	546.95	590.93	659.24	933.01	3633.36	1089.25	1354.75	1425.07	2508.36	22055.98	2681.73	1552.30	1993.58	2332.81	2530.49	12728.47	27194.48	27194.48
252	1135.67	19493.09	19493.09	11433.00	10203.79	8452.10	14052.56	18027.68	54374.77	12558.29	5158.95	5410.29	5507.40	5167.59	13102.72	30320.30	45373.20	3969.60	3520.39	6411.47	3728.75	3246.64	4000.79	7.97	1927.23	1623.62	1900.01	3257.20	2739.06	2518.83	5081.67	3483.85	2325.36	654.78	1677.06	2079.04	2314.50	1825.01	1396.04	3087.34	2967.83	2323.25	4089.34	5135.18	11957.83	11957.83
253	1138.84	5872.67	5872.67	3180.60	1835.72	1534.50	1107.56	1175.37	789.04	1132.00	658.29	719.88	993.81	1535.33	7602.76	3671.28	1438.92	1038.43	1315.18	746.65	673.57	539.04	711.88	2.30	686.75	322.01	538.31	558.93	908.64	990.67	895.91	571.12	679.23	1154.14	782.96	2216.30	2653.82	3473.77	7199.27	46996.98	11180.36	5781.21	7199.19	5916.33	13575.11	13575.11
254	1142.00	36761.49	36761.49	8494.41	6228.01	1043.82	2291.91	2677.33	782.77	2801.37	4631.17	1578.65	4964.36	2776.41	6896.59	5488.96	7828.70	4589.49	9198.91	5953.55	6870.21	5633.92	2552.78	10.75	5692.97	7367.23	2886.17	2879.77	2417.98	1382.31	1932.30	2757.16	1956.39	1588.07	5531.61	3506.81	3359.76	689.93	853.52	605.61	882.97	677.72	1582.27	10356.42	11926.77	11926.77
255	1145.16	1512.83	1512.83	929.68	489.53	431.35	307.36	338.75	273.61	171.99	186.72	198.23	143.93	146.92	108.47	123.55	134.79	105.79	156.00	121.02	117.80	109.06	122.02	0.63	138.19	131.97	130.61	137.13	129.91	112.63	122.91	130.39	120.51	173.12	176.01	188.40	181.93	159.75	223.26	253.16	319.62	371.08	367.59	559.67	1328.44	1328.44
[END_OF_UNCERTAINTY]
